case_id,total_volume,tx_count,max_amount,min_amount,mean_amount,std_amount,velocity_tx_per_min,time_span_sec,min_inter_arrival_sec,mean_inter_arrival_sec,std_inter_arrival_sec,rapid_tx_count,burst_ratio,num_nodes,num_edges,max_fan_in,max_fan_out,mean_fan_in,mean_fan_out,sources_only_count,sinks_only_count,convergence_ratio,max_betweenness,mean_betweenness,hop_depth,zone_a_frac,zone_b_frac,zone_c_frac,num_zones_active,ft_investment_scam,ft_digital_arrest,ft_fake_payment_gateway,ft_legitimate_business,account_reuse_ratio,amount_cv,max_to_mean_amount_ratio,recurring_amount_ratio,distinct_device_count,device_consistency_ratio,business_hours_ratio,hour_of_day_std,max_zone_distance_km,current_state,network_risk,predicted_next_action,intervention_priority,potential_exposure_inr,fraud_type,is_fraud
TRAIN-0001,3751058.43,17,423590.96,62313.45,220650.49588235296,119170.2415001477,0.56353591160221,1810.0,38.0,113.125,83.22008972197358,7,0.4375,18,17,6,4,0.9444444444444444,0.9444444444444444,6,7,0.05555555555555555,0.2426470588235294,0.023488562091503268,3,0.0,0.6470588235294118,0.35294117647058826,2,1,0,0,0,1.545,0.54,1.92,0.176,14,0.188,1.0,0.243,1654.8,layering,0.89,further_layering,HIGH,1250353.0,investment_scam,1
TRAIN-0002,3982962.55,25,796592.51,44962.46,159318.50199999998,164333.42503014227,0.999333777481679,1501.0,5.0,62.541666666666664,31.814652307533954,12,0.5,18,25,9,3,1.3888888888888888,1.3888888888888888,3,1,0.1111111111111111,0.15441176470588236,0.023692810457516342,5,0.0,1.0,0.0,1,1,0,0,0,1.471,1.031,5.0,0.24,19,0.25,1.0,0.0,0.0,cashout_prep,0.93,further_layering,HIGH,796593.0,investment_scam,1
TRAIN-0003,3703558.13,19,499677.11,59860.79,194924.11210526316,145107.69275718715,0.8419497784342689,1354.0,25.0,75.22222222222223,29.667878362564917,5,0.2777777777777778,14,19,7,3,1.3571428571428572,1.3571428571428572,2,1,0.07142857142857142,0.14102564102564102,0.023809523809523805,4,0.15789473684210525,0.8421052631578947,0.0,2,1,0,0,0,1.462,0.744,2.563,0.316,15,0.222,1.0,0.0,1303.8,consolidation,0.89,further_layering,HIGH,925890.0,investment_scam,1
TRAIN-0004,1674735.2100000002,10,309200.7,51595.56,167473.521,84640.86969216421,1.0033444816053512,598.0,20.0,66.44444444444444,23.000603856807277,2,0.2222222222222222,11,10,4,2,0.9090909090909091,0.9090909090909091,4,4,0.09090909090909091,0.26666666666666666,0.044444444444444446,3,0.0,0.7,0.3,2,1,0,0,0,1.429,0.505,1.846,0.2,8,0.222,1.0,0.316,1654.8,layering,0.84,external_transfer,HIGH,558245.0,investment_scam,1
TRAIN-0005,1351336.4900000002,4,491517.36,229855.27,337834.12250000006,111720.42445148109,0.933852140077821,257.0,22.0,85.66666666666667,80.38863933002806,2,0.6666666666666666,5,4,4,1,0.8,0.8,4,1,0.2,0.0,0.0,1,1.0,0.0,0.0,1,1,0,0,0,1.0,0.331,1.455,0.25,4,0.0,0.0,0.0,0.0,collection,0.78,cashout,MEDIUM,1351336.0,investment_scam,1
TRAIN-0006,1179819.4200000002,4,431606.88,185145.02,294954.85500000004,126690.38801924043,0.3116883116883117,770.0,194.0,256.6666666666667,54.85739087245522,0,0.0,5,4,4,1,0.8,0.8,4,1,0.2,0.0,0.0,1,0.0,0.75,0.25,2,1,0,0,0,1.0,0.43,1.463,0.5,4,0.0,0.0,0.0,1654.8,collection,0.64,external_transfer,MEDIUM,1179819.0,investment_scam,1
TRAIN-0007,1310149.07,4,418290.56,151088.3,327537.2675,120642.30701292903,0.5568445475638051,431.0,2.0,143.66666666666666,124.07390270856048,1,0.3333333333333333,5,4,4,1,0.8,0.8,4,1,0.2,0.0,0.0,1,0.0,1.0,0.0,1,1,0,0,0,1.0,0.368,1.277,0.5,4,0.0,0.0,0.0,0.0,collection,0.68,cashout,MEDIUM,1310149.0,investment_scam,1
TRAIN-0008,8892520.12,35,583919.78,61258.62,254072.0034285714,147514.39275028952,0.7211538461538461,2912.0,21.0,85.6470588235294,57.55939349025606,10,0.29411764705882354,25,35,12,5,1.4,1.4,6,1,0.08,0.1956521739130435,0.015289855072463769,4,0.0,0.7714285714285715,0.22857142857142856,2,1,0,0,0,1.458,0.581,2.298,0.114,31,0.118,0.0,0.284,1654.8,consolidation,0.95,further_layering,HIGH,2223130.0,investment_scam,1
TRAIN-0009,4162262.19,29,446143.99,49737.03,143526.2824137931,104723.2159872273,0.7477438762354964,2327.0,24.0,83.10714285714286,60.771788828866285,13,0.4642857142857143,21,29,10,5,1.380952380952381,1.380952380952381,4,1,0.09523809523809523,0.16842105263157897,0.016165413533834588,4,0.20689655172413793,0.7931034482758621,0.0,2,1,0,0,0,1.45,0.73,3.108,0.138,24,0.179,1.0,0.31,1303.8,consolidation,0.97,further_layering,HIGH,1040566.0,investment_scam,1
TRAIN-0010,7839573.289999999,31,499807.59,68104.25,252889.4609677419,140854.75623663346,0.8140043763676148,2285.0,21.0,76.16666666666667,51.22101086490765,13,0.43333333333333335,23,31,10,5,1.3478260869565217,1.3478260869565217,6,1,0.08695652173913043,0.20779220779220783,0.017410126105778287,4,0.0,0.8709677419354839,0.12903225806451613,2,1,0,0,0,1.409,0.557,1.976,0.129,29,0.067,0.0,0.0,1654.8,consolidation,0.98,further_layering,HIGH,1959893.0,investment_scam,1
TRAIN-0011,112455.17,2,101780.43,10674.74,56227.585,64421.451203679426,0.3921568627450981,306.0,306.0,306.0,0.0,0,0.0,3,2,2,1,0.6666666666666666,0.6666666666666666,2,1,0.0,0.0,0.0,1,0.0,1.0,0.0,1,1,0,0,0,1.0,1.146,1.81,0.5,2,0.0,1.0,0.0,0.0,emerging,0.31,other,LOW,879654.0,investment_scam,1
TRAIN-0012,7670760.0600000005,31,645249.83,45079.76,247443.87290322583,150317.1988723428,0.7979407979407979,2331.0,20.0,77.7,41.293023540344535,11,0.36666666666666664,26,31,6,4,1.1923076923076923,1.1923076923076923,6,3,0.15384615384615385,0.19,0.020384615384615386,5,0.22580645161290322,0.7741935483870968,0.0,2,1,0,0,0,1.348,0.607,2.608,0.129,25,0.2,1.0,0.508,1303.8,cashout_prep,0.99,further_layering,HIGH,1534152.0,investment_scam,1
TRAIN-0013,3207580.13,13,456159.69,77331.28,246736.93307692307,161295.56902600042,0.6660973526900086,1171.0,61.0,97.58333333333333,48.08034626507693,0,0.0,12,13,3,3,1.0833333333333333,1.0833333333333333,3,2,0.08333333333333333,0.21818181818181817,0.044696969696969686,4,0.3076923076923077,0.6923076923076923,0.0,2,1,0,0,0,1.3,0.654,1.849,0.308,12,0.083,0.0,0.0,1303.8,consolidation,0.85,further_layering,HIGH,801895.0,investment_scam,1
TRAIN-0014,2537561.2,7,648057.55,76991.44,362508.7428571429,234387.62196906304,0.4034582132564841,1041.0,108.0,173.5,76.82642774462444,0,0.0,8,7,5,2,0.875,0.875,5,2,0.125,0.23809523809523808,0.02976190476190476,2,0.5714285714285714,0.42857142857142855,0.0,2,1,0,0,0,1.167,0.647,1.788,0.143,6,0.167,1.0,0.0,1303.8,distribution,0.75,external_transfer,MEDIUM,1268781.0,investment_scam,1
TRAIN-0015,1234817.24,5,473633.34,120834.17,246963.448,135238.08067725922,0.3811944091486658,787.0,28.0,196.75,112.68059578590568,1,0.25,6,5,5,1,0.8333333333333334,0.8333333333333334,5,1,0.16666666666666666,0.0,0.0,1,0.4,0.6,0.0,2,1,0,0,0,1.0,0.548,1.918,0.4,5,0.0,1.0,0.0,1303.8,collection,0.69,external_transfer,MEDIUM,1234817.0,investment_scam,1
TRAIN-0016,861422.52,3,350621.68,209375.23,287140.84,71698.54182523728,0.48257372654155495,373.0,160.0,186.5,37.476659402887016,0,0.0,4,3,3,1,0.75,0.75,3,1,0.25,0.0,0.0,1,0.0,1.0,0.0,1,1,0,0,0,1.0,0.25,1.221,0.333,3,0.0,0.0,0.0,0.0,collection,0.65,other,MEDIUM,861423.0,investment_scam,1
TRAIN-0017,2463646.5700000003,11,322904.5,125659.72,223967.87000000002,61506.21969398526,0.5951307484220018,1109.0,75.0,110.9,70.33799352649557,0,0.0,12,11,6,5,0.9166666666666666,0.9166666666666666,6,5,0.08333333333333333,0.2727272727272727,0.022727272727272724,2,0.6363636363636364,0.36363636363636365,0.0,2,1,0,0,0,1.571,0.275,1.442,0.273,9,0.2,1.0,0.0,1303.8,distribution,0.78,further_layering,MEDIUM,1231823.0,investment_scam,1
TRAIN-0018,1225113.4400000002,11,340757.19,27668.2,111373.94909090911,90759.07054661671,0.812807881773399,812.0,30.0,81.2,53.399542236906036,5,0.5,12,11,2,3,0.9166666666666666,0.9166666666666666,2,6,0.0,0.16363636363636364,0.02727272727272727,3,0.0,0.7272727272727273,0.2727272727272727,2,1,0,0,0,1.833,0.815,3.06,0.455,8,0.3,1.0,0.0,1654.8,layering,0.76,further_layering,MEDIUM,408371.0,investment_scam,1
TRAIN-0019,5323307.17,15,550632.37,119413.74,354887.1446666667,157583.1409174882,0.5893909626719057,1527.0,32.0,109.07142857142857,85.42424830106613,7,0.5,16,15,6,4,0.9375,0.9375,6,5,0.0625,0.2571428571428572,0.02648809523809524,3,0.0,1.0,0.0,1,1,0,0,0,1.364,0.444,1.552,0.267,12,0.214,1.0,0.458,0.0,layering,0.87,further_layering,HIGH,1774436.0,investment_scam,1
TRAIN-0020,2430099.42,7,721015.19,57395.91,347157.06,232256.2290570672,0.3984819734345351,1054.0,100.0,175.66666666666666,63.808045469726366,0,0.0,8,7,5,2,0.875,0.875,5,2,0.125,0.23809523809523808,0.02976190476190476,2,0.0,1.0,0.0,1,1,0,0,0,1.167,0.669,2.077,0.143,6,0.167,1.0,0.0,0.0,distribution,0.73,external_transfer,MEDIUM,1215050.0,investment_scam,1
TRAIN-0021,3721592.090000001,17,573456.46,68857.67,218917.18176470592,137707.29745344087,0.6335403726708074,1610.0,36.0,100.625,64.09355141769984,4,0.25,15,17,5,3,1.1333333333333333,1.1333333333333333,5,2,0.13333333333333333,0.24725274725274726,0.03772893772893772,4,0.0,0.5882352941176471,0.4117647058823529,2,1,0,0,0,1.308,0.629,2.62,0.176,15,0.125,1.0,0.0,1654.8,consolidation,0.94,further_layering,HIGH,930398.0,investment_scam,1
TRAIN-0022,911965.19,3,462415.51,178509.59,303988.39666666667,144792.38943021878,0.5538461538461538,325.0,44.0,162.5,167.58430714121175,1,0.5,4,3,3,1,0.75,0.75,3,1,0.25,0.0,0.0,1,0.0,1.0,0.0,1,1,0,0,0,1.0,0.476,1.521,0.333,3,0.0,0.0,0.0,0.0,collection,0.72,cashout,MEDIUM,911965.0,investment_scam,1
TRAIN-0023,2762026.6500000004,9,492355.38,108397.05,306891.85000000003,119876.80982754777,0.4695652173913043,1150.0,37.0,143.75,95.7030377186191,1,0.125,10,9,5,4,0.9,0.9,5,4,0.1,0.2777777777777778,0.02777777777777778,2,0.4444444444444444,0.5555555555555556,0.0,2,1,0,0,0,1.5,0.391,1.604,0.222,7,0.25,1.0,0.0,1303.8,distribution,0.79,further_layering,MEDIUM,1381013.0,investment_scam,1
TRAIN-0024,2532308.8500000006,19,328148.79,30265.1,133279.41315789477,93523.15949224401,0.8102345415778252,1407.0,21.0,78.16666666666667,47.09096328946151,8,0.4444444444444444,20,19,4,4,0.95,0.95,4,11,0.05,0.17543859649122806,0.016812865497076022,3,0.0,0.7894736842105263,0.21052631578947367,2,1,0,0,0,2.111,0.702,2.462,0.158,11,0.444,0.0,0.0,1654.8,layering,0.86,further_layering,HIGH,844103.0,investment_scam,1
TRAIN-0025,5129152.350000001,13,902978.1,123125.92,394550.1807692308,238159.91806096846,0.720887245841035,1082.0,8.0,90.16666666666667,84.93402073838185,5,0.4166666666666667,14,13,6,3,0.9285714285714286,0.9285714285714286,6,5,0.07142857142857142,0.2692307692307692,0.035256410256410256,3,0.0,1.0,0.0,1,1,0,0,0,1.444,0.604,2.289,0.154,12,0.083,0.0,0.0,0.0,layering,0.88,further_layering,HIGH,1709717.0,investment_scam,1
TRAIN-0026,3067497.9299999997,19,367244.72,32317.34,161447.2594736842,90515.98047633051,0.8610271903323263,1324.0,24.0,73.55555555555556,38.03438416860417,8,0.4444444444444444,17,19,3,4,1.1176470588235294,1.1176470588235294,3,3,0.11764705882352941,0.1625,0.022794117647058826,4,0.0,0.7894736842105263,0.21052631578947367,2,1,0,0,0,1.357,0.561,2.275,0.263,14,0.278,1.0,0.0,1654.8,consolidation,0.94,further_layering,HIGH,766874.0,investment_scam,1
TRAIN-0027,1373730.95,5,491758.34,53073.55,274746.19,204910.75835233714,0.6756756756756757,444.0,5.0,111.0,116.26406724922938,2,0.5,6,5,5,1,0.8333333333333334,0.8333333333333334,5,1,0.16666666666666666,0.0,0.0,1,0.0,1.0,0.0,1,1,0,0,0,1.0,0.746,1.79,0.2,5,0.0,1.0,0.0,0.0,collection,0.75,cashout,MEDIUM,1373731.0,investment_scam,1
TRAIN-0028,3235761.5400000005,14,404316.81,45151.49,231125.82428571433,124000.98995205027,0.778498609823911,1079.0,27.0,83.0,66.22059095679128,6,0.46153846153846156,15,14,3,4,0.9333333333333333,0.9333333333333333,3,7,0.06666666666666667,0.18131868131868134,0.022344322344322345,3,0.0,0.7857142857142857,0.21428571428571427,2,1,0,0,0,1.75,0.537,1.749,0.214,10,0.308,1.0,0.0,1654.8,layering,0.86,further_layering,HIGH,1078587.0,investment_scam,1
TRAIN-0029,2418171.67,11,451269.16,64497.79,219833.78818181818,137925.37408454702,0.8811748998664887,749.0,24.0,74.9,34.30403280471069,4,0.4,12,11,3,3,0.9166666666666666,0.9166666666666666,3,6,0.08333333333333333,0.21818181818181817,0.03636363636363636,3,0.18181818181818182,0.8181818181818182,0.0,2,1,0,0,0,1.833,0.627,2.053,0.182,7,0.4,1.0,0.0,1303.8,layering,0.84,further_layering,HIGH,806057.0,investment_scam,1
TRAIN-0030,152605.13,2,130269.23,22335.9,76302.565,76320.38955904542,0.425531914893617,282.0,282.0,282.0,0.0,0,0.0,3,2,2,1,0.6666666666666666,0.6666666666666666,2,1,0.0,0.0,0.0,1,0.5,0.5,0.0,2,1,0,0,0,1.0,1.0,1.707,0.5,2,0.0,0.0,0.0,1303.8,emerging,0.32,other,LOW,522819.0,investment_scam,1
TRAIN-0031,5682096.280000001,16,589594.24,128353.96,355131.0175000001,154313.29458278784,0.5411499436302142,1774.0,29.0,118.26666666666667,72.76720873213885,2,0.13333333333333333,14,16,5,3,1.1428571428571428,1.1428571428571428,5,1,0.14285714285714285,0.2564102564102564,0.03617216117216117,4,0.0,1.0,0.0,1,1,0,0,0,1.231,0.435,1.66,0.188,14,0.133,1.0,0.0,0.0,consolidation,0.91,further_layering,HIGH,1420524.0,investment_scam,1
TRAIN-0032,1402077.14,5,495604.86,151635.76,280415.42799999996,131952.58870610938,0.5253940455341506,571.0,42.0,142.75,84.75995516752,1,0.25,6,5,5,1,0.8333333333333334,0.8333333333333334,5,1,0.16666666666666666,0.0,0.0,1,0.2,0.8,0.0,2,1,0,0,0,1.0,0.471,1.767,0.2,5,0.0,0.0,0.548,1303.8,collection,0.73,external_transfer,MEDIUM,1402077.0,investment_scam,1
TRAIN-0033,1556062.0299999998,4,482661.14,314166.25,389015.50749999995,70016.39729613074,0.6779661016949152,354.0,38.0,118.0,136.8356678647786,2,0.6666666666666666,5,4,4,1,0.8,0.8,4,1,0.2,0.0,0.0,1,0.0,1.0,0.0,1,1,0,0,0,1.0,0.18,1.241,0.5,4,0.0,1.0,0.0,0.0,collection,0.73,cashout,MEDIUM,1556062.0,investment_scam,1
TRAIN-0034,6243273.289999999,15,875877.48,133582.03,416218.21933333325,201582.00780084537,0.804289544235925,1119.0,2.0,79.92857142857143,65.83950682789671,5,0.35714285714285715,15,15,5,2,1.0,1.0,5,2,0.06666666666666667,0.24725274725274726,0.04945054945054945,5,0.0,1.0,0.0,1,1,0,0,0,1.154,0.484,2.104,0.2,15,0.0,1.0,0.0,0.0,cashout_prep,0.9,further_layering,HIGH,1248655.0,investment_scam,1
TRAIN-0035,6962846.4,29,1392569.28,57896.08,240098.15172413795,245893.83429790477,0.8413926499032881,2068.0,24.0,73.85714285714286,45.22840330598092,11,0.39285714285714285,22,29,9,5,1.3181818181818181,1.3181818181818181,5,1,0.09090909090909091,0.1904761904761905,0.02034632034632035,5,0.2413793103448276,0.7586206896551724,0.0,2,1,0,0,0,1.381,1.024,5.8,0.207,24,0.179,0.69,0.471,1303.8,cashout_prep,0.95,further_layering,HIGH,1392569.0,investment_scam,1
TRAIN-0036,4049981.0100000002,29,362046.44,38428.46,139654.5175862069,91666.50728809388,0.7788719785138765,2234.0,4.0,79.78571428571429,34.682002102549816,8,0.2857142857142857,22,29,7,5,1.3181818181818181,1.3181818181818181,4,2,0.13636363636363635,0.16190476190476188,0.01569264069264069,4,0.0,1.0,0.0,1,1,0,0,0,1.45,0.656,2.592,0.207,22,0.25,1.0,0.351,0.0,consolidation,0.93,further_layering,HIGH,1012495.0,investment_scam,1
TRAIN-0037,995118.0499999999,5,402750.39,94808.63,199023.61,128622.56788018055,0.5681818181818181,528.0,103.0,132.0,58.0,0,0.0,6,5,2,3,0.8333333333333334,0.8333333333333334,2,3,0.0,0.30000000000000004,0.05000000000000001,2,0.4,0.6,0.0,2,1,0,0,0,1.667,0.646,2.024,0.2,3,0.5,0.0,0.548,1303.8,distribution,0.6,external_transfer,MEDIUM,497559.0,investment_scam,1
TRAIN-0038,627279.06,2,362313.95,264965.11,313639.53,68836.02490464423,1.7142857142857142,70.0,70.0,70.0,0.0,0,0.0,3,2,2,1,0.6666666666666666,0.6666666666666666,2,1,0.0,0.0,0.0,1,0.0,1.0,0.0,1,1,0,0,0,1.0,0.219,1.155,0.5,2,0.0,1.0,0.0,0.0,collection,0.39,further_layering,LOW,627279.0,investment_scam,1
TRAIN-0039,2896268.2100000004,17,327234.21,60634.99,170368.71823529413,82552.95080696543,0.7721423164269493,1321.0,25.0,82.5625,59.56505547158781,5,0.3125,15,17,4,4,1.1333333333333333,1.1333333333333333,3,2,0.13333333333333333,0.18131868131868134,0.02673992673992675,4,0.23529411764705882,0.7647058823529411,0.0,2,1,0,0,0,1.308,0.485,1.921,0.235,14,0.188,0.0,0.0,1303.8,consolidation,0.96,further_layering,HIGH,724067.0,investment_scam,1
TRAIN-0040,1438209.3900000001,7,315971.31,55642.39,205458.4842857143,102299.35752584861,0.8366533864541832,502.0,15.0,83.66666666666667,35.40997976089038,1,0.16666666666666666,8,7,2,2,0.875,0.875,2,3,0.0,0.23809523809523808,0.05654761904761904,3,0.0,0.7142857142857143,0.2857142857142857,2,1,0,0,0,1.4,0.498,1.538,0.286,5,0.333,1.0,0.0,1654.8,layering,0.69,external_transfer,MEDIUM,479403.0,investment_scam,1
TRAIN-0041,1185616.82,4,421698.65,103730.42,296404.205,136797.83134249377,0.42105263157894735,570.0,44.0,190.0,128.8875478857442,1,0.3333333333333333,5,4,4,1,0.8,0.8,4,1,0.2,0.0,0.0,1,0.0,1.0,0.0,1,1,0,0,0,1.0,0.462,1.423,0.25,4,0.0,1.0,0.577,0.0,collection,0.72,cashout,MEDIUM,1185617.0,investment_scam,1
TRAIN-0042,5133698.84,18,524338.91,67056.69,285205.4911111111,151741.3254673087,0.8188021228203184,1319.0,31.0,77.58823529411765,62.93951344696888,10,0.5882352941176471,19,18,5,5,0.9473684210526315,0.9473684210526315,5,8,0.05263157894736842,0.21241830065359477,0.019435844513243893,3,0.0,1.0,0.0,1,1,0,0,0,1.636,0.532,1.838,0.167,14,0.235,0.0,0.0,0.0,layering,0.89,further_layering,HIGH,1711233.0,investment_scam,1
TRAIN-0043,263419.55,2,172506.01,90913.54,131709.775,57694.58883075995,1.3333333333333333,90.0,90.0,90.0,0.0,0,0.0,3,2,2,1,0.6666666666666666,0.6666666666666666,2,1,0.0,0.0,0.0,1,0.0,1.0,0.0,1,1,0,0,0,1.0,0.438,1.31,0.5,2,0.0,1.0,0.0,0.0,emerging,0.35,other,LOW,1079693.0,investment_scam,1
TRAIN-0044,6197809.82,18,1142361.94,77440.58,344322.7677777778,290173.51242252433,0.5911330049261084,1827.0,27.0,107.47058823529412,63.342440005752486,3,0.17647058823529413,17,18,6,3,1.0588235294117647,1.0588235294117647,6,2,0.11764705882352941,0.24999999999999997,0.04191176470588235,5,0.2222222222222222,0.7777777777777778,0.0,2,1,0,0,0,1.2,0.843,3.318,0.167,17,0.059,1.0,0.323,1303.8,cashout_prep,0.93,external_transfer,HIGH,1239562.0,investment_scam,1
TRAIN-0045,3946654.3,8,1245597.17,210571.5,493331.7875,344704.1781072499,0.6315789473684211,760.0,39.0,108.57142857142857,86.30152015435407,2,0.2857142857142857,9,8,6,2,0.8888888888888888,0.8888888888888888,6,2,0.1111111111111111,0.21428571428571427,0.023809523809523808,2,0.0,0.625,0.375,2,1,0,0,0,1.143,0.699,2.525,0.25,8,0.0,1.0,0.0,1654.8,distribution,0.8,external_transfer,HIGH,1973327.0,investment_scam,1
TRAIN-0046,1058534.94,15,167507.47,20980.52,70568.996,40277.05903936061,0.8272058823529412,1088.0,39.0,77.71428571428571,22.649260716169323,3,0.21428571428571427,13,15,3,3,1.1538461538461537,1.1538461538461537,2,2,0.07692307692307693,0.15151515151515152,0.02972027972027972,4,0.0,1.0,0.0,1,1,0,0,0,1.364,0.571,2.374,0.267,12,0.214,0.0,0.0,0.0,consolidation,0.86,further_layering,HIGH,264634.0,investment_scam,1
TRAIN-0047,3248558.69,9,534592.06,85529.77,360950.96555555554,151375.58409563877,0.5793991416309013,932.0,34.0,116.5,51.37258857740047,1,0.125,10,9,5,4,0.9,0.9,5,4,0.1,0.2777777777777778,0.02777777777777778,2,0.3333333333333333,0.6666666666666666,0.0,2,1,0,0,0,1.5,0.419,1.481,0.222,6,0.375,1.0,0.527,1303.8,distribution,0.78,further_layering,MEDIUM,1624279.0,investment_scam,1
TRAIN-0048,3255664.77,10,658084.38,72180.94,325566.477,201577.61689009125,0.7389162561576355,812.0,35.0,90.22222222222223,73.00133179911475,6,0.6666666666666666,11,10,5,2,0.9090909090909091,0.9090909090909091,5,3,0.09090909090909091,0.2777777777777778,0.043434343434343436,3,0.0,1.0,0.0,1,1,0,0,0,1.25,0.619,2.021,0.2,9,0.111,0.0,0.0,0.0,layering,0.89,further_layering,HIGH,1085222.0,investment_scam,1
TRAIN-0049,404087.06999999995,9,92146.22,11678.48,44898.563333333324,27898.614513331573,1.267605633802817,426.0,10.0,53.25,25.121135097193132,6,0.75,10,9,2,3,0.9,0.9,2,5,0.0,0.19444444444444442,0.04027777777777777,3,0.2222222222222222,0.7777777777777778,0.0,2,1,0,0,0,1.8,0.621,2.052,0.222,7,0.25,0.0,0.0,1303.8,layering,0.8,further_layering,HIGH,134696.0,investment_scam,1
TRAIN-0050,2088689.35,6,498861.09,166741.82,348114.89166666666,106206.81472295635,0.36217303822937624,994.0,45.0,198.8,105.68443594020835,1,0.2,7,6,6,1,0.8571428571428571,0.8571428571428571,6,1,0.14285714285714285,0.0,0.0,1,0.0,0.6666666666666666,0.3333333333333333,2,1,0,0,0,1.0,0.305,1.433,0.5,6,0.0,0.0,0.0,1654.8,collection,0.67,external_transfer,MEDIUM,2088689.0,investment_scam,1
TRAIN-0051,9722821.02,25,1080477.45,82047.08,388912.8408,245726.08986342893,0.8165487207403375,1837.0,22.0,76.54166666666667,53.13393999799135,9,0.375,21,25,6,3,1.1904761904761905,1.1904761904761905,6,2,0.14285714285714285,0.22105263157894736,0.02781954887218045,5,0.0,1.0,0.0,1,1,0,0,0,1.316,0.632,2.778,0.16,20,0.208,0.96,0.2,0.0,cashout_prep,0.94,cashout,HIGH,1944564.0,investment_scam,1
TRAIN-0052,3709225.669999999,13,515638.36,55737.23,285325.05153846147,162573.4268873367,0.6419753086419753,1215.0,38.0,101.25,52.39383204503786,2,0.16666666666666666,12,13,5,2,1.0833333333333333,1.0833333333333333,5,1,0.16666666666666666,0.2727272727272727,0.04696969696969696,4,0.0,1.0,0.0,1,1,0,0,0,1.182,0.57,1.807,0.231,11,0.167,0.615,0.506,0.0,consolidation,0.9,cashout,HIGH,927306.0,investment_scam,1
TRAIN-0053,9714311.190000001,24,1942862.24,198805.95,404762.96625000006,361405.4085925647,0.6980126030053321,2063.0,25.0,89.69565217391305,63.774057694195754,8,0.34782608695652173,19,24,7,3,1.263157894736842,1.263157894736842,6,1,0.10526315789473684,0.23529411764705882,0.029583763329893365,5,0.25,0.75,0.0,2,1,0,0,0,1.333,0.893,4.8,0.208,19,0.217,1.0,0.504,1303.8,cashout_prep,0.92,further_layering,HIGH,1942862.0,investment_scam,1
TRAIN-0054,9172657.7,35,541584.4,95733.02,262075.93428571426,136613.67705472166,0.7106598984771574,2955.0,21.0,86.91176470588235,60.48258835203021,12,0.35294117647058826,25,35,12,5,1.4,1.4,6,1,0.08,0.1956521739130435,0.015289855072463769,4,0.0,1.0,0.0,1,1,0,0,0,1.458,0.521,2.067,0.171,28,0.206,1.0,0.458,0.0,consolidation,0.92,further_layering,HIGH,2293164.0,investment_scam,1
TRAIN-0055,4687938.16,13,1058124.47,53298.76,360610.6276923077,271187.5061976217,0.628525382755842,1241.0,21.0,103.41666666666667,62.6990768865399,3,0.25,14,13,6,3,0.9285714285714286,0.9285714285714286,6,5,0.07142857142857142,0.2692307692307692,0.035256410256410256,3,0.0,1.0,0.0,1,1,0,0,0,1.444,0.752,2.934,0.154,12,0.083,1.0,0.277,0.0,layering,0.85,further_layering,HIGH,1562646.0,investment_scam,1
TRAIN-0056,6881628.65,28,623536.61,105827.88,245772.4517857143,144852.47023583835,0.7493309545049063,2242.0,25.0,83.03703703703704,35.50350089073718,7,0.25925925925925924,24,28,6,3,1.1666666666666667,1.1666666666666667,6,3,0.125,0.20158102766798416,0.024291831357048748,5,0.0,0.7857142857142857,0.21428571428571427,2,1,0,0,0,1.333,0.589,2.537,0.214,25,0.111,0.0,0.497,1654.8,cashout_prep,0.94,further_layering,HIGH,1376326.0,investment_scam,1
TRAIN-0057,1531913.27,5,449227.37,52968.96,306382.654,171256.2874224451,0.5128205128205128,585.0,107.0,146.25,36.763886265373706,0,0.0,6,5,5,1,0.8333333333333334,0.8333333333333334,5,1,0.16666666666666666,0.0,0.0,1,0.0,0.8,0.2,2,1,0,0,0,1.0,0.559,1.466,0.4,5,0.0,1.0,0.0,1654.8,collection,0.66,external_transfer,MEDIUM,1531913.0,investment_scam,1
TRAIN-0058,1298243.5,6,373796.28,58379.02,216373.91666666666,131247.04599657925,0.4945054945054945,728.0,55.0,145.6,92.41915385892689,1,0.2,7,6,6,1,0.8571428571428571,0.8571428571428571,6,1,0.14285714285714285,0.0,0.0,1,0.0,0.5,0.5,2,1,0,0,0,1.0,0.607,1.728,0.167,6,0.0,1.0,0.0,1654.8,collection,0.72,external_transfer,MEDIUM,1298243.0,investment_scam,1
TRAIN-0059,136547.91,2,82070.25,54477.66,68273.955,19510.907499500117,0.8275862068965518,145.0,145.0,145.0,0.0,0,0.0,3,2,2,1,0.6666666666666666,0.6666666666666666,2,1,0.0,0.0,0.0,1,0.0,0.0,1.0,1,1,0,0,0,1.0,0.286,1.202,0.5,2,0.0,1.0,0.0,0.0,emerging,0.32,other,LOW,1762238.0,investment_scam,1
TRAIN-0060,1110297.6,5,313416.58,138445.78,222059.52000000002,63675.48711111993,0.7894736842105263,380.0,59.0,95.0,72.0,3,0.75,6,5,2,3,0.8333333333333334,0.8333333333333334,2,3,0.0,0.30000000000000004,0.05000000000000001,2,0.0,1.0,0.0,1,1,0,0,0,1.667,0.287,1.411,0.2,3,0.5,1.0,0.0,0.0,distribution,0.69,further_layering,MEDIUM,555149.0,investment_scam,1
TRAIN-0061,2048147.58,10,420464.96,69418.05,204814.758,126288.43886802296,0.8450704225352113,710.0,24.0,78.88888888888889,52.78599351258922,4,0.4444444444444444,11,10,2,3,0.9090909090909091,0.9090909090909091,2,6,0.0,0.17777777777777778,0.03434343434343434,3,0.4,0.6,0.0,2,1,0,0,0,2.0,0.617,2.053,0.2,6,0.444,1.0,0.0,1303.8,layering,0.77,further_layering,MEDIUM,682716.0,investment_scam,1
TRAIN-0062,1849540.16,5,480519.21,226477.13,369908.032,122993.15056595152,0.7936507936507937,378.0,48.0,94.5,93.0,3,0.75,6,5,2,3,0.8333333333333334,0.8333333333333334,2,3,0.0,0.30000000000000004,0.05000000000000001,2,0.0,0.2,0.8,2,1,0,0,0,1.667,0.332,1.299,0.4,4,0.25,0.0,0.0,1654.8,distribution,0.7,further_layering,MEDIUM,924770.0,investment_scam,1
TRAIN-0063,2785254.2399999998,22,381700.51,48155.21,126602.46545454544,82261.11621607789,0.88,1500.0,21.0,71.42857142857143,52.947683073550465,11,0.5238095238095238,16,22,8,3,1.375,1.375,3,1,0.125,0.17142857142857143,0.02351190476190476,4,0.0,1.0,0.0,1,1,0,0,0,1.467,0.65,3.015,0.182,17,0.238,1.0,0.0,0.0,consolidation,0.95,cashout,HIGH,696314.0,investment_scam,1
TRAIN-0064,5401024.590000001,11,1004585.26,85283.38,491002.23545454553,276136.42396697495,0.6238185255198488,1058.0,32.0,105.8,73.0810813031967,3,0.3,12,11,6,2,0.9166666666666666,0.9166666666666666,6,3,0.08333333333333333,0.2727272727272727,0.03863636363636363,3,0.0,0.5454545454545454,0.45454545454545453,2,1,0,0,0,1.222,0.562,2.046,0.182,9,0.2,1.0,0.467,1654.8,layering,0.84,external_transfer,HIGH,1800342.0,investment_scam,1
TRAIN-0065,3973509.1899999995,9,880914.74,245739.82,441501.02111111104,204128.54489000843,0.5986696230598669,902.0,68.0,112.75,64.40885032353862,0,0.0,10,9,6,3,0.9,0.9,6,3,0.1,0.25,0.025,2,0.0,0.5555555555555556,0.4444444444444444,2,1,0,0,0,1.286,0.462,1.995,0.111,7,0.25,1.0,0.0,1654.8,distribution,0.78,external_transfer,MEDIUM,1986755.0,investment_scam,1
TRAIN-0066,2357998.33,21,290736.84,33274.8,112285.63476190476,67500.20418551004,0.6395939086294415,1970.0,28.0,98.5,60.76746012897294,5,0.25,22,21,6,5,0.9545454545454546,0.9545454545454546,6,10,0.045454545454545456,0.2142857142857143,0.017316017316017316,3,0.0,1.0,0.0,1,1,0,0,0,1.75,0.601,2.589,0.143,16,0.25,0.0,0.218,0.0,layering,0.84,further_layering,HIGH,785999.0,investment_scam,1
TRAIN-0067,1948169.44,6,440447.83,195656.39,324694.9066666667,97709.98085772379,0.3582089552238806,1005.0,94.0,201.0,87.58995376183276,0,0.0,7,6,6,1,0.8571428571428571,0.8571428571428571,6,1,0.14285714285714285,0.0,0.0,1,0.0,1.0,0.0,1,1,0,0,0,1.0,0.301,1.356,0.333,6,0.0,1.0,0.0,0.0,collection,0.65,external_transfer,MEDIUM,1948169.0,investment_scam,1
TRAIN-0068,5841654.240000001,19,801346.68,94439.11,307455.4863157895,171948.70148396608,0.8166189111747851,1396.0,20.0,77.55555555555556,62.57816027809424,7,0.3888888888888889,17,19,5,3,1.1176470588235294,1.1176470588235294,5,3,0.11764705882352941,0.22916666666666666,0.0321078431372549,4,0.0,0.8947368421052632,0.10526315789473684,2,1,0,0,0,1.357,0.559,2.606,0.211,17,0.111,0.0,0.0,1654.8,consolidation,0.95,further_layering,HIGH,1460414.0,investment_scam,1
TRAIN-0069,963212.84,4,450331.41,162435.61,240803.21,140049.56396053123,0.31537450722733246,761.0,171.0,253.66666666666666,71.5914333795136,0,0.0,5,4,4,1,0.8,0.8,4,1,0.2,0.0,0.0,1,0.75,0.25,0.0,2,1,0,0,0,1.0,0.582,1.87,0.5,4,0.0,0.0,0.0,1303.8,collection,0.64,external_transfer,MEDIUM,963213.0,investment_scam,1
TRAIN-0070,2398324.75,12,378809.7,100855.25,199860.39583333334,89295.81258917306,0.7843137254901961,918.0,36.0,83.45454545454545,45.31084558108276,2,0.18181818181818182,12,12,2,2,1.0,1.0,2,2,0.0,0.16363636363636364,0.05227272727272727,5,0.0,0.9166666666666666,0.08333333333333333,2,1,0,0,0,1.2,0.447,1.895,0.25,10,0.182,1.0,0.289,1654.8,cashout_prep,0.8,further_layering,HIGH,479665.0,investment_scam,1
TRAIN-0071,6523957.89,24,506849.93,53661.47,271831.57875,184977.97757181287,0.9073724007561437,1587.0,9.0,69.0,33.03441731395799,11,0.4782608695652174,20,24,6,4,1.2,1.2,6,2,0.1,0.22807017543859648,0.02353801169590643,4,0.0,1.0,0.0,1,1,0,0,0,1.333,0.68,1.865,0.25,20,0.174,1.0,0.495,0.0,consolidation,0.95,further_layering,HIGH,1630989.0,investment_scam,1
TRAIN-0072,1966323.7100000002,5,470195.84,173208.27,393264.742,126265.25059037411,0.7614213197969544,394.0,13.0,98.5,78.34326178215116,1,0.25,6,5,5,1,0.8333333333333334,0.8333333333333334,5,1,0.16666666666666666,0.0,0.0,1,0.0,1.0,0.0,1,1,0,0,0,1.0,0.321,1.196,0.6,5,0.0,1.0,0.0,0.0,collection,0.66,cashout,MEDIUM,1966324.0,investment_scam,1
TRAIN-0073,142859.51,2,85486.18,57373.33,71429.755,19878.786873480225,0.20100502512562815,597.0,597.0,597.0,0.0,0,0.0,3,2,2,1,0.6666666666666666,0.6666666666666666,2,1,0.0,0.0,0.0,1,0.0,1.0,0.0,1,1,0,0,0,1.0,0.278,1.197,0.5,2,0.0,0.0,0.707,0.0,emerging,0.3,other,LOW,1115815.0,investment_scam,1
TRAIN-0074,1640594.6900000002,12,273157.17,47858.31,136716.22416666668,65524.22497641651,1.0827067669172932,665.0,26.0,60.45454545454545,32.91007030185027,5,0.45454545454545453,11,12,3,3,1.0909090909090908,1.0909090909090908,2,2,0.09090909090909091,0.17777777777777778,0.04242424242424243,4,0.0,1.0,0.0,1,1,0,0,0,1.333,0.479,1.998,0.333,10,0.182,0.0,0.0,0.0,consolidation,0.9,further_layering,HIGH,410149.0,investment_scam,1
TRAIN-0075,5545439.25,13,796908.22,52587.75,426572.25,215874.0421411411,0.5591397849462365,1395.0,28.0,116.25,90.14344629029283,4,0.3333333333333333,13,13,5,2,1.0,1.0,5,2,0.07692307692307693,0.26515151515151514,0.04662004662004661,4,0.0,0.7692307692307693,0.23076923076923078,2,1,0,0,0,1.182,0.506,1.868,0.385,12,0.083,1.0,0.0,1654.8,consolidation,0.87,external_transfer,HIGH,1386360.0,investment_scam,1
TRAIN-0076,7765839.24,18,1276423.01,154724.74,431435.51333333337,238105.0971640622,0.5702217529039071,1894.0,23.0,111.41176470588235,71.0273352515859,3,0.17647058823529413,16,18,6,3,1.125,1.125,6,2,0.125,0.2571428571428572,0.03571428571428571,4,0.0,1.0,0.0,1,1,0,0,0,1.286,0.552,2.959,0.222,16,0.118,1.0,0.0,0.0,consolidation,0.9,further_layering,HIGH,1941460.0,investment_scam,1
TRAIN-0077,4714815.130000001,21,422507.81,114482.77,224515.00619047624,108230.2854854097,0.8737864077669902,1442.0,23.0,72.1,52.02620797049765,12,0.6,17,21,6,3,1.2352941176470589,1.2352941176470589,4,2,0.11764705882352941,0.2,0.02622549019607843,4,0.19047619047619047,0.8095238095238095,0.0,2,1,0,0,0,1.4,0.482,1.882,0.238,17,0.2,1.0,0.512,1303.8,consolidation,0.97,cashout,HIGH,1178704.0,investment_scam,1
TRAIN-0078,890199.72,4,315741.18,157358.88,222549.93,77688.96743924884,0.3791469194312796,633.0,120.0,211.0,86.85044617041412,0,0.0,5,4,4,1,0.8,0.8,4,1,0.2,0.0,0.0,1,0.0,1.0,0.0,1,1,0,0,0,1.0,0.349,1.419,0.5,4,0.0,1.0,0.0,0.0,collection,0.62,other,MEDIUM,890200.0,investment_scam,1
TRAIN-0079,4731538.859999999,16,666391.36,64846.59,295721.17874999996,184358.8436808717,0.7228915662650602,1328.0,22.0,88.53333333333333,74.42049128976188,7,0.4666666666666667,17,16,5,3,0.9411764705882353,0.9411764705882353,5,8,0.058823529411764705,0.22916666666666666,0.025245098039215683,3,0.3125,0.6875,0.0,2,1,0,0,0,1.778,0.623,2.253,0.188,11,0.333,0.0,0.0,1303.8,layering,0.85,further_layering,HIGH,1577180.0,investment_scam,1
TRAIN-0080,1908857.85,6,490205.05,215136.51,318142.97500000003,100210.97387642467,0.48648648648648646,740.0,39.0,148.0,107.93979803575695,2,0.4,7,6,6,1,0.8571428571428571,0.8571428571428571,6,1,0.14285714285714285,0.0,0.0,1,0.0,1.0,0.0,1,1,0,0,0,1.0,0.315,1.541,0.333,6,0.0,1.0,0.0,0.0,collection,0.71,cashout,MEDIUM,1908858.0,investment_scam,1
TRAIN-0081,5759698.120000001,13,850333.13,73228.95,443053.7015384616,213690.8531323883,0.7823470411233701,997.0,38.0,83.08333333333333,52.45510345798471,4,0.3333333333333333,13,13,5,2,1.0,1.0,5,2,0.07692307692307693,0.26515151515151514,0.04662004662004661,4,0.0,1.0,0.0,1,1,0,0,0,1.182,0.482,1.919,0.231,12,0.083,1.0,0.0,0.0,consolidation,0.89,further_layering,HIGH,1439925.0,investment_scam,1
TRAIN-0082,4241893.78,21,537067.28,60224.83,201994.94190476192,120761.71837244296,0.7914572864321607,1592.0,6.0,79.6,49.730219553528066,8,0.4,17,21,4,3,1.2352941176470589,1.2352941176470589,4,2,0.17647058823529413,0.2,0.026470588235294114,4,0.19047619047619047,0.8095238095238095,0.0,2,1,0,0,0,1.4,0.598,2.659,0.19,18,0.15,0.0,0.507,1303.8,consolidation,0.98,cashout,HIGH,1060473.0,investment_scam,1
TRAIN-0083,2806192.26,9,481470.75,183956.84,311799.13999999996,93795.51265234308,0.6683168316831684,808.0,54.0,101.0,46.67210852624632,1,0.125,10,9,4,5,0.9,0.9,4,5,0.1,0.2777777777777778,0.02777777777777778,2,0.0,1.0,0.0,1,1,0,0,0,1.8,0.301,1.544,0.222,6,0.375,1.0,0.441,0.0,distribution,0.76,further_layering,MEDIUM,1403096.0,investment_scam,1
TRAIN-0084,1069381.61,3,463108.58,262048.84,356460.5366666667,101086.84828911739,0.9523809523809524,189.0,32.0,94.5,88.38834764831844,1,0.5,4,3,3,1,0.75,0.75,3,1,0.25,0.0,0.0,1,0.0,1.0,0.0,1,1,0,0,0,1.0,0.284,1.299,0.333,3,0.0,0.0,0.0,0.0,collection,0.74,cashout,MEDIUM,1069382.0,investment_scam,1
TRAIN-0085,3713707.53,11,570791.35,111798.23,337609.77545454545,130984.59326360199,0.5378973105134475,1227.0,45.0,122.7,81.47535414671931,2,0.2,12,11,6,5,0.9166666666666666,0.9166666666666666,6,5,0.08333333333333333,0.2727272727272727,0.022727272727272724,2,0.0,1.0,0.0,1,1,0,0,0,1.571,0.388,1.691,0.182,7,0.4,1.0,0.467,0.0,distribution,0.78,further_layering,MEDIUM,1856854.0,investment_scam,1
TRAIN-0086,1036932.8200000001,4,340187.38,178279.03,259233.20500000002,71268.11345040011,0.5620608899297425,427.0,76.0,142.33333333333334,114.89270356873553,0,0.0,5,4,2,2,0.8,0.8,2,2,0.0,0.3333333333333333,0.06666666666666667,2,0.0,0.5,0.5,2,1,0,0,0,1.333,0.275,1.312,0.25,3,0.333,0.5,0.577,1654.8,distribution,0.59,external_transfer,MEDIUM,518466.0,investment_scam,1
TRAIN-0087,4302792.56,34,324245.1,32480.92,126552.72235294117,77558.77101269044,0.8085612366230678,2523.0,20.0,76.45454545454545,42.37045765410355,12,0.36363636363636365,25,34,9,5,1.36,1.36,5,2,0.12,0.17210144927536233,0.014420289855072465,4,0.0,1.0,0.0,1,1,0,0,0,1.478,0.613,2.562,0.118,26,0.242,1.0,0.239,0.0,consolidation,0.95,further_layering,HIGH,1075698.0,investment_scam,1
TRAIN-0088,3502753.84,16,381969.16,59667.03,218922.115,95541.84661774301,0.5783132530120482,1660.0,35.0,110.66666666666667,64.62824091532681,3,0.2,16,16,5,3,1.0,1.0,5,3,0.0625,0.2380952380952381,0.03392857142857143,4,0.0,0.625,0.375,2,1,0,0,0,1.231,0.436,1.745,0.312,15,0.067,1.0,0.512,1654.8,consolidation,0.88,further_layering,HIGH,875688.0,investment_scam,1
TRAIN-0089,3820358.24,14,630129.75,60146.89,272882.73142857145,215543.26845035498,0.6552262090483619,1282.0,28.0,98.61538461538461,51.52432833386972,3,0.23076923076923078,12,14,4,3,1.1666666666666667,1.1666666666666667,4,1,0.16666666666666666,0.2545454545454545,0.04545454545454545,4,0.0,1.0,0.0,1,1,0,0,0,1.273,0.79,2.309,0.214,12,0.154,1.0,0.0,0.0,consolidation,0.93,cashout,HIGH,955090.0,investment_scam,1
TRAIN-0090,3823380.34,16,497449.83,80026.17,238961.27125,128830.78625178317,0.9746192893401014,985.0,8.0,65.66666666666667,38.90954100156388,8,0.5333333333333333,17,16,4,4,0.9411764705882353,0.9411764705882353,4,8,0.058823529411764705,0.2,0.021568627450980392,3,0.0,0.75,0.25,2,1,0,0,0,1.778,0.539,2.082,0.188,10,0.4,0.0,0.403,1654.8,layering,0.88,further_layering,HIGH,1274460.0,investment_scam,1
TRAIN-0091,763681.54,2,402813.38,360868.16,381840.77,29659.749500361617,0.45801526717557256,262.0,262.0,262.0,0.0,0,0.0,3,2,2,1,0.6666666666666666,0.6666666666666666,2,1,0.0,0.0,0.0,1,0.0,1.0,0.0,1,1,0,0,0,1.0,0.078,1.055,0.5,2,0.0,0.0,0.0,0.0,collection,0.35,other,LOW,763682.0,investment_scam,1
TRAIN-0092,5889099.359999999,23,476956.22,90850.69,256047.79826086955,128412.97275398081,0.7565789473684211,1824.0,21.0,82.9090909090909,56.0806469384846,7,0.3181818181818182,19,23,5,5,1.2105263157894737,1.2105263157894737,4,2,0.10526315789473684,0.18300653594771243,0.020123839009287926,4,0.0,1.0,0.0,1,1,0,0,0,1.353,0.502,1.863,0.174,19,0.182,1.0,0.209,0.0,consolidation,0.94,further_layering,HIGH,1472275.0,investment_scam,1
TRAIN-0093,6947351.800000002,31,450369.22,100197.15,224108.12258064523,90750.7463045351,0.661215783860647,2813.0,22.0,93.76666666666667,58.98841694208562,7,0.23333333333333334,24,31,8,5,1.2916666666666667,1.2916666666666667,6,2,0.08333333333333333,0.20158102766798416,0.01704545454545454,4,0.0,0.8064516129032258,0.1935483870967742,2,1,0,0,0,1.409,0.405,2.01,0.194,25,0.2,1.0,0.486,1654.8,consolidation,0.92,further_layering,HIGH,1736838.0,investment_scam,1
TRAIN-0094,1131595.1500000001,13,235597.27,23079.58,87045.78076923078,60567.02916212823,1.5885947046843176,491.0,14.0,40.916666666666664,22.605141544401445,9,0.75,14,13,2,3,0.9285714285714286,0.9285714285714286,2,8,0.0,0.14102564102564102,0.02106227106227106,3,0.15384615384615385,0.8461538461538461,0.0,2,1,0,0,0,2.167,0.696,2.707,0.231,9,0.333,1.0,0.0,1303.8,layering,0.85,further_layering,HIGH,377198.0,investment_scam,1
TRAIN-0095,5443065.66,21,656657.69,100832.61,259193.60285714286,121007.38123253846,0.8020369191597708,1571.0,17.0,78.55,53.22689763248415,8,0.4,17,21,6,3,1.2352941176470589,1.2352941176470589,6,1,0.11764705882352941,0.25,0.029166666666666664,4,0.2857142857142857,0.7142857142857143,0.0,2,1,0,0,0,1.312,0.467,2.533,0.143,16,0.25,1.0,0.0,1303.8,consolidation,0.95,further_layering,HIGH,1360766.0,investment_scam,1
TRAIN-0096,1921629.69,9,364209.12,120138.7,213514.41,80144.57482716265,0.6887755102040817,784.0,47.0,98.0,59.30791322773523,2,0.25,10,9,3,2,0.9,0.9,3,4,0.1,0.25,0.04722222222222222,3,0.0,1.0,0.0,1,1,0,0,0,1.5,0.375,1.706,0.222,7,0.25,1.0,0.0,0.0,layering,0.79,further_layering,MEDIUM,640543.0,investment_scam,1
TRAIN-0097,4091768.07,13,570395.85,70480.34,314751.39,171228.4128155348,0.7065217391304348,1104.0,22.0,92.0,76.00358843203033,7,0.5833333333333334,14,13,6,3,0.9285714285714286,0.9285714285714286,6,4,0.07142857142857142,0.2692307692307692,0.032051282051282055,3,0.0,1.0,0.0,1,1,0,0,0,1.3,0.544,1.812,0.154,12,0.083,0.0,0.0,0.0,layering,0.9,further_layering,HIGH,1363923.0,investment_scam,1
TRAIN-0098,1254820.6,8,356590.56,59489.3,156852.575,103534.90973888952,0.5707491082045184,841.0,71.0,120.14285714285714,57.464274615998214,0,0.0,9,8,2,3,0.8888888888888888,0.8888888888888888,2,4,0.0,0.21428571428571427,0.047619047619047616,3,0.0,0.625,0.375,2,1,0,0,0,1.6,0.66,2.273,0.25,6,0.286,1.0,0.0,1654.8,layering,0.7,further_layering,MEDIUM,418274.0,investment_scam,1
TRAIN-0099,74131.09,2,62282.1,11848.99,37065.545,35661.594077327085,0.23809523809523808,504.0,504.0,504.0,0.0,0,0.0,3,2,2,1,0.6666666666666666,0.6666666666666666,2,1,0.0,0.0,0.0,1,0.0,1.0,0.0,1,1,0,0,0,1.0,0.962,1.68,0.5,2,0.0,1.0,0.0,0.0,emerging,0.3,other,LOW,698997.0,investment_scam,1
TRAIN-0100,1403853.54,5,458243.47,107505.39,280770.708,172803.26452160798,0.3333333333333333,900.0,91.0,225.0,90.61272905429273,0,0.0,6,5,5,1,0.8333333333333334,0.8333333333333334,5,1,0.16666666666666666,0.0,0.0,1,0.0,0.6,0.4,2,1,0,0,0,1.0,0.615,1.632,0.4,5,0.0,1.0,0.0,1654.8,collection,0.66,external_transfer,MEDIUM,1403854.0,investment_scam,1
TRAIN-0101,132324.09,2,118761.35,13562.74,66162.045,74386.65050239896,0.22598870056497175,531.0,531.0,531.0,0.0,0,0.0,3,2,2,1,0.6666666666666666,0.6666666666666666,2,1,0.0,0.0,0.0,1,0.5,0.5,0.0,2,1,0,0,0,1.0,1.124,1.795,0.5,2,0.0,1.0,0.0,1303.8,emerging,0.32,other,LOW,841276.0,investment_scam,1
TRAIN-0102,3693158.3,16,601196.96,52942.4,230822.39375,158843.12118665595,0.6886657101865136,1394.0,41.0,92.93333333333334,54.13140977112571,2,0.13333333333333333,12,16,6,3,1.3333333333333333,1.3333333333333333,2,1,0.08333333333333333,0.16363636363636364,0.03333333333333333,4,0.0,1.0,0.0,1,1,0,0,0,1.455,0.688,2.605,0.25,13,0.2,0.0,0.0,0.0,consolidation,0.86,further_layering,HIGH,923290.0,investment_scam,1
TRAIN-0103,2704736.21,9,387164.44,108093.45,300526.24555555556,94254.37979056478,0.5498981670061099,982.0,58.0,122.75,65.3403178968173,1,0.125,10,9,5,4,0.9,0.9,5,4,0.1,0.2777777777777778,0.02777777777777778,2,0.0,1.0,0.0,1,1,0,0,0,1.5,0.314,1.288,0.444,8,0.125,1.0,0.0,0.0,distribution,0.76,further_layering,MEDIUM,1352368.0,investment_scam,1
TRAIN-0104,4240772.249999999,13,509680.51,97942.01,326213.24999999994,136394.58803069222,0.6398687448728466,1219.0,37.0,101.58333333333333,60.059755597440144,3,0.25,14,13,4,3,0.9285714285714286,0.9285714285714286,4,6,0.07142857142857142,0.23076923076923075,0.030219780219780217,3,0.38461538461538464,0.6153846153846154,0.0,2,1,0,0,0,1.625,0.418,1.562,0.154,10,0.25,0.0,0.0,1303.8,layering,0.85,further_layering,HIGH,1413591.0,investment_scam,1
TRAIN-0105,10976084.99,21,1164783.58,232027.57,522670.71380952385,274863.65657612955,0.7183580387685291,1754.0,14.0,87.7,50.81659488581928,6,0.3,20,21,6,3,1.05,1.05,6,3,0.05,0.22807017543859648,0.03391812865497076,5,0.0,1.0,0.0,1,1,0,0,0,1.235,0.526,2.229,0.143,17,0.2,1.0,0.0,0.0,cashout_prep,0.89,further_layering,HIGH,2195217.0,investment_scam,1
TRAIN-0106,2228133.1100000003,6,471569.29,213572.26,371355.51833333337,114610.97496497503,0.8294930875576036,434.0,34.0,86.8,113.04070063477137,4,0.8,7,6,3,3,0.8571428571428571,0.8571428571428571,3,3,0.14285714285714285,0.3,0.04285714285714286,2,0.0,1.0,0.0,1,1,0,0,0,1.5,0.309,1.27,0.5,4,0.4,1.0,0.0,0.0,distribution,0.76,cashout,MEDIUM,1114067.0,investment_scam,1
TRAIN-0107,3744682.1999999993,14,510217.27,88318.41,267477.29999999993,152195.13613814852,0.6619385342789599,1269.0,23.0,97.61538461538461,86.33707050618375,4,0.3076923076923077,15,14,4,4,0.9333333333333333,0.9333333333333333,4,6,0.06666666666666667,0.2197802197802198,0.025641025641025647,3,0.21428571428571427,0.7857142857142857,0.0,2,1,0,0,0,1.556,0.569,1.908,0.214,11,0.231,1.0,0.0,1303.8,layering,0.87,further_layering,HIGH,1248227.0,investment_scam,1
TRAIN-0108,3948910.3599999994,16,430825.03,113579.53,246806.89749999996,95763.20793113123,0.6258148631029987,1534.0,60.0,102.26666666666667,56.388279768388884,1,0.06666666666666667,13,16,5,3,1.2307692307692308,1.2307692307692308,3,1,0.15384615384615385,0.20454545454545456,0.03379953379953379,4,0.0625,0.9375,0.0,2,1,0,0,0,1.333,0.388,1.746,0.25,12,0.267,1.0,0.25,1303.8,consolidation,0.9,external_transfer,HIGH,987228.0,investment_scam,1
TRAIN-0109,1659835.88,6,391289.45,54213.49,276639.3133333333,129189.30866525957,0.8674698795180723,415.0,41.0,83.0,63.7808748764079,3,0.6,7,6,3,3,0.8571428571428571,0.8571428571428571,3,3,0.14285714285714285,0.3,0.04285714285714286,2,0.0,1.0,0.0,1,1,0,0,0,1.5,0.467,1.414,0.167,6,0.0,1.0,0.0,0.0,distribution,0.84,further_layering,HIGH,829918.0,investment_scam,1
TRAIN-0110,1792191.69,6,447395.87,50879.73,298698.615,137762.55567420818,0.4220398593200469,853.0,41.0,170.6,89.80701531617672,1,0.2,7,6,6,1,0.8571428571428571,0.8571428571428571,6,1,0.14285714285714285,0.0,0.0,1,0.0,0.5,0.5,2,1,0,0,0,1.0,0.461,1.498,0.5,6,0.0,1.0,0.408,1654.8,collection,0.67,external_transfer,MEDIUM,1792192.0,investment_scam,1
TRAIN-0111,1067291.23,6,311769.17,74494.79,177881.87166666667,87087.98331977436,0.8955223880597015,402.0,17.0,80.4,120.66606813847876,4,0.8,7,6,4,2,0.8571428571428571,0.8571428571428571,4,2,0.14285714285714285,0.26666666666666666,0.03809523809523809,2,0.0,1.0,0.0,1,1,0,0,0,1.2,0.49,1.753,0.167,5,0.2,0.0,0.0,0.0,distribution,0.84,cashout,HIGH,533646.0,investment_scam,1
TRAIN-0112,1451538.21,6,354099.25,61687.44,241923.035,129322.57515101017,0.46511627906976744,774.0,30.0,154.8,98.9681767034232,1,0.2,7,6,6,1,0.8571428571428571,0.8571428571428571,6,1,0.14285714285714285,0.0,0.0,1,0.0,1.0,0.0,1,1,0,0,0,1.0,0.535,1.464,0.333,6,0.0,0.0,0.0,0.0,collection,0.68,further_layering,MEDIUM,1451538.0,investment_scam,1
TRAIN-0113,3470735.46,21,489429.85,60735.83,165273.11714285714,124430.5877566712,0.8811188811188811,1430.0,23.0,71.5,46.308462339085786,8,0.4,17,21,4,3,1.2352941176470589,1.2352941176470589,2,2,0.11764705882352941,0.11666666666666667,0.024754901960784313,5,0.047619047619047616,0.9523809523809523,0.0,2,1,0,0,0,1.4,0.753,2.961,0.19,16,0.25,0.0,0.0,1303.8,cashout_prep,0.94,further_layering,HIGH,694147.0,investment_scam,1
TRAIN-0114,5626231.619999999,23,446752.29,68465.05,244618.7660869565,105040.73849187233,0.6015693112467306,2294.0,37.0,104.27272727272727,68.26780724831805,9,0.4090909090909091,19,23,5,4,1.2105263157894737,1.2105263157894737,5,2,0.15789473684210525,0.21241830065359477,0.02356381148950808,4,0.0,0.9130434782608695,0.08695652173913043,2,1,0,0,0,1.353,0.429,1.826,0.261,19,0.182,0.696,0.47,1654.8,consolidation,0.97,further_layering,HIGH,1406558.0,investment_scam,1
TRAIN-0115,3473503.5999999996,12,554183.35,135033.21,289458.6333333333,134852.40699798288,0.7280080889787663,989.0,36.0,89.9090909090909,44.50270676139721,3,0.2727272727272727,10,12,4,2,1.2,1.2,2,1,0.1,0.19444444444444442,0.047222222222222214,4,0.0,1.0,0.0,1,1,0,0,0,1.333,0.466,1.915,0.25,9,0.273,1.0,0.0,0.0,consolidation,0.86,further_layering,HIGH,868376.0,investment_scam,1
TRAIN-0116,1727323.22,19,340834.61,33139.09,90911.74842105263,73795.41814995126,0.9802235597592434,1163.0,21.0,64.61111111111111,36.86723220500173,10,0.5555555555555556,15,19,4,3,1.2666666666666666,1.2666666666666666,2,2,0.13333333333333333,0.13186813186813187,0.02271062271062271,4,0.0,0.8421052631578947,0.15789473684210525,2,1,0,0,0,1.462,0.812,3.749,0.211,14,0.278,0.0,0.375,1654.8,consolidation,0.97,cashout,HIGH,431831.0,investment_scam,1
TRAIN-0117,4775232.230000001,20,619381.82,71899.11,238761.61150000006,147544.57303746874,0.7189934092270821,1669.0,22.0,87.84210526315789,64.7930578910827,8,0.42105263157894735,18,20,6,3,1.1111111111111112,1.1111111111111112,6,3,0.1111111111111111,0.2426470588235294,0.03165849673202614,4,0.0,1.0,0.0,1,1,0,0,0,1.333,0.618,2.594,0.35,18,0.105,0.0,0.0,0.0,consolidation,0.91,further_layering,HIGH,1193808.0,investment_scam,1
TRAIN-0118,879693.0599999999,4,379792.91,142617.85,219923.26499999998,109927.56541085572,0.4928131416837782,487.0,72.0,162.33333333333334,89.5116379770437,0,0.0,5,4,4,1,0.8,0.8,4,1,0.2,0.0,0.0,1,0.0,1.0,0.0,1,1,0,0,0,1.0,0.5,1.727,0.25,4,0.0,0.0,0.0,0.0,collection,0.67,other,MEDIUM,879693.0,investment_scam,1
TRAIN-0119,5778101.069999999,21,500877.01,128144.77,275147.67,134962.76424083373,0.7517899761336515,1676.0,29.0,83.8,63.16944631202985,8,0.4,18,21,5,4,1.1666666666666667,1.1666666666666667,5,2,0.1111111111111111,0.22058823529411767,0.025326797385620915,4,0.0,0.7142857142857143,0.2857142857142857,2,1,0,0,0,1.312,0.491,1.82,0.333,16,0.25,1.0,0.0,1654.8,consolidation,0.93,further_layering,HIGH,1444525.0,investment_scam,1
TRAIN-0120,2207376.33,10,399511.0,119611.78,220737.633,95589.54892549197,0.9523809523809523,630.0,23.0,70.0,34.106451002706216,4,0.4444444444444444,11,10,2,3,0.9090909090909091,0.9090909090909091,2,5,0.0,0.17777777777777778,0.031313131313131314,3,0.0,1.0,0.0,1,1,0,0,0,1.667,0.433,1.81,0.3,8,0.222,1.0,0.0,0.0,layering,0.78,further_layering,MEDIUM,735792.0,investment_scam,1
TRAIN-0121,7379005.93,22,746751.91,105296.72,335409.3604545454,195768.94047798967,0.583812472357364,2261.0,31.0,107.66666666666667,64.9540863482301,3,0.14285714285714285,19,22,6,4,1.1578947368421053,1.1578947368421053,6,2,0.10526315789473684,0.23529411764705882,0.02528379772961816,4,0.2727272727272727,0.7272727272727273,0.0,2,1,0,0,0,1.294,0.584,2.226,0.182,19,0.143,1.0,0.429,1303.8,consolidation,0.93,further_layering,HIGH,1844751.0,investment_scam,1
TRAIN-0122,2597921.2,14,433998.64,76465.84,185565.80000000002,105183.97938332456,0.7954545454545454,1056.0,22.0,81.23076923076923,38.41474076044647,4,0.3076923076923077,12,14,4,3,1.1666666666666667,1.1666666666666667,2,2,0.08333333333333333,0.16363636363636364,0.03636363636363637,4,0.14285714285714285,0.8571428571428571,0.0,2,1,0,0,0,1.4,0.567,2.339,0.143,13,0.077,1.0,0.0,1303.8,consolidation,0.94,further_layering,HIGH,649480.0,investment_scam,1
TRAIN-0123,3312726.6399999997,11,436524.08,111902.43,301156.9672727272,109498.8260558829,0.7104413347685684,929.0,42.0,92.9,81.77401108475044,5,0.5,12,11,6,5,0.9166666666666666,0.9166666666666666,6,5,0.08333333333333333,0.2727272727272727,0.022727272727272724,2,0.0,1.0,0.0,1,1,0,0,0,1.571,0.364,1.449,0.182,9,0.2,1.0,0.0,0.0,distribution,0.85,further_layering,HIGH,1656363.0,investment_scam,1
TRAIN-0124,1224400.26,5,371195.67,106356.4,244880.052,118215.77885581378,0.493421052631579,608.0,2.0,152.0,141.72038197333038,2,0.5,6,5,5,1,0.8333333333333334,0.8333333333333334,5,1,0.16666666666666666,0.0,0.0,1,0.6,0.4,0.0,2,1,0,0,0,1.0,0.483,1.516,0.4,5,0.0,1.0,0.548,1303.8,collection,0.73,cashout,MEDIUM,1224400.0,investment_scam,1
TRAIN-0125,2249682.48,7,489696.39,127221.44,321383.21142857143,138364.17905741843,0.717948717948718,585.0,50.0,97.5,46.68939922509177,1,0.16666666666666666,8,7,4,3,0.875,0.875,4,3,0.125,0.2857142857142857,0.03571428571428571,2,0.0,1.0,0.0,1,1,0,0,0,1.4,0.431,1.524,0.143,5,0.333,1.0,0.378,0.0,distribution,0.76,further_layering,MEDIUM,1124841.0,investment_scam,1
TRAIN-0126,5534165.1,12,993312.47,123819.38,461180.425,285089.8983803447,0.5925925925925926,1215.0,5.0,110.45454545454545,77.77321343028541,4,0.36363636363636365,13,12,6,3,0.9230769230769231,0.9230769230769231,6,4,0.07692307692307693,0.2727272727272727,0.037296037296037296,3,0.0,1.0,0.0,1,1,0,0,0,1.333,0.618,2.154,0.167,9,0.273,1.0,0.0,0.0,layering,0.84,further_layering,HIGH,1844722.0,investment_scam,1
TRAIN-0127,4665489.7299999995,31,473754.65,40642.58,150499.6687096774,100433.2291924484,0.8010335917312661,2322.0,20.0,77.4,34.72810647458834,10,0.3333333333333333,22,31,11,5,1.4090909090909092,1.4090909090909092,4,1,0.09090909090909091,0.1619047619047619,0.014935064935064935,4,0.0967741935483871,0.9032258064516129,0.0,2,1,0,0,0,1.476,0.667,3.148,0.194,24,0.233,1.0,0.502,1303.8,consolidation,0.94,further_layering,HIGH,1166372.0,investment_scam,1
TRAIN-0128,1772349.49,17,266086.86,38994.96,104255.85235294118,62715.13797582063,0.8031496062992125,1270.0,26.0,79.375,28.53973837768431,3,0.1875,14,17,5,3,1.2142857142857142,1.2142857142857142,2,2,0.07142857142857142,0.14102564102564102,0.025641025641025637,4,0.0,1.0,0.0,1,1,0,0,0,1.417,0.602,2.552,0.235,13,0.25,1.0,0.0,0.0,consolidation,0.87,further_layering,HIGH,443087.0,investment_scam,1
TRAIN-0129,105586.25,2,68412.48,37173.77,52793.125,22089.10367652001,0.2891566265060241,415.0,415.0,415.0,0.0,0,0.0,3,2,2,1,0.6666666666666666,0.6666666666666666,2,1,0.0,0.0,0.0,1,0.5,0.5,0.0,2,1,0,0,0,1.0,0.418,1.296,0.5,2,0.0,1.0,0.0,1303.8,emerging,0.32,other,LOW,514219.0,investment_scam,1
TRAIN-0130,3542002.67,17,487613.3,77357.03,208353.0982352941,135852.17897692602,0.8507089241034195,1199.0,4.0,74.9375,46.18003717336457,7,0.4375,18,17,4,4,0.9444444444444444,0.9444444444444444,4,9,0.05555555555555555,0.19117647058823528,0.019812091503267973,3,0.0,0.8235294117647058,0.17647058823529413,2,1,0,0,0,1.889,0.652,2.34,0.176,12,0.312,0.0,0.0,1654.8,layering,0.88,further_layering,HIGH,1180668.0,investment_scam,1
TRAIN-0131,2736116.5600000005,10,507905.55,95175.75,273611.6560000001,152539.26507849083,0.9345794392523366,642.0,21.0,71.33333333333333,59.653164207776946,4,0.4444444444444444,11,10,3,3,0.9090909090909091,0.9090909090909091,3,5,0.09090909090909091,0.23333333333333334,0.04141414141414141,3,0.0,1.0,0.0,1,1,0,0,0,1.667,0.558,1.856,0.2,6,0.444,1.0,0.0,0.0,layering,0.83,further_layering,HIGH,912039.0,investment_scam,1
TRAIN-0132,1222985.26,5,378888.87,179080.79,244597.052,77760.49666048482,1.048951048951049,286.0,52.0,71.5,18.193405398660254,2,0.5,6,5,3,2,0.8333333333333334,0.8333333333333334,3,2,0.16666666666666666,0.30000000000000004,0.05000000000000001,2,0.0,0.2,0.8,2,1,0,0,0,1.25,0.318,1.549,0.4,5,0.0,0.0,0.548,1654.8,distribution,0.8,external_transfer,HIGH,611493.0,investment_scam,1
TRAIN-0133,927893.53,2,490122.24,437771.29,463946.765,37017.7117465579,0.49180327868852464,244.0,244.0,244.0,0.0,0,0.0,3,2,2,1,0.6666666666666666,0.6666666666666666,2,1,0.0,0.0,0.0,1,0.5,0.5,0.0,2,1,0,0,0,1.0,0.08,1.056,0.5,2,0.0,1.0,0.0,1303.8,collection,0.37,external_transfer,LOW,927894.0,investment_scam,1
TRAIN-0134,3046073.01,8,738192.46,160658.65,380759.12625,175432.16984924057,0.64,750.0,1.0,107.14285714285714,103.2641089172622,2,0.2857142857142857,9,8,5,3,0.8888888888888888,0.8888888888888888,5,3,0.1111111111111111,0.26785714285714285,0.02976190476190476,2,0.0,0.75,0.25,2,1,0,0,0,1.333,0.461,1.939,0.375,7,0.143,1.0,0.0,1654.8,distribution,0.78,external_transfer,MEDIUM,1523037.0,investment_scam,1
TRAIN-0135,4462644.25,19,892528.85,84679.38,234876.01315789475,184586.5772089485,0.692588092345079,1646.0,16.0,91.44444444444444,52.85854844574196,6,0.3333333333333333,16,19,5,4,1.1875,1.1875,4,1,0.125,0.20952380952380956,0.03303571428571429,5,0.0,1.0,0.0,1,1,0,0,0,1.267,0.786,3.8,0.263,15,0.222,1.0,0.0,0.0,cashout_prep,0.93,further_layering,HIGH,892529.0,investment_scam,1
TRAIN-0136,959237.2900000002,5,357068.29,122550.35,191847.45800000004,98114.89147801223,0.7228915662650602,415.0,82.0,103.75,14.5,0,0.0,6,5,2,3,0.8333333333333334,0.8333333333333334,2,3,0.0,0.30000000000000004,0.05000000000000001,2,0.0,1.0,0.0,1,1,0,0,0,1.667,0.511,1.861,0.4,3,0.5,0.0,0.0,0.0,distribution,0.56,further_layering,MEDIUM,479619.0,investment_scam,1
TRAIN-0137,2043387.4299999997,15,309430.23,64851.38,136225.82866666664,68347.33746220276,0.7305194805194805,1232.0,33.0,88.0,41.11335175229201,3,0.21428571428571427,16,15,4,4,0.9375,0.9375,4,7,0.0625,0.20952380952380956,0.023511904761904765,3,0.0,0.7333333333333333,0.26666666666666666,2,1,0,0,0,1.667,0.502,2.271,0.2,12,0.214,1.0,0.0,1654.8,layering,0.86,further_layering,HIGH,681129.0,investment_scam,1
TRAIN-0138,2665952.6300000004,15,378434.04,71357.87,177730.17533333335,116447.92856654071,0.7058823529411765,1275.0,24.0,91.07142857142857,71.39754820797343,7,0.5,15,15,5,3,1.0,1.0,5,3,0.06666666666666667,0.24725274725274726,0.039560439560439566,4,0.0,0.8666666666666667,0.13333333333333333,2,1,0,0,0,1.25,0.655,2.129,0.2,12,0.214,0.0,0.0,1654.8,consolidation,0.93,further_layering,HIGH,666488.0,investment_scam,1
TRAIN-0139,4061307.9699999997,10,718115.56,201121.98,406130.79699999996,172109.013130956,0.9302325581395349,645.0,8.0,71.66666666666667,65.005768974761,5,0.5555555555555556,11,10,4,2,0.9090909090909091,0.9090909090909091,4,4,0.09090909090909091,0.26666666666666666,0.044444444444444446,3,0.0,0.6,0.4,2,1,0,0,0,1.429,0.424,1.768,0.2,8,0.222,1.0,0.0,1654.8,layering,0.88,further_layering,HIGH,1353769.0,investment_scam,1
TRAIN-0140,5718338.8,24,1143667.76,42655.43,238264.11666666667,231528.32786045282,0.9005628517823641,1599.0,22.0,69.52173913043478,41.74366534982217,13,0.5652173913043478,18,24,8,4,1.3333333333333333,1.3333333333333333,3,1,0.1111111111111111,0.15441176470588236,0.0232843137254902,5,0.0,1.0,0.0,1,1,0,0,0,1.412,0.972,4.8,0.208,20,0.174,0.0,0.0,0.0,cashout_prep,0.97,further_layering,HIGH,1143668.0,investment_scam,1
TRAIN-0141,7442182.46,27,1488436.49,76710.81,275636.3874074074,272354.30328726355,0.6755629691409507,2398.0,21.0,92.23076923076923,67.25908574597646,8,0.3076923076923077,21,27,8,4,1.2857142857142858,1.2857142857142858,6,1,0.09523809523809523,0.22105263157894736,0.024436090225563905,5,0.0,1.0,0.0,1,1,0,0,0,1.35,0.988,5.4,0.222,25,0.077,0.0,0.192,0.0,cashout_prep,0.93,further_layering,HIGH,1488436.0,investment_scam,1
TRAIN-0142,1582750.9200000002,5,415526.9,242881.06,316550.184,75891.21488064005,1.1627906976744187,258.0,24.0,64.5,27.0,1,0.25,6,5,2,3,0.8333333333333334,0.8333333333333334,2,3,0.0,0.30000000000000004,0.05000000000000001,2,0.6,0.4,0.0,2,1,0,0,0,1.667,0.24,1.313,0.2,4,0.25,0.0,0.0,1303.8,distribution,0.69,external_transfer,MEDIUM,791375.0,investment_scam,1
TRAIN-0143,3417249.78,10,493851.55,69391.44,341724.978,146469.13836734463,0.6779661016949152,885.0,36.0,98.33333333333333,81.96798155377502,4,0.4444444444444444,11,10,3,3,0.9090909090909091,0.9090909090909091,3,4,0.09090909090909091,0.23333333333333334,0.03737373737373737,3,0.0,1.0,0.0,1,1,0,0,0,1.429,0.429,1.445,0.3,9,0.111,1.0,0.0,0.0,layering,0.84,further_layering,HIGH,1139083.0,investment_scam,1
TRAIN-0144,2582533.5199999996,9,428494.15,178776.59,286948.16888888885,87095.55157742694,0.5678233438485805,951.0,43.0,118.875,94.32532988091192,4,0.5,10,9,5,4,0.9,0.9,5,4,0.1,0.2777777777777778,0.02777777777777778,2,0.4444444444444444,0.5555555555555556,0.0,2,1,0,0,0,1.5,0.304,1.493,0.333,7,0.25,0.0,0.0,1303.8,distribution,0.82,further_layering,HIGH,1291267.0,investment_scam,1
TRAIN-0145,1768424.53,10,442948.34,50452.91,176842.453,125244.93486553335,0.6179196704428425,971.0,48.0,107.88888888888889,91.35294801543687,6,0.6666666666666666,11,10,5,5,0.9090909090909091,0.9090909090909091,5,5,0.09090909090909091,0.2777777777777778,0.025252525252525252,2,0.0,0.4,0.6,2,1,0,0,0,1.667,0.708,2.505,0.2,7,0.333,0.0,0.0,1654.8,distribution,0.86,further_layering,HIGH,884212.0,investment_scam,1
TRAIN-0146,260486.59,2,138344.4,122142.19,130243.295,11456.692561208487,0.33707865168539325,356.0,356.0,356.0,0.0,0,0.0,3,2,2,1,0.6666666666666666,0.6666666666666666,2,1,0.0,0.0,0.0,1,0.0,1.0,0.0,1,1,0,0,0,1.0,0.088,1.062,0.5,2,0.0,1.0,0.0,0.0,emerging,0.31,other,LOW,2016070.0,investment_scam,1
TRAIN-0147,1482973.0799999998,19,207598.21,29237.56,78051.2147368421,49229.55140990344,0.7687120701281187,1483.0,23.0,82.38888888888889,31.120522619399807,3,0.16666666666666666,14,19,7,3,1.3571428571428572,1.3571428571428572,2,1,0.07142857142857142,0.14102564102564102,0.023809523809523805,4,0.0,1.0,0.0,1,1,0,0,0,1.462,0.631,2.66,0.211,15,0.222,0.0,0.229,0.0,consolidation,0.87,further_layering,HIGH,370743.0,investment_scam,1
TRAIN-0148,2370622.19,11,337850.66,119648.97,215511.10818181818,85457.9411454878,0.9282700421940928,711.0,12.0,71.1,32.12285444629381,2,0.2,12,11,3,3,0.9166666666666666,0.9166666666666666,3,5,0.08333333333333333,0.21818181818181817,0.03333333333333333,3,0.18181818181818182,0.8181818181818182,0.0,2,1,0,0,0,1.571,0.397,1.568,0.273,7,0.4,0.0,0.0,1303.8,layering,0.8,further_layering,HIGH,790207.0,investment_scam,1
TRAIN-0149,1414345.95,4,491789.16,210986.45,353586.4875,131700.32502485134,0.42857142857142855,560.0,71.0,186.66666666666666,109.2077530825231,0,0.0,5,4,4,1,0.8,0.8,4,1,0.2,0.0,0.0,1,0.0,1.0,0.0,1,1,0,0,0,1.0,0.372,1.391,0.25,4,0.0,0.0,0.0,0.0,collection,0.67,other,MEDIUM,1414346.0,investment_scam,1
TRAIN-0150,2492084.81,8,479837.57,187974.49,311510.60125,120073.71342306648,0.5063291139240506,948.0,97.0,135.42857142857142,59.65974953254257,0,0.0,9,8,4,4,0.8888888888888888,0.8888888888888888,4,4,0.1111111111111111,0.2857142857142857,0.031746031746031744,2,0.0,1.0,0.0,1,1,0,0,0,1.6,0.385,1.54,0.375,6,0.286,0.0,0.463,0.0,distribution,0.72,further_layering,MEDIUM,1246042.0,investment_scam,1
TRAIN-0151,3706880.7399999998,14,741376.15,62435.54,264777.1957142857,203867.44995001916,0.782851817334576,1073.0,37.0,82.53846153846153,52.08745111927213,6,0.46153846153846156,12,14,4,3,1.1666666666666667,1.1666666666666667,3,1,0.16666666666666666,0.21818181818181817,0.05303030303030304,5,0.0,1.0,0.0,1,1,0,0,0,1.273,0.77,2.8,0.214,12,0.154,1.0,0.514,0.0,cashout_prep,0.96,cashout,HIGH,741376.0,investment_scam,1
TRAIN-0152,747412.46,4,265447.17,108259.06,186853.115,67451.80657032719,0.6504065040650406,369.0,107.0,123.0,27.712812921102035,0,0.0,5,4,2,2,0.8,0.8,2,2,0.0,0.3333333333333333,0.06666666666666667,2,0.25,0.75,0.0,2,1,0,0,0,1.333,0.361,1.421,0.25,4,0.0,0.0,0.0,1303.8,distribution,0.61,external_transfer,MEDIUM,373706.0,investment_scam,1
TRAIN-0153,469292.9,2,314877.86,154415.04,234646.45,113464.34815031635,0.9448818897637795,127.0,127.0,127.0,0.0,0,0.0,3,2,2,1,0.6666666666666666,0.6666666666666666,2,1,0.0,0.0,0.0,1,0.0,1.0,0.0,1,1,0,0,0,1.0,0.484,1.342,0.5,2,0.0,0.0,0.0,0.0,collection,0.35,other,LOW,469293.0,investment_scam,1
TRAIN-0154,741453.6100000001,11,162589.48,25581.52,67404.87363636364,41591.927974411396,0.8882907133243607,743.0,22.0,74.3,47.429596948178535,3,0.3,12,11,2,3,0.9166666666666666,0.9166666666666666,2,6,0.0,0.16363636363636364,0.02727272727272727,3,0.0,0.7272727272727273,0.2727272727272727,2,1,0,0,0,1.833,0.617,2.412,0.273,7,0.4,0.0,0.467,1654.8,layering,0.74,further_layering,MEDIUM,247151.0,investment_scam,1
TRAIN-0155,4580213.74,21,916042.75,62305.31,218105.41619047621,181678.82774007492,0.7262247838616714,1735.0,25.0,86.75,52.909928428564236,6,0.3,17,21,6,4,1.2352941176470589,1.2352941176470589,4,1,0.11764705882352941,0.19999999999999996,0.029656862745098038,5,0.23809523809523808,0.7619047619047619,0.0,2,1,0,0,0,1.312,0.833,4.2,0.19,17,0.2,0.0,0.0,1303.8,cashout_prep,0.95,further_layering,HIGH,916043.0,investment_scam,1
TRAIN-0156,1156355.67,6,295734.25,64020.83,192725.94499999998,91158.2332536946,0.45056320400500627,799.0,40.0,159.8,123.52813444717766,1,0.2,7,6,4,2,0.8571428571428571,0.8571428571428571,4,2,0.14285714285714285,0.26666666666666666,0.03809523809523809,2,0.6666666666666666,0.3333333333333333,0.0,2,1,0,0,0,1.2,0.473,1.534,0.167,6,0.0,1.0,0.0,1303.8,distribution,0.79,external_transfer,MEDIUM,578178.0,investment_scam,1
TRAIN-0157,3813476.48,13,552391.52,84399.7,293344.3446153846,133855.62053405307,0.5680990531682447,1373.0,36.0,114.41666666666667,66.85188286371778,3,0.25,13,13,5,2,1.0,1.0,5,2,0.07692307692307693,0.26515151515151514,0.04603729603729603,4,0.0,1.0,0.0,1,1,0,0,0,1.182,0.456,1.883,0.231,12,0.083,0.0,0.0,0.0,consolidation,0.87,further_layering,HIGH,953369.0,investment_scam,1
TRAIN-0158,5089596.79,20,512683.78,69354.5,254479.8395,154671.4170889511,0.7268322228952151,1651.0,23.0,86.89473684210526,38.27951981708888,5,0.2631578947368421,16,20,6,3,1.25,1.25,5,1,0.125,0.2380952380952381,0.03005952380952381,4,0.0,1.0,0.0,1,1,0,0,0,1.333,0.608,2.015,0.2,16,0.211,1.0,0.0,0.0,consolidation,0.91,further_layering,HIGH,1272399.0,investment_scam,1
TRAIN-0159,1415811.59,7,335647.73,89920.27,202258.79857142858,81131.99265982365,0.5957446808510638,705.0,91.0,117.5,37.893271170486194,0,0.0,8,7,3,4,0.875,0.875,3,4,0.125,0.2857142857142857,0.03571428571428571,2,0.5714285714285714,0.42857142857142855,0.0,2,1,0,0,0,1.75,0.401,1.659,0.429,4,0.5,0.0,0.0,1303.8,distribution,0.68,external_transfer,MEDIUM,707906.0,investment_scam,1
TRAIN-0160,4240491.9399999995,25,422338.91,51176.09,169619.67759999997,104352.23232690166,0.8833922261484098,1698.0,21.0,70.75,43.80415902429913,10,0.4166666666666667,20,25,5,4,1.25,1.25,5,2,0.15,0.2046783625730994,0.021491228070175436,4,0.0,0.8,0.2,2,1,0,0,0,1.389,0.615,2.49,0.16,20,0.208,0.24,0.436,1654.8,consolidation,0.99,further_layering,HIGH,1060123.0,investment_scam,1
TRAIN-0161,3769918.9299999997,18,414356.35,45295.12,209439.94055555554,110675.8439084523,0.7152317880794702,1510.0,34.0,88.82352941176471,42.101418168093886,4,0.23529411764705882,19,18,4,5,0.9473684210526315,0.9473684210526315,4,9,0.05263157894736842,0.18300653594771243,0.0173718610251118,3,0.2777777777777778,0.7222222222222222,0.0,2,1,0,0,0,1.8,0.528,1.978,0.167,14,0.235,1.0,0.0,1303.8,layering,0.86,further_layering,HIGH,1256640.0,investment_scam,1
TRAIN-0162,1525264.8400000003,15,260912.35,22840.86,101684.32266666669,69404.37734374,0.78125,1152.0,20.0,82.28571428571429,30.750681221794025,2,0.14285714285714285,12,15,5,3,1.25,1.25,2,1,0.08333333333333333,0.16363636363636364,0.03181818181818181,4,0.0,1.0,0.0,1,1,0,0,0,1.364,0.683,2.566,0.267,11,0.286,1.0,0.258,0.0,consolidation,0.86,further_layering,HIGH,381316.0,investment_scam,1
TRAIN-0163,7803032.970000001,33,489386.7,73325.62,236455.54454545456,129476.03497186225,0.6991525423728813,2832.0,20.0,88.5,43.20916868055339,9,0.28125,24,33,11,5,1.375,1.375,6,1,0.08333333333333333,0.20158102766798416,0.016304347826086956,4,0.030303030303030304,0.9696969696969697,0.0,2,1,0,0,0,1.435,0.548,2.07,0.242,25,0.25,1.0,0.467,1303.8,consolidation,0.92,further_layering,HIGH,1950758.0,investment_scam,1
TRAIN-0164,2744723.4,16,464863.72,44363.67,171545.2125,115877.14071507192,1.1059907834101383,868.0,4.0,57.86666666666667,33.73397326703382,9,0.6,17,16,3,4,0.9411764705882353,0.9411764705882353,3,9,0.058823529411764705,0.1625,0.01838235294117647,3,0.0,0.6875,0.3125,2,1,0,0,0,2.0,0.675,2.71,0.188,10,0.4,1.0,0.0,1654.8,layering,0.88,further_layering,HIGH,914908.0,investment_scam,1
TRAIN-0165,1959182.3900000001,5,460774.87,350796.58,391836.478,48225.44634530477,0.6607929515418502,454.0,13.0,113.5,70.95773389842716,1,0.25,6,5,5,1,0.8333333333333334,0.8333333333333334,5,1,0.16666666666666666,0.0,0.0,1,0.6,0.4,0.0,2,1,0,0,0,1.0,0.123,1.176,0.6,5,0.0,1.0,0.0,1303.8,collection,0.67,external_transfer,MEDIUM,1959182.0,investment_scam,1
TRAIN-0166,1415095.92,14,222829.94,58459.39,101078.28,55932.56301641607,0.8084696823869105,1039.0,34.0,79.92307692307692,26.886990467701224,4,0.3076923076923077,12,14,4,3,1.1666666666666667,1.1666666666666667,2,2,0.08333333333333333,0.16363636363636364,0.03636363636363636,4,0.0,1.0,0.0,1,1,0,0,0,1.4,0.553,2.205,0.429,12,0.154,1.0,0.0,0.0,consolidation,0.87,further_layering,HIGH,353774.0,investment_scam,1
TRAIN-0167,1336855.56,5,379356.94,152632.36,267371.112,81775.0164346307,0.5076142131979695,591.0,113.0,147.75,69.5,0,0.0,6,5,2,3,0.8333333333333334,0.8333333333333334,2,3,0.0,0.30000000000000004,0.05000000000000001,2,0.0,1.0,0.0,1,1,0,0,0,1.667,0.306,1.419,0.2,4,0.25,1.0,0.0,0.0,distribution,0.61,further_layering,MEDIUM,668428.0,investment_scam,1
TRAIN-0168,891462.1799999999,2,484322.02,407140.16,445731.08999999997,54575.81659059077,0.40955631399317405,293.0,293.0,293.0,0.0,0,0.0,3,2,2,1,0.6666666666666666,0.6666666666666666,2,1,0.0,0.0,0.0,1,0.0,0.5,0.5,2,1,0,0,0,1.0,0.122,1.087,0.5,2,0.0,1.0,0.0,1654.8,collection,0.37,external_transfer,LOW,891462.0,investment_scam,1
TRAIN-0169,132406.22,2,113911.29,18494.93,66203.11,67469.55519213685,0.96,125.0,125.0,125.0,0.0,0,0.0,3,2,2,1,0.6666666666666666,0.6666666666666666,2,1,0.0,0.0,0.0,1,0.0,0.5,0.5,2,1,0,0,0,1.0,1.019,1.721,0.5,2,0.0,1.0,0.0,1654.8,emerging,0.34,external_transfer,LOW,545134.0,investment_scam,1
TRAIN-0170,3660534.8499999996,14,453568.38,126506.03,261466.77499999997,110084.69853391494,0.8084696823869105,1039.0,11.0,79.92307692307692,78.79346582306339,9,0.6923076923076923,15,14,5,3,0.9333333333333333,0.9333333333333333,5,6,0.06666666666666667,0.24725274725274726,0.029670329670329672,3,0.35714285714285715,0.6428571428571429,0.0,2,1,0,0,0,1.556,0.421,1.735,0.214,12,0.154,0.0,0.0,1303.8,layering,0.91,further_layering,HIGH,1220178.0,investment_scam,1
TRAIN-0171,2153291.41,11,324367.73,63068.45,195753.76454545456,78009.40746807265,0.7236842105263158,912.0,11.0,91.2,75.25482634947004,3,0.3,10,11,3,2,1.1,1.1,3,1,0.2,0.25,0.055555555555555546,4,0.18181818181818182,0.8181818181818182,0.0,2,1,0,0,0,1.222,0.399,1.657,0.273,9,0.2,1.0,0.0,1303.8,consolidation,0.92,cashout,HIGH,538323.0,investment_scam,1
TRAIN-0172,269616.15,2,149700.62,119915.53,134808.075,21061.23911725162,0.5741626794258373,209.0,209.0,209.0,0.0,0,0.0,3,2,2,1,0.6666666666666666,0.6666666666666666,2,1,0.0,0.0,0.0,1,0.5,0.5,0.0,2,1,0,0,0,1.0,0.156,1.11,0.5,2,0.0,1.0,0.0,1303.8,emerging,0.34,external_transfer,LOW,837987.0,investment_scam,1
TRAIN-0173,4219034.220000001,18,502826.61,81807.53,234390.79000000004,116500.88276133497,0.717607973421927,1505.0,21.0,88.52941176470588,50.95478099140799,5,0.29411764705882354,19,18,5,4,0.9473684210526315,0.9473684210526315,5,9,0.05263157894736842,0.21241830065359477,0.02046783625730994,3,0.0,1.0,0.0,1,1,0,0,0,1.8,0.497,2.145,0.167,13,0.294,1.0,0.428,0.0,layering,0.84,further_layering,HIGH,1406345.0,investment_scam,1
TRAIN-0174,1986769.6400000001,5,576825.82,129843.8,397353.928,168418.91202675685,0.5535055350553506,542.0,45.0,135.5,119.50313803411188,2,0.5,6,5,3,2,0.8333333333333334,0.8333333333333334,3,2,0.16666666666666666,0.30000000000000004,0.05000000000000001,2,0.0,1.0,0.0,1,1,0,0,0,1.25,0.424,1.452,0.2,4,0.25,1.0,0.0,0.0,distribution,0.76,cashout,MEDIUM,993385.0,investment_scam,1
TRAIN-0175,6455428.29,28,498749.83,50222.81,230551.01035714286,122804.16323172617,0.5959560127704859,2819.0,20.0,104.4074074074074,69.80536636813228,8,0.2962962962962963,22,28,6,4,1.2727272727272727,1.2727272727272727,6,2,0.13636363636363635,0.21428571428571433,0.02034632034632035,4,0.0,1.0,0.0,1,1,0,0,0,1.4,0.533,2.163,0.143,22,0.222,1.0,0.476,0.0,consolidation,0.94,further_layering,HIGH,1613857.0,investment_scam,1
TRAIN-0176,868307.7599999999,3,393254.22,167323.61,289435.92,114070.86935389377,0.6691449814126395,269.0,109.0,134.5,36.062445840513924,0,0.0,4,3,3,1,0.75,0.75,3,1,0.25,0.0,0.0,1,0.0,0.6666666666666666,0.3333333333333333,2,1,0,0,0,1.0,0.394,1.359,0.333,3,0.0,0.0,0.0,1654.8,collection,0.67,external_transfer,MEDIUM,868308.0,investment_scam,1
TRAIN-0177,7274378.250000001,15,1048363.95,77128.86,484958.55000000005,248392.72397143696,0.5928853754940712,1518.0,22.0,108.42857142857143,99.02347374056491,7,0.5,14,15,5,3,1.0714285714285714,1.0714285714285714,5,2,0.07142857142857142,0.2564102564102564,0.04166666666666667,4,0.0,1.0,0.0,1,1,0,0,0,1.25,0.512,2.162,0.333,13,0.143,1.0,0.0,0.0,consolidation,0.9,further_layering,HIGH,1818595.0,investment_scam,1
TRAIN-0178,2322816.3600000003,8,495951.63,123480.01,290352.04500000004,145545.9937328419,0.6193548387096774,775.0,31.0,110.71428571428571,75.28548838856504,2,0.2857142857142857,9,8,3,2,0.8888888888888888,0.8888888888888888,3,3,0.1111111111111111,0.26785714285714285,0.05357142857142857,3,0.0,0.875,0.125,2,1,0,0,0,1.333,0.501,1.708,0.25,7,0.143,0.0,0.0,1654.8,layering,0.81,external_transfer,HIGH,774272.0,investment_scam,1
TRAIN-0179,7217932.19,20,1179198.36,57132.51,360896.6095,244907.20114093192,0.9360374414976599,1282.0,19.0,67.47368421052632,46.75630488804292,9,0.47368421052631576,18,20,5,3,1.1111111111111112,1.1111111111111112,5,2,0.1111111111111111,0.22058823529411764,0.034109477124183,5,0.1,0.9,0.0,2,1,0,0,0,1.25,0.679,3.267,0.2,18,0.105,1.0,0.0,1303.8,cashout_prep,0.97,further_layering,HIGH,1443586.0,investment_scam,1
TRAIN-0180,1427613.98,6,470580.98,65401.39,237935.66333333333,184308.95365508486,0.3231597845601436,1114.0,130.0,222.8,83.83734251513464,0,0.0,7,6,6,1,0.8571428571428571,0.8571428571428571,6,1,0.14285714285714285,0.0,0.0,1,0.0,1.0,0.0,1,1,0,0,0,1.0,0.775,1.978,0.333,6,0.0,1.0,0.0,0.0,collection,0.65,external_transfer,MEDIUM,1427614.0,investment_scam,1
TRAIN-0181,3173119.5300000003,9,669555.93,92562.58,352568.83666666667,211195.5394256121,0.5973451327433629,904.0,8.0,113.0,70.37450837179205,1,0.125,10,9,6,3,0.9,0.9,6,3,0.1,0.25,0.025,2,0.0,1.0,0.0,1,1,0,0,0,1.286,0.599,1.899,0.222,8,0.125,1.0,0.0,0.0,distribution,0.78,further_layering,MEDIUM,1586560.0,investment_scam,1
TRAIN-0182,1349600.33,4,481674.09,76650.0,337400.0825,187363.25757452613,0.5172413793103449,464.0,71.0,154.66666666666666,74.54081655934105,0,0.0,5,4,4,1,0.8,0.8,4,1,0.2,0.0,0.0,1,0.5,0.5,0.0,2,1,0,0,0,1.0,0.555,1.428,0.5,4,0.0,1.0,0.5,1303.8,collection,0.65,external_transfer,MEDIUM,1349600.0,investment_scam,1
TRAIN-0183,2368912.25,19,319300.92,52026.01,124679.59210526316,76734.61991329929,0.7233502538071066,1576.0,32.0,87.55555555555556,32.042659473642175,1,0.05555555555555555,16,19,4,3,1.1875,1.1875,2,2,0.0625,0.12380952380952381,0.028273809523809527,5,0.15789473684210525,0.8421052631578947,0.0,2,1,0,0,0,1.357,0.615,2.561,0.105,17,0.111,1.0,0.452,1303.8,cashout_prep,0.9,further_layering,HIGH,473782.0,investment_scam,1
TRAIN-0184,2825622.0800000005,14,453343.6,114050.18,201830.1485714286,115237.05638557991,0.7872539831302717,1067.0,44.0,82.07692307692308,37.06404713119696,5,0.38461538461538464,11,14,5,3,1.2727272727272727,1.2727272727272727,2,1,0.09090909090909091,0.17777777777777778,0.03939393939393939,4,0.0,1.0,0.0,1,1,0,0,0,1.4,0.571,2.246,0.143,12,0.154,0.0,0.0,0.0,consolidation,0.93,further_layering,HIGH,706406.0,investment_scam,1
TRAIN-0185,1293957.69,4,375210.32,271768.52,323489.4225,47598.33284959069,0.9160305343511451,262.0,76.0,87.33333333333333,19.629909152447276,0,0.0,5,4,2,2,0.8,0.8,2,2,0.0,0.3333333333333333,0.06666666666666667,2,0.0,1.0,0.0,1,1,0,0,0,1.333,0.147,1.16,0.25,4,0.0,1.0,0.0,0.0,distribution,0.62,external_transfer,MEDIUM,646979.0,investment_scam,1
TRAIN-0186,5349244.86,14,676535.25,166217.99,382088.91857142857,214163.8697560011,0.7210300429184548,1165.0,20.0,89.61538461538461,66.20364851670244,6,0.46153846153846156,12,14,4,3,1.1666666666666667,1.1666666666666667,4,1,0.16666666666666666,0.2545454545454545,0.04545454545454545,4,0.0,1.0,0.0,1,1,0,0,0,1.273,0.561,1.771,0.214,12,0.154,0.0,0.0,0.0,consolidation,0.96,cashout,HIGH,1337311.0,investment_scam,1
TRAIN-0187,6507609.24,18,1082079.25,63269.4,361533.8466666667,252523.02399826646,0.9515418502202643,1135.0,20.0,66.76470588235294,32.83962814147853,8,0.47058823529411764,16,18,6,3,1.125,1.125,6,2,0.125,0.2571428571428572,0.03601190476190476,4,0.0,0.7777777777777778,0.2222222222222222,2,1,0,0,0,1.286,0.698,2.993,0.222,16,0.118,0.0,0.0,1654.8,consolidation,0.97,further_layering,HIGH,1626902.0,investment_scam,1
TRAIN-0188,2622776.8200000003,12,459350.63,102366.32,218564.73500000002,127790.11728601674,0.7659574468085106,940.0,25.0,85.45454545454545,69.10624231770042,4,0.36363636363636365,13,12,2,3,0.9230769230769231,0.9230769230769231,2,7,0.0,0.15151515151515152,0.023892773892773892,3,0.4166666666666667,0.5833333333333334,0.0,2,1,0,0,0,2.0,0.585,2.102,0.25,8,0.364,0.0,0.0,1303.8,layering,0.76,further_layering,MEDIUM,874259.0,investment_scam,1
TRAIN-0189,4625962.590000001,21,456978.11,57650.24,220283.9328571429,129433.56739916487,0.9759876065065841,1291.0,21.0,64.55,46.34933145489576,12,0.6,22,21,5,5,0.9545454545454546,0.9545454545454546,5,11,0.045454545454545456,0.1904761904761905,0.0158008658008658,3,0.0,0.7619047619047619,0.23809523809523808,2,1,0,0,0,1.909,0.588,2.074,0.19,18,0.15,1.0,0.0,1654.8,layering,0.91,further_layering,HIGH,1541988.0,investment_scam,1
TRAIN-0190,1405895.8599999999,5,357600.07,114513.55,281179.17199999996,97668.12914311925,1.4354066985645932,209.0,35.0,52.25,24.046829312822098,3,0.75,6,5,3,2,0.8333333333333334,0.8333333333333334,3,2,0.16666666666666666,0.30000000000000004,0.05000000000000001,2,0.4,0.6,0.0,2,1,0,0,0,1.25,0.347,1.272,0.4,4,0.25,1.0,0.0,1303.8,distribution,0.81,cashout,HIGH,702948.0,investment_scam,1
TRAIN-0191,1547540.54,4,491059.0,265608.09,386885.135,104323.80909309068,0.42780748663101603,561.0,131.0,187.0,78.71467461661771,0,0.0,5,4,4,1,0.8,0.8,4,1,0.2,0.0,0.0,1,0.0,1.0,0.0,1,1,0,0,0,1.0,0.27,1.269,0.25,4,0.0,1.0,0.0,0.0,collection,0.67,other,MEDIUM,1547541.0,investment_scam,1
TRAIN-0192,3633977.58,17,370014.48,47670.0,213763.38705882354,123415.6805578659,0.8146964856230032,1252.0,21.0,78.25,47.51911895928487,5,0.3125,15,17,4,3,1.1333333333333333,1.1333333333333333,4,2,0.13333333333333333,0.2197802197802198,0.0326007326007326,4,0.23529411764705882,0.7647058823529411,0.0,2,1,0,0,0,1.308,0.577,1.731,0.235,13,0.25,0.0,0.493,1303.8,consolidation,0.93,further_layering,HIGH,908494.0,investment_scam,1
TRAIN-0193,3037527.91,24,446104.31,36688.07,126563.66291666667,103119.92797676502,0.8540925266903914,1686.0,21.0,73.30434782608695,53.18871615006043,10,0.43478260869565216,19,24,4,3,1.263157894736842,1.263157894736842,3,2,0.15789473684210525,0.14705882352941177,0.02356381148950808,5,0.0,0.875,0.125,2,1,0,0,0,1.412,0.815,3.525,0.208,21,0.13,1.0,0.442,1654.8,cashout_prep,0.98,cashout,HIGH,607506.0,investment_scam,1
TRAIN-0194,2836664.1499999994,12,366866.43,97624.73,236388.6791666666,106648.60245640075,0.6779661016949153,1062.0,28.0,96.54545454545455,86.23846431420684,5,0.45454545454545453,12,12,4,2,1.0,1.0,4,2,0.08333333333333333,0.2545454545454545,0.05000000000000001,4,0.0,1.0,0.0,1,1,0,0,0,1.2,0.451,1.552,0.333,10,0.182,1.0,0.0,0.0,consolidation,0.88,further_layering,HIGH,709166.0,investment_scam,1
TRAIN-0195,3090501.05,9,461514.5,190527.93,343389.0055555555,82154.87491498787,0.5330700888450148,1013.0,73.0,126.625,79.58452380061986,0,0.0,10,9,4,5,0.9,0.9,4,5,0.1,0.2777777777777778,0.02777777777777778,2,0.0,0.4444444444444444,0.5555555555555556,2,1,0,0,0,1.8,0.239,1.344,0.222,7,0.25,0.0,0.441,1654.8,distribution,0.77,external_transfer,MEDIUM,1545251.0,investment_scam,1
TRAIN-0196,3409553.2100000004,8,863468.64,121919.29,426194.15125000005,220908.5545337944,0.5150214592274678,932.0,6.0,133.14285714285714,102.2096351808846,1,0.14285714285714285,9,8,5,3,0.8888888888888888,0.8888888888888888,5,3,0.1111111111111111,0.26785714285714285,0.02976190476190476,2,0.0,1.0,0.0,1,1,0,0,0,1.333,0.518,2.026,0.25,6,0.286,1.0,0.0,0.0,distribution,0.75,further_layering,MEDIUM,1704777.0,investment_scam,1
TRAIN-0197,8100782.4399999995,24,721581.26,125741.71,337532.6016666666,154579.29264936614,0.5977584059775841,2409.0,25.0,104.73913043478261,57.777958514632346,5,0.21739130434782608,21,24,6,4,1.1428571428571428,1.1428571428571428,6,3,0.09523809523809523,0.22105263157894736,0.022807017543859647,4,0.0,1.0,0.0,1,1,0,0,0,1.333,0.458,2.138,0.167,20,0.174,0.0,0.0,0.0,consolidation,0.92,further_layering,HIGH,2025196.0,investment_scam,1
TRAIN-0198,4354274.88,13,545119.23,161768.46,334944.2215384615,140190.21174955607,0.7692307692307693,1014.0,37.0,84.5,68.06881544704326,5,0.4166666666666667,11,13,4,2,1.1818181818181819,1.1818181818181819,3,1,0.18181818181818182,0.23333333333333334,0.04747474747474749,4,0.0,1.0,0.0,1,1,0,0,0,1.3,0.419,1.627,0.308,11,0.167,0.0,0.277,0.0,consolidation,0.93,cashout,HIGH,1088569.0,investment_scam,1
TRAIN-0199,3703311.84,15,508870.82,90220.61,246887.45599999998,123694.01759697139,1.0416666666666667,864.0,6.0,61.714285714285715,38.12616418687298,8,0.5714285714285714,12,15,5,3,1.25,1.25,3,1,0.16666666666666666,0.21818181818181817,0.04090909090909091,4,0.0,1.0,0.0,1,1,0,0,0,1.364,0.501,2.061,0.2,13,0.143,0.267,0.458,0.0,consolidation,0.99,cashout,HIGH,925828.0,investment_scam,1
TRAIN-0200,2790174.3699999996,19,423703.05,39290.75,146851.28263157894,103228.11175399649,0.9033280507131537,1262.0,20.0,70.11111111111111,34.815292260203684,6,0.3333333333333333,15,19,6,3,1.2666666666666666,1.2666666666666666,2,2,0.06666666666666667,0.13186813186813187,0.022344322344322338,4,0.10526315789473684,0.8947368421052632,0.0,2,1,0,0,0,1.462,0.703,2.885,0.211,14,0.278,0.105,0.315,1303.8,consolidation,0.9,further_layering,HIGH,697544.0,investment_scam,1
TRAIN-0201,6515808.97,17,878082.03,179686.0,383282.8805882353,189812.6405738451,0.8777969018932874,1162.0,24.0,72.625,34.22839951463307,6,0.375,15,17,5,3,1.1333333333333333,1.1333333333333333,5,2,0.13333333333333333,0.24725274725274726,0.03772893772893772,4,0.058823529411764705,0.9411764705882353,0.0,2,1,0,0,0,1.308,0.495,2.291,0.235,14,0.188,0.0,0.437,1303.8,consolidation,0.95,further_layering,HIGH,1628952.0,investment_scam,1
TRAIN-0202,1392192.56,6,410588.45,81094.82,232032.09333333335,123993.60237028904,0.5546995377503853,649.0,56.0,129.8,78.54425504134596,1,0.2,7,6,6,1,0.8571428571428571,0.8571428571428571,6,1,0.14285714285714285,0.0,0.0,1,0.0,0.3333333333333333,0.6666666666666666,2,1,0,0,0,1.0,0.534,1.77,0.333,6,0.0,1.0,0.0,1654.8,collection,0.7,external_transfer,MEDIUM,1392193.0,investment_scam,1
TRAIN-0203,1281962.01,4,453960.26,215729.73,320490.5025,111131.49840043203,0.8391608391608392,286.0,33.0,95.33333333333333,78.1430312525265,1,0.3333333333333333,5,4,4,1,0.8,0.8,4,1,0.2,0.0,0.0,1,0.0,0.5,0.5,2,1,0,0,0,1.0,0.347,1.416,0.25,4,0.0,1.0,0.0,1654.8,collection,0.75,cashout,MEDIUM,1281962.0,investment_scam,1
TRAIN-0204,4432346.16,23,512584.01,54604.47,192710.70260869566,127141.84264371844,0.7278481012658228,1896.0,29.0,86.18181818181819,52.68652702418456,7,0.3181818181818182,19,23,6,3,1.2105263157894737,1.2105263157894737,6,2,0.10526315789473684,0.23529411764705888,0.026315789473684216,4,0.0,1.0,0.0,1,1,0,0,0,1.353,0.66,2.66,0.174,18,0.227,1.0,0.388,0.0,consolidation,0.91,further_layering,HIGH,1108087.0,investment_scam,1
TRAIN-0205,5735282.67,22,460456.23,109840.86,260694.6668181818,115495.89206192066,0.6670035371399696,1979.0,28.0,94.23809523809524,66.03855295348676,6,0.2857142857142857,18,22,4,4,1.2222222222222223,1.2222222222222223,4,2,0.16666666666666666,0.19117647058823528,0.022671568627450976,4,0.0,1.0,0.0,1,1,0,0,0,1.375,0.443,1.766,0.182,18,0.19,0.0,0.429,0.0,consolidation,0.96,further_layering,HIGH,1433821.0,investment_scam,1
TRAIN-0206,109754.11,2,84799.41,24954.7,54877.055,42316.6002591424,0.29268292682926833,410.0,410.0,410.0,0.0,0,0.0,3,2,2,1,0.6666666666666666,0.6666666666666666,2,1,0.0,0.0,0.0,1,0.0,0.0,1.0,1,1,0,0,0,1.0,0.771,1.545,0.5,2,0.0,0.0,0.0,0.0,emerging,0.3,other,LOW,1187132.0,investment_scam,1
TRAIN-0207,754053.47,3,371720.2,173363.8,251351.15666666665,105751.93085127872,0.5538461538461538,325.0,33.0,162.5,183.1406563273158,1,0.5,4,3,3,1,0.75,0.75,3,1,0.25,0.0,0.0,1,0.0,0.3333333333333333,0.6666666666666666,2,1,0,0,0,1.0,0.421,1.479,0.333,3,0.0,0.0,0.0,1654.8,collection,0.73,cashout,MEDIUM,754053.0,investment_scam,1
TRAIN-0208,2979242.05,13,470254.84,100403.06,229172.46538461538,102137.46868155149,0.8245243128964059,946.0,39.0,78.83333333333333,34.25528050424113,5,0.4166666666666667,11,13,4,3,1.1818181818181819,1.1818181818181819,3,1,0.18181818181818182,0.23333333333333334,0.047474747474747475,4,0.07692307692307693,0.9230769230769231,0.0,2,1,0,0,0,1.3,0.446,2.052,0.308,11,0.167,0.0,0.0,1303.8,consolidation,0.97,cashout,HIGH,744811.0,investment_scam,1
TRAIN-0209,39265.83,2,26362.15,12903.68,19632.915,9516.575401395716,0.25862068965517243,464.0,464.0,464.0,0.0,0,0.0,3,2,2,1,0.6666666666666666,0.6666666666666666,2,1,0.0,0.0,0.0,1,1.0,0.0,0.0,1,1,0,0,0,1.0,0.485,1.343,0.5,2,0.0,1.0,0.0,0.0,emerging,0.3,other,LOW,389956.0,investment_scam,1
TRAIN-0210,609262.51,3,436067.08,66387.5,203087.50333333333,202775.8988346017,0.614334470989761,293.0,101.0,146.5,64.34671708797582,0,0.0,4,3,3,1,0.75,0.75,3,1,0.25,0.0,0.0,1,0.0,1.0,0.0,1,1,0,0,0,1.0,0.998,2.147,0.333,3,0.0,1.0,0.577,0.0,collection,0.64,other,MEDIUM,609263.0,investment_scam,1
TRAIN-0211,2292816.72,10,429773.16,71600.6,229281.67200000002,121215.87166701494,0.7352941176470589,816.0,32.0,90.66666666666667,59.26845704082399,3,0.3333333333333333,11,10,3,3,0.9090909090909091,0.9090909090909091,3,5,0.09090909090909091,0.23333333333333334,0.04141414141414141,3,0.0,1.0,0.0,1,1,0,0,0,1.667,0.529,1.874,0.2,8,0.222,1.0,0.0,0.0,layering,0.83,further_layering,HIGH,764272.0,investment_scam,1
TRAIN-0212,5018208.9799999995,22,479629.11,89012.13,228100.40818181817,144599.27963900444,0.8823529411764706,1496.0,6.0,71.23809523809524,44.7402556562932,9,0.42857142857142855,17,22,7,3,1.2941176470588236,1.2941176470588236,5,1,0.11764705882352941,0.22916666666666666,0.027450980392156862,4,0.18181818181818182,0.8181818181818182,0.0,2,1,0,0,0,1.375,0.634,2.103,0.182,17,0.238,1.0,0.0,1303.8,consolidation,0.95,further_layering,HIGH,1254552.0,investment_scam,1
TRAIN-0213,4661515.91,18,541856.86,91308.23,258973.10611111112,158091.13779209898,0.9490333919156415,1138.0,20.0,66.94117647058823,45.0298103874468,8,0.47058823529411764,16,18,4,4,1.125,1.125,4,2,0.125,0.20952380952380956,0.027678571428571434,4,0.0,1.0,0.0,1,1,0,0,0,1.286,0.61,2.092,0.333,14,0.235,0.0,0.0,0.0,consolidation,0.94,further_layering,HIGH,1165379.0,investment_scam,1
TRAIN-0214,2274897.99,8,428504.61,72010.48,284362.24875,128366.55690549538,0.729483282674772,658.0,55.0,94.0,60.72341668033291,4,0.5714285714285714,9,8,4,4,0.8888888888888888,0.8888888888888888,4,4,0.1111111111111111,0.2857142857142857,0.031746031746031744,2,0.0,0.5,0.5,2,1,0,0,0,1.6,0.451,1.507,0.25,5,0.429,0.0,0.0,1654.8,distribution,0.82,further_layering,HIGH,1137449.0,investment_scam,1
TRAIN-0215,6508458.2700000005,28,498655.24,75016.99,232444.93821428574,140660.37263740777,0.8112023177209078,2071.0,19.0,76.70370370370371,45.36502788476775,9,0.3333333333333333,21,28,9,5,1.3333333333333333,1.3333333333333333,5,1,0.09523809523809523,0.1973684210526316,0.01829573934837093,4,0.25,0.75,0.0,2,1,0,0,0,1.4,0.605,2.145,0.286,21,0.259,1.0,0.0,1303.8,consolidation,0.93,further_layering,HIGH,1627115.0,investment_scam,1
TRAIN-0216,2337547.72,9,448586.17,68884.08,259727.52444444445,130854.53233801152,0.8372093023255814,645.0,3.0,80.625,94.27609528855734,6,0.75,10,9,5,4,0.9,0.9,5,4,0.1,0.2777777777777778,0.02777777777777778,2,0.6666666666666666,0.3333333333333333,0.0,2,1,0,0,0,1.5,0.504,1.727,0.111,7,0.25,1.0,0.0,1303.8,distribution,0.9,further_layering,HIGH,1168774.0,investment_scam,1
TRAIN-0217,1823395.59,9,449783.77,92820.77,202599.51,107846.53047695658,0.4900181488203267,1102.0,51.0,137.75,94.04520189781083,1,0.125,10,9,4,5,0.9,0.9,4,5,0.1,0.2777777777777778,0.02777777777777778,2,0.0,1.0,0.0,1,1,0,0,0,1.8,0.532,2.22,0.222,5,0.5,1.0,0.0,0.0,distribution,0.74,further_layering,MEDIUM,911698.0,investment_scam,1
TRAIN-0218,7155605.71,14,906011.68,157060.27,511114.6935714286,264310.6604916695,0.6757843925985519,1243.0,0.0,95.61538461538461,82.84074929399023,5,0.38461538461538464,14,14,6,2,1.0,1.0,6,2,0.07142857142857142,0.2692307692307692,0.04258241758241759,4,0.0,0.7857142857142857,0.21428571428571427,2,1,0,0,0,1.167,0.517,1.773,0.286,12,0.154,1.0,0.267,1654.8,consolidation,0.89,external_transfer,HIGH,1788901.0,investment_scam,1
TRAIN-0219,4606857.6,20,492981.35,111784.78,230342.87999999998,104717.14070041943,0.5997001499250375,2001.0,22.0,105.3157894736842,65.75210400653768,5,0.2631578947368421,18,20,5,3,1.1111111111111112,1.1111111111111112,5,3,0.1111111111111111,0.22058823529411764,0.028186274509803915,4,0.2,0.8,0.0,2,1,0,0,0,1.333,0.455,2.14,0.2,16,0.211,1.0,0.308,1303.8,consolidation,0.91,further_layering,HIGH,1151714.0,investment_scam,1
TRAIN-0220,3601952.0300000003,24,382111.01,23034.68,150081.33458333334,90030.68178588095,0.8643457382953181,1666.0,3.0,72.43478260869566,72.19910984527851,13,0.5652173913043478,19,24,7,5,1.263157894736842,1.263157894736842,5,1,0.10526315789473684,0.21241830065359477,0.021327829377364976,4,0.0,0.8333333333333334,0.16666666666666666,2,1,0,0,0,1.333,0.6,2.546,0.167,21,0.13,1.0,0.0,1654.8,consolidation,0.99,further_layering,HIGH,900488.0,investment_scam,1
TRAIN-0221,5819395.04,16,731587.45,72841.18,363712.19,240754.43386452965,0.684248039914469,1403.0,32.0,93.53333333333333,58.95987336033437,5,0.3333333333333333,15,16,6,3,1.0666666666666667,1.0666666666666667,6,2,0.06666666666666667,0.26373626373626374,0.0391941391941392,4,0.0625,0.9375,0.0,2,1,0,0,0,1.231,0.662,2.011,0.25,14,0.133,1.0,0.342,1303.8,consolidation,0.91,further_layering,HIGH,1454849.0,investment_scam,1
TRAIN-0222,3066654.42,10,685325.35,89909.85,306665.442,226506.7935858375,0.7168458781362007,837.0,25.0,93.0,85.60957890329796,5,0.5555555555555556,11,10,4,3,0.9090909090909091,0.9090909090909091,4,4,0.09090909090909091,0.26666666666666666,0.044444444444444446,3,0.0,1.0,0.0,1,1,0,0,0,1.429,0.739,2.235,0.2,9,0.111,1.0,0.0,0.0,layering,0.89,further_layering,HIGH,1022218.0,investment_scam,1
TRAIN-0223,849123.5800000001,3,373181.63,134457.8,283041.19333333336,129649.33914379832,0.5844155844155844,308.0,151.0,154.0,4.242640687119285,0,0.0,4,3,3,1,0.75,0.75,3,1,0.25,0.0,0.0,1,0.0,1.0,0.0,1,1,0,0,0,1.0,0.458,1.318,0.333,3,0.0,1.0,0.0,0.0,collection,0.65,other,MEDIUM,849124.0,investment_scam,1
TRAIN-0224,3081814.4699999997,13,475453.78,68350.49,237062.6515384615,101303.40142253986,0.8843537414965987,882.0,11.0,73.5,83.41517193587093,9,0.75,14,13,4,4,0.9285714285714286,0.9285714285714286,4,5,0.07142857142857142,0.23076923076923075,0.027930402930402925,3,0.07692307692307693,0.9230769230769231,0.0,2,1,0,0,0,1.444,0.427,2.006,0.385,10,0.25,1.0,0.506,1303.8,layering,0.91,further_layering,HIGH,1027271.0,investment_scam,1
TRAIN-0225,1814414.67,5,670229.43,67645.02,362882.934,232778.91565162735,0.6342494714587738,473.0,33.0,118.25,98.50676795699539,2,0.5,6,5,3,2,0.8333333333333334,0.8333333333333334,3,2,0.16666666666666666,0.30000000000000004,0.05000000000000001,2,0.4,0.6,0.0,2,1,0,0,0,1.25,0.641,1.847,0.2,5,0.0,0.0,0.0,1303.8,distribution,0.81,external_transfer,HIGH,907207.0,investment_scam,1
TRAIN-0226,3118728.7600000002,8,628567.94,205606.66,389841.09500000003,147718.02276310755,0.6566347469220246,731.0,13.0,104.42857142857143,89.20735609215407,1,0.14285714285714285,9,8,5,3,0.8888888888888888,0.8888888888888888,5,3,0.1111111111111111,0.26785714285714285,0.02976190476190476,2,0.375,0.625,0.0,2,1,0,0,0,1.333,0.379,1.612,0.25,6,0.286,1.0,0.0,1303.8,distribution,0.77,external_transfer,MEDIUM,1559364.0,investment_scam,1
TRAIN-0227,2545459.73,16,401138.04,47429.03,159091.233125,111233.83684386946,0.8831646734130635,1087.0,32.0,72.46666666666667,28.09389020172654,6,0.4,14,16,3,3,1.1428571428571428,1.1428571428571428,2,2,0.07142857142857142,0.14102564102564102,0.03846153846153846,5,0.0,1.0,0.0,1,1,0,0,0,1.333,0.699,2.521,0.125,13,0.2,0.0,0.0,0.0,cashout_prep,0.9,further_layering,HIGH,509092.0,investment_scam,1
TRAIN-0228,7064029.019999999,20,614424.1,119475.61,353201.45099999994,158125.26926444145,0.5923000987166831,2026.0,38.0,106.63157894736842,63.04073685264137,2,0.10526315789473684,21,20,6,5,0.9523809523809523,0.9523809523809523,6,9,0.047619047619047616,0.22105263157894736,0.018421052631578946,3,0.0,0.65,0.35,2,1,0,0,0,1.667,0.448,1.74,0.15,14,0.316,1.0,0.0,1654.8,layering,0.83,further_layering,HIGH,2354676.0,investment_scam,1
TRAIN-0229,2643420.76,13,466427.52,117028.42,203340.05846153846,94790.63339469183,0.7195571955719557,1084.0,27.0,90.33333333333333,52.702136119090575,3,0.25,12,13,3,3,1.0833333333333333,1.0833333333333333,3,2,0.08333333333333333,0.21818181818181817,0.044696969696969686,4,0.0,0.8461538461538461,0.15384615384615385,2,1,0,0,0,1.3,0.466,2.294,0.385,11,0.167,0.0,0.376,1654.8,consolidation,0.86,further_layering,HIGH,660855.0,investment_scam,1
TRAIN-0230,4046804.44,15,584444.17,71462.8,269786.96266666666,187468.0118266386,0.7058823529411765,1275.0,25.0,91.07142857142857,71.61699871884123,7,0.5,15,15,5,3,1.0,1.0,5,3,0.06666666666666667,0.24725274725274726,0.039926739926739924,4,0.3333333333333333,0.6666666666666666,0.0,2,1,0,0,0,1.25,0.695,2.166,0.2,15,0.0,0.0,0.414,1303.8,consolidation,0.95,further_layering,HIGH,1011701.0,investment_scam,1
TRAIN-0231,3131039.12,15,445181.67,50734.45,208735.94133333335,107116.72086092,0.7200000000000001,1250.0,21.0,89.28571428571429,30.65798571191669,2,0.14285714285714285,12,15,5,3,1.25,1.25,2,1,0.08333333333333333,0.16363636363636364,0.031818181818181815,4,0.2,0.8,0.0,2,1,0,0,0,1.364,0.513,2.133,0.2,11,0.286,1.0,0.352,1303.8,consolidation,0.88,further_layering,HIGH,782760.0,investment_scam,1
TRAIN-0232,5185118.380000001,17,756560.23,92926.36,305006.9635294118,165907.77235666497,0.7167955024595924,1423.0,18.0,88.9375,55.822897034580116,6,0.375,18,17,6,3,0.9444444444444444,0.9444444444444444,6,8,0.05555555555555555,0.2426470588235294,0.02491830065359477,3,0.35294117647058826,0.6470588235294118,0.0,2,1,0,0,0,1.7,0.544,2.48,0.176,14,0.188,1.0,0.0,1303.8,layering,0.86,further_layering,HIGH,1728373.0,investment_scam,1
TRAIN-0233,3532476.57,10,641164.05,152650.15,353247.657,177173.2676907441,0.7326007326007326,819.0,41.0,91.0,79.1564905740521,3,0.3333333333333333,11,10,4,3,0.9090909090909091,0.9090909090909091,4,4,0.09090909090909091,0.26666666666666666,0.044444444444444446,3,0.0,1.0,0.0,1,1,0,0,0,1.429,0.502,1.815,0.2,8,0.222,1.0,0.483,0.0,layering,0.85,further_layering,HIGH,1177492.0,investment_scam,1
TRAIN-0234,2174736.9,17,332657.49,34395.05,127925.7,78856.64596071285,0.7332854061826024,1391.0,19.0,86.9375,36.87902520403705,4,0.25,18,17,4,4,0.9444444444444444,0.9444444444444444,4,9,0.05555555555555555,0.19117647058823528,0.019812091503267973,3,0.23529411764705882,0.7647058823529411,0.0,2,1,0,0,0,1.889,0.616,2.6,0.235,11,0.375,0.0,0.437,1303.8,layering,0.83,further_layering,HIGH,724912.0,investment_scam,1
TRAIN-0235,1400053.86,4,484040.93,192797.28,350013.465,125620.43577824815,1.021276595744681,235.0,3.0,78.33333333333333,98.65258908580824,2,0.6666666666666666,5,4,4,1,0.8,0.8,4,1,0.2,0.0,0.0,1,0.0,0.5,0.5,2,1,0,0,0,1.0,0.359,1.383,0.25,4,0.0,1.0,0.0,1654.8,collection,0.8,cashout,HIGH,1400054.0,investment_scam,1
TRAIN-0236,2987326.8500000006,11,449933.7,141168.72,271575.1681818182,127622.77351371758,0.5851063829787234,1128.0,27.0,112.8,84.56923527829464,4,0.4,10,11,3,2,1.1,1.1,3,1,0.2,0.25,0.05555555555555556,4,0.0,0.7272727272727273,0.2727272727272727,2,1,0,0,0,1.222,0.47,1.657,0.273,10,0.1,1.0,0.505,1654.8,consolidation,0.94,cashout,HIGH,746832.0,investment_scam,1
TRAIN-0237,2973717.73,8,720918.16,89191.35,371714.71625,183116.14518791344,0.42515500442869797,1129.0,93.0,161.28571428571428,79.8659591351123,0,0.0,9,8,5,3,0.8888888888888888,0.8888888888888888,5,3,0.1111111111111111,0.26785714285714285,0.02976190476190476,2,0.0,0.5,0.5,2,1,0,0,0,1.333,0.493,1.939,0.25,7,0.143,1.0,0.518,1654.8,distribution,0.76,external_transfer,MEDIUM,1486859.0,investment_scam,1
TRAIN-0238,116500.72,2,66300.2,50200.52,58250.36,11384.192902933435,0.2247191011235955,534.0,534.0,534.0,0.0,0,0.0,3,2,2,1,0.6666666666666666,0.6666666666666666,2,1,0.0,0.0,0.0,1,1.0,0.0,0.0,1,1,0,0,0,1.0,0.195,1.138,0.5,2,0.0,0.0,0.0,0.0,emerging,0.3,other,LOW,1417632.0,investment_scam,1
TRAIN-0239,3094382.8000000003,19,451972.36,47358.43,162862.25263157897,122977.8182238213,0.8096590909090909,1408.0,22.0,78.22222222222223,40.74245589576432,6,0.3333333333333333,14,19,7,3,1.3571428571428572,1.3571428571428572,2,1,0.07142857142857142,0.14102564102564102,0.023809523809523805,4,0.0,1.0,0.0,1,1,0,0,0,1.462,0.755,2.775,0.158,15,0.222,0.0,0.0,0.0,consolidation,0.9,further_layering,HIGH,773596.0,investment_scam,1
TRAIN-0240,1154243.47,5,485336.57,91818.15,230848.694,167552.24082135886,0.8042895442359249,373.0,27.0,93.25,95.83449274660977,2,0.5,6,5,5,1,0.8333333333333334,0.8333333333333334,5,1,0.16666666666666666,0.0,0.0,1,0.0,1.0,0.0,1,1,0,0,0,1.0,0.726,2.102,0.2,5,0.0,1.0,0.0,0.0,collection,0.75,cashout,MEDIUM,1154243.0,investment_scam,1
TRAIN-0241,2699265.97,23,347741.79,26868.61,117359.39000000001,82133.72298816756,0.8851828094932649,1559.0,21.0,70.86363636363636,37.96150362638126,9,0.4090909090909091,19,23,5,4,1.2105263157894737,1.2105263157894737,3,2,0.10526315789473684,0.14705882352941177,0.02321981424148607,5,0.0,1.0,0.0,1,1,0,0,0,1.353,0.7,2.963,0.261,19,0.182,0.348,0.487,0.0,cashout_prep,0.94,further_layering,HIGH,539853.0,investment_scam,1
TRAIN-0242,8735937.64,29,1747187.53,78836.99,301239.22896551725,306825.7761287001,0.7134071340713407,2439.0,22.0,87.10714285714286,58.7110559881024,8,0.2857142857142857,22,29,9,4,1.3181818181818181,1.3181818181818181,6,1,0.09090909090909091,0.21428571428571433,0.022619047619047622,5,0.0,0.9655172413793104,0.034482758620689655,2,1,0,0,0,1.381,1.019,5.8,0.138,24,0.179,1.0,0.31,1654.8,cashout_prep,0.95,further_layering,HIGH,1747188.0,investment_scam,1
TRAIN-0243,2926613.4500000007,19,345084.72,57859.45,154032.2868421053,93631.02163224187,0.9938971229293809,1147.0,25.0,63.72222222222222,25.246561922148704,8,0.4444444444444444,16,19,4,3,1.1875,1.1875,3,2,0.125,0.17142857142857143,0.03511904761904762,5,0.0,1.0,0.0,1,1,0,0,0,1.357,0.608,2.24,0.211,15,0.222,1.0,0.0,0.0,cashout_prep,0.94,further_layering,HIGH,585323.0,investment_scam,1
TRAIN-0244,3248959.7800000003,18,428371.12,53388.76,180497.76555555558,121592.68151914238,0.5645582854155776,1913.0,40.0,112.52941176470588,58.66122830185499,1,0.058823529411764705,19,18,6,3,0.9473684210526315,0.9473684210526315,6,9,0.05263157894736842,0.23529411764705882,0.02321981424148607,3,0.0,0.7222222222222222,0.2777777777777778,2,1,0,0,0,1.8,0.674,2.373,0.111,13,0.294,0.0,0.0,1654.8,layering,0.81,further_layering,HIGH,1082987.0,investment_scam,1
TRAIN-0245,197348.02,2,123114.93,74233.09,98674.01,34564.68054087582,0.6857142857142857,175.0,175.0,175.0,0.0,0,0.0,3,2,2,1,0.6666666666666666,0.6666666666666666,2,1,0.0,0.0,0.0,1,0.0,1.0,0.0,1,1,0,0,0,1.0,0.35,1.248,0.5,2,0.0,1.0,0.0,0.0,emerging,0.32,other,LOW,1812236.0,investment_scam,1
TRAIN-0246,1479212.9400000002,26,218896.81,14414.79,56892.80538461539,49596.17848656377,0.8823529411764707,1768.0,11.0,70.72,31.39601885589955,9,0.36,21,26,7,3,1.2380952380952381,1.2380952380952381,2,3,0.047619047619047616,0.09473684210526316,0.016541353383458645,5,0.0,0.8461538461538461,0.15384615384615385,2,1,0,0,0,1.444,0.872,3.848,0.192,24,0.08,1.0,0.272,1654.8,cashout_prep,0.92,further_layering,HIGH,295843.0,investment_scam,1
TRAIN-0247,2191019.7800000003,12,311163.75,84669.46,182584.9816666667,84156.23992054712,0.6896551724137931,1044.0,26.0,94.9090909090909,48.71438092689785,3,0.2727272727272727,13,12,3,3,0.9230769230769231,0.9230769230769231,3,6,0.07692307692307693,0.20454545454545456,0.02972027972027972,3,0.0,1.0,0.0,1,1,0,0,0,1.714,0.461,1.704,0.167,9,0.273,1.0,0.0,0.0,layering,0.81,further_layering,HIGH,730340.0,investment_scam,1
TRAIN-0248,3408521.1799999997,16,372063.53,57204.42,213032.57374999998,125320.95150548966,0.6779661016949152,1416.0,41.0,94.4,62.927168786054345,3,0.2,16,16,3,3,1.0,1.0,3,3,0.0625,0.17142857142857143,0.03720238095238096,5,0.0,0.8125,0.1875,2,1,0,0,0,1.231,0.588,1.747,0.312,14,0.133,1.0,0.342,1654.8,cashout_prep,0.86,further_layering,HIGH,681704.0,investment_scam,1
TRAIN-0249,2971913.3499999996,11,594382.67,107835.7,270173.94090909086,155978.76187816306,0.7885304659498208,837.0,43.0,83.7,26.93634471613895,3,0.3,10,11,3,2,1.1,1.1,2,1,0.1,0.19444444444444442,0.06527777777777777,5,0.0,0.7272727272727273,0.2727272727272727,2,1,0,0,0,1.222,0.577,2.2,0.273,9,0.2,1.0,0.522,1654.8,cashout_prep,0.87,further_layering,HIGH,594383.0,investment_scam,1
TRAIN-0250,4427527.000000001,23,479980.18,49138.67,192501.17391304352,121502.91091461878,0.7949308755760368,1736.0,28.0,78.9090909090909,53.461075373458215,9,0.4090909090909091,17,23,8,4,1.3529411764705883,1.3529411764705883,3,1,0.11764705882352941,0.1625,0.02034313725490196,4,0.0,1.0,0.0,1,1,0,0,0,1.438,0.631,2.493,0.304,19,0.182,1.0,0.0,0.0,consolidation,0.94,further_layering,HIGH,1106882.0,investment_scam,1
TRAIN-0251,2414251.21,6,868912.08,112213.71,402375.20166666666,251789.81734922383,0.8591885441527446,419.0,8.0,83.8,57.17254585900474,1,0.2,7,6,4,2,0.8571428571428571,0.8571428571428571,4,2,0.14285714285714285,0.26666666666666666,0.03809523809523809,2,0.0,1.0,0.0,1,1,0,0,0,1.2,0.626,2.159,0.333,5,0.2,1.0,0.548,0.0,distribution,0.74,external_transfer,MEDIUM,1207126.0,investment_scam,1
TRAIN-0252,4429926.69,9,894672.03,170989.05,492214.0766666667,275351.06670091633,0.6809583858764187,793.0,7.0,99.125,78.23853179311877,3,0.375,10,9,5,2,0.9,0.9,5,2,0.1,0.2777777777777778,0.04444444444444444,3,0.4444444444444444,0.5555555555555556,0.0,2,1,0,0,0,1.125,0.559,1.818,0.222,8,0.125,1.0,0.0,1303.8,layering,0.86,external_transfer,HIGH,1476642.0,investment_scam,1
TRAIN-0253,3382379.56,15,547372.86,56611.64,225491.97066666666,137257.9552286205,0.9966777408637874,903.0,20.0,64.5,40.14540878050498,9,0.6428571428571429,13,15,3,3,1.1538461538461537,1.1538461538461537,3,2,0.15384615384615385,0.20454545454545456,0.03904428904428904,4,0.0,1.0,0.0,1,1,0,0,0,1.364,0.609,2.427,0.4,13,0.143,0.0,0.0,0.0,consolidation,0.94,cashout,HIGH,845595.0,investment_scam,1
TRAIN-0254,3925913.5199999996,7,1074825.8,276394.41,560844.7885714285,300645.5641093299,0.5965909090909092,704.0,33.0,117.33333333333333,92.54980641074656,3,0.5,8,7,5,2,0.875,0.875,5,2,0.125,0.23809523809523808,0.02976190476190476,2,0.0,1.0,0.0,1,1,0,0,0,1.167,0.536,1.916,0.429,6,0.167,0.0,0.0,0.0,distribution,0.76,cashout,MEDIUM,1962957.0,investment_scam,1
TRAIN-0255,1067948.17,4,480641.5,56617.63,266987.0425,191389.74294273945,0.4371584699453552,549.0,109.0,183.0,94.90521587352299,0,0.0,5,4,4,1,0.8,0.8,4,1,0.2,0.0,0.0,1,0.75,0.25,0.0,2,1,0,0,0,1.0,0.717,1.8,0.25,4,0.0,0.0,0.0,1303.8,collection,0.69,external_transfer,MEDIUM,1067948.0,investment_scam,1
TRAIN-0256,5239292.880000001,11,942204.97,87189.11,476299.3527272728,260970.43521039453,0.584070796460177,1130.0,42.0,113.0,52.744667976962376,1,0.1,12,11,5,3,0.9166666666666666,0.9166666666666666,5,4,0.08333333333333333,0.2727272727272727,0.0409090909090909,3,0.0,1.0,0.0,1,1,0,0,0,1.375,0.548,1.978,0.182,11,0.0,1.0,0.0,0.0,layering,0.84,further_layering,HIGH,1746431.0,investment_scam,1
TRAIN-0257,4353354.36,25,435463.65,34663.67,174134.17440000002,120674.16382857783,0.8777062609713282,1709.0,21.0,71.20833333333333,38.71072109295088,11,0.4583333333333333,21,25,3,3,1.1904761904761905,1.1904761904761905,3,3,0.14285714285714285,0.13421052631578947,0.02117794486215539,5,0.0,0.96,0.04,2,1,0,0,0,1.389,0.693,2.501,0.16,20,0.208,0.0,0.408,1654.8,cashout_prep,0.95,further_layering,HIGH,870671.0,investment_scam,1
TRAIN-0258,7074294.090000001,20,541620.93,103045.71,353714.70450000005,156657.28267965524,0.7164179104477612,1675.0,21.0,88.15789473684211,77.5516051541701,8,0.42105263157894735,18,20,6,4,1.1111111111111112,1.1111111111111112,6,2,0.1111111111111111,0.2426470588235294,0.027369281045751634,4,0.0,1.0,0.0,1,1,0,0,0,1.25,0.443,1.531,0.2,18,0.105,1.0,0.0,0.0,consolidation,0.96,further_layering,HIGH,1768574.0,investment_scam,1
TRAIN-0259,4790085.949999999,17,560057.41,66270.97,281769.7617647058,168508.93368950207,0.787037037037037,1296.0,28.0,81.0,57.33178292477335,7,0.4375,18,17,5,4,0.9444444444444444,0.9444444444444444,5,8,0.05555555555555555,0.22058823529411764,0.02205882352941176,3,0.17647058823529413,0.8235294117647058,0.0,2,1,0,0,0,1.7,0.598,1.988,0.176,11,0.375,1.0,0.0,1303.8,layering,0.87,further_layering,HIGH,1596695.0,investment_scam,1
TRAIN-0260,624808.79,2,326768.86,298039.93,312404.395,20314.421219233634,0.48192771084337344,249.0,249.0,249.0,0.0,0,0.0,3,2,2,1,0.6666666666666666,0.6666666666666666,2,1,0.0,0.0,0.0,1,0.5,0.5,0.0,2,1,0,0,0,1.0,0.065,1.046,0.5,2,0.0,1.0,0.0,1303.8,collection,0.36,external_transfer,LOW,624809.0,investment_scam,1
TRAIN-0261,1756904.3799999997,15,332286.25,24355.48,117126.95866666664,90657.77144383965,1.0452961672473868,861.0,27.0,61.5,32.64906642557393,7,0.5,13,15,3,3,1.1538461538461537,1.1538461538461537,2,2,0.07692307692307693,0.15151515151515152,0.029720279720279717,4,0.0,1.0,0.0,1,1,0,0,0,1.364,0.774,2.837,0.267,13,0.143,0.0,0.0,0.0,consolidation,0.91,further_layering,HIGH,439226.0,investment_scam,1
TRAIN-0262,1912705.5,19,227300.55,29848.93,100668.71052631579,63253.41276538642,0.7165304839723444,1591.0,25.0,88.38888888888889,33.26036130271179,4,0.2222222222222222,16,19,4,3,1.1875,1.1875,2,2,0.0625,0.12380952380952381,0.02738095238095238,5,0.0,1.0,0.0,1,1,0,0,0,1.357,0.628,2.258,0.158,18,0.056,0.842,0.375,0.0,cashout_prep,0.9,further_layering,HIGH,382541.0,investment_scam,1
TRAIN-0263,1622868.24,5,408229.72,225681.94,324573.648,73149.37246553226,0.4702194357366771,638.0,106.0,159.5,42.11492213772532,0,0.0,6,5,5,1,0.8333333333333334,0.8333333333333334,5,1,0.16666666666666666,0.0,0.0,1,0.0,0.2,0.8,2,1,0,0,0,1.0,0.225,1.258,0.4,5,0.0,0.0,0.548,1654.8,collection,0.66,external_transfer,MEDIUM,1622868.0,investment_scam,1
TRAIN-0264,3428011.69,21,403937.32,38388.19,163238.6519047619,107143.72896048665,0.7875,1600.0,25.0,80.0,59.00401413641725,8,0.4,22,21,5,5,0.9545454545454546,0.9545454545454546,5,11,0.045454545454545456,0.1904761904761905,0.0158008658008658,3,0.19047619047619047,0.8095238095238095,0.0,2,1,0,0,0,1.909,0.656,2.475,0.19,14,0.35,0.0,0.0,1303.8,layering,0.86,further_layering,HIGH,1142671.0,investment_scam,1
TRAIN-0265,719140.54,12,118392.38,20231.36,59928.378333333334,37549.060794945166,0.9561752988047808,753.0,20.0,68.45454545454545,36.906269484638074,6,0.5454545454545454,11,12,2,3,1.0909090909090908,1.0909090909090908,2,2,0.0,0.17777777777777778,0.043434343434343436,4,0.08333333333333333,0.9166666666666666,0.0,2,1,0,0,0,1.333,0.627,1.976,0.333,10,0.182,0.0,0.0,1303.8,consolidation,0.84,further_layering,HIGH,179785.0,investment_scam,1
TRAIN-0266,3655265.44,17,489255.43,62584.81,215015.61411764706,139873.7835998171,0.7024793388429752,1452.0,27.0,90.75,58.66571968932681,6,0.375,15,17,4,3,1.1333333333333333,1.1333333333333333,4,2,0.13333333333333333,0.2197802197802198,0.0326007326007326,4,0.0,1.0,0.0,1,1,0,0,0,1.308,0.651,2.275,0.294,13,0.25,1.0,0.0,0.0,consolidation,0.91,further_layering,HIGH,913816.0,investment_scam,1
TRAIN-0267,6094370.04,12,839941.04,82281.69,507864.17,292710.17716658005,0.7221664994984954,997.0,34.0,90.63636363636364,57.606028724904704,6,0.5454545454545454,13,12,6,2,0.9230769230769231,0.9230769230769231,6,2,0.07692307692307693,0.2727272727272727,0.04662004662004661,4,0.0,0.5,0.5,2,1,0,0,0,1.091,0.576,1.654,0.25,11,0.091,0.0,0.0,1654.8,consolidation,0.93,cashout,HIGH,1523593.0,investment_scam,1
TRAIN-0268,2497785.2800000003,25,270747.27,42026.72,99911.41120000002,64973.1175378943,0.7987220447284344,1878.0,22.0,78.25,53.443387356846245,11,0.4583333333333333,20,25,4,4,1.25,1.25,3,3,0.15,0.14035087719298245,0.016812865497076022,4,0.16,0.84,0.0,2,1,0,0,0,1.471,0.65,2.71,0.24,20,0.208,1.0,0.332,1303.8,consolidation,0.98,further_layering,HIGH,624446.0,investment_scam,1
TRAIN-0269,3985415.3100000005,16,406268.2,66981.01,249088.45687500003,119223.55826240209,0.6512890094979648,1474.0,23.0,98.26666666666667,82.19442687630233,7,0.4666666666666667,17,16,4,4,0.9411764705882353,0.9411764705882353,4,8,0.058823529411764705,0.2,0.021568627450980395,3,0.0,1.0,0.0,1,1,0,0,0,1.778,0.479,1.631,0.25,11,0.333,1.0,0.0,0.0,layering,0.85,further_layering,HIGH,1328472.0,investment_scam,1
TRAIN-0270,1598479.21,5,474971.83,165731.33,319695.842,131664.3823317594,0.9090909090909091,330.0,44.0,82.5,77.0,3,0.75,6,5,2,3,0.8333333333333334,0.8333333333333334,2,3,0.0,0.30000000000000004,0.05000000000000001,2,0.0,1.0,0.0,1,1,0,0,0,1.667,0.412,1.486,0.2,3,0.5,1.0,0.0,0.0,distribution,0.69,further_layering,MEDIUM,799240.0,investment_scam,1
TRAIN-0271,6931064.92,19,552952.79,64701.29,364792.8905263158,136864.20097064748,0.8844065166795966,1289.0,19.0,71.61111111111111,48.65985044933486,9,0.5,18,19,5,4,1.0555555555555556,1.0555555555555556,5,3,0.05555555555555555,0.22058823529411764,0.026552287581699346,4,0.2631578947368421,0.7368421052631579,0.0,2,1,0,0,0,1.267,0.375,1.516,0.368,17,0.111,0.105,0.315,1303.8,consolidation,0.94,further_layering,HIGH,1732766.0,investment_scam,1
TRAIN-0272,1511073.6800000002,8,254398.5,123369.92,188884.21000000002,44175.64893952581,0.7779578606158833,617.0,26.0,88.14285714285714,61.21118789738951,2,0.2857142857142857,8,8,2,2,1.0,1.0,2,1,0.0,0.23809523809523808,0.07142857142857142,4,0.0,1.0,0.0,1,1,0,0,0,1.143,0.234,1.347,0.375,8,0.0,0.0,0.0,0.0,consolidation,0.78,further_layering,MEDIUM,377768.0,investment_scam,1
TRAIN-0273,3415269.02,15,463797.13,98276.49,227684.60133333332,106192.89897955705,0.8450704225352113,1065.0,29.0,76.07142857142857,40.05470160766549,5,0.35714285714285715,12,15,5,3,1.25,1.25,3,1,0.16666666666666666,0.21818181818181817,0.04090909090909091,4,0.26666666666666666,0.7333333333333333,0.0,2,1,0,0,0,1.364,0.466,2.037,0.133,12,0.214,0.0,0.0,1303.8,consolidation,0.97,cashout,HIGH,853817.0,investment_scam,1
TRAIN-0274,4737364.15,28,947472.83,37914.66,169191.5767857143,179825.91080283033,0.9076175040518638,1851.0,25.0,68.55555555555556,28.207109487521503,12,0.4444444444444444,21,28,9,5,1.3333333333333333,1.3333333333333333,4,1,0.09523809523809523,0.16842105263157894,0.019799498746867168,5,0.0,1.0,0.0,1,1,0,0,0,1.4,1.063,5.6,0.214,21,0.259,1.0,0.508,0.0,cashout_prep,0.94,further_layering,HIGH,947473.0,investment_scam,1
TRAIN-0275,1922448.9600000002,10,447185.58,47888.12,192244.896,148372.67200647635,0.9677419354838709,620.0,8.0,68.88888888888889,29.0750943439761,3,0.3333333333333333,11,10,4,3,0.9090909090909091,0.9090909090909091,4,4,0.09090909090909091,0.26666666666666666,0.044444444444444446,3,0.0,1.0,0.0,1,1,0,0,0,1.429,0.772,2.326,0.2,9,0.111,1.0,0.0,0.0,layering,0.88,further_layering,HIGH,640816.0,investment_scam,1
TRAIN-0276,5440712.789999999,17,767933.5,50859.95,320041.92882352934,178777.8197420208,0.6115107913669064,1668.0,20.0,104.25,91.48296744931994,7,0.4375,18,17,6,3,0.9444444444444444,0.9444444444444444,6,8,0.05555555555555555,0.2426470588235294,0.02491830065359477,3,0.17647058823529413,0.8235294117647058,0.0,2,1,0,0,0,1.7,0.559,2.399,0.176,12,0.312,0.0,0.0,1303.8,layering,0.85,further_layering,HIGH,1813571.0,investment_scam,1
TRAIN-0277,7726775.08,33,517635.63,105010.52,234144.6993939394,114184.38557422557,0.7460437076111529,2654.0,11.0,82.9375,45.46458210306625,9,0.28125,24,33,11,5,1.375,1.375,6,1,0.08333333333333333,0.20158102766798416,0.016304347826086956,4,0.0,1.0,0.0,1,1,0,0,0,1.435,0.488,2.211,0.242,30,0.094,1.0,0.467,0.0,consolidation,0.92,further_layering,HIGH,1931694.0,investment_scam,1
TRAIN-0278,1903122.9100000004,21,333960.53,26633.01,90624.9004761905,73027.59805001748,0.8737864077669902,1442.0,20.0,72.1,28.523120815447797,8,0.4,16,21,5,3,1.3125,1.3125,2,2,0.125,0.12380952380952381,0.019940476190476192,4,0.0,1.0,0.0,1,1,0,0,0,1.5,0.806,3.685,0.19,17,0.2,0.0,0.0,0.0,consolidation,0.93,further_layering,HIGH,475781.0,investment_scam,1
TRAIN-0279,4631091.64,35,366503.35,36573.37,132316.90399999998,87491.8448934263,0.6735086593970494,3118.0,28.0,91.70588235294117,49.200597071866554,7,0.20588235294117646,25,35,9,5,1.4,1.4,4,2,0.12,0.14492753623188406,0.012536231884057971,4,0.0,1.0,0.0,1,1,0,0,0,1.522,0.661,2.77,0.171,26,0.265,1.0,0.443,0.0,consolidation,0.91,further_layering,HIGH,1157773.0,investment_scam,1
TRAIN-0280,6403947.28,15,917861.28,97165.02,426929.8186666667,205203.6505537742,0.5139920045688178,1751.0,22.0,125.07142857142857,97.69140131101555,4,0.2857142857142857,13,15,5,2,1.1538461538461537,1.1538461538461537,5,1,0.15384615384615385,0.26515151515151514,0.04254079254079254,4,0.0,1.0,0.0,1,1,0,0,0,1.25,0.481,2.15,0.267,13,0.143,1.0,0.507,0.0,consolidation,0.9,cashout,HIGH,1600987.0,investment_scam,1
TRAIN-0281,2598161.71,25,363722.0,43468.69,103926.4684,72947.01959053609,0.8600917431192661,1744.0,23.0,72.66666666666667,37.6247682837489,11,0.4583333333333333,19,25,6,4,1.3157894736842106,1.3157894736842106,3,2,0.15789473684210525,0.14705882352941183,0.017887856897144828,4,0.0,0.84,0.16,2,1,0,0,0,1.471,0.702,3.5,0.2,20,0.208,1.0,0.0,1654.8,consolidation,0.99,further_layering,HIGH,649540.0,investment_scam,1
TRAIN-0282,1709561.1,7,451740.49,111103.15,244223.0142857143,111901.01442408835,0.5377720870678617,781.0,90.0,130.16666666666666,77.29532111755967,0,0.0,8,7,3,4,0.875,0.875,3,4,0.125,0.2857142857142857,0.03571428571428571,2,0.0,0.5714285714285714,0.42857142857142855,2,1,0,0,0,1.75,0.458,1.85,0.429,6,0.167,1.0,0.378,1654.8,distribution,0.72,external_transfer,MEDIUM,854781.0,investment_scam,1
TRAIN-0283,1159376.3,12,198848.22,20769.67,96614.69166666667,63549.72024255465,0.70935960591133,1015.0,38.0,92.27272727272727,40.497137946010234,3,0.2727272727272727,13,12,3,3,0.9230769230769231,0.9230769230769231,3,6,0.07692307692307693,0.20454545454545456,0.02972027972027972,3,0.0,1.0,0.0,1,1,0,0,0,1.714,0.658,2.058,0.25,8,0.364,1.0,0.0,0.0,layering,0.79,further_layering,MEDIUM,386459.0,investment_scam,1
TRAIN-0284,294284.35,2,221667.12,72617.23,147142.175,105394.18795410897,7.0588235294117645,17.0,17.0,17.0,0.0,1,1.0,3,2,2,1,0.6666666666666666,0.6666666666666666,2,1,0.0,0.0,0.0,1,0.0,1.0,0.0,1,1,0,0,0,1.0,0.716,1.506,0.5,2,0.0,1.0,0.0,0.0,collection,0.53,further_layering,MEDIUM,294284.0,investment_scam,1
TRAIN-0285,1555085.13,7,518361.71,95286.28,222155.01857142855,153161.8244869053,1.5671641791044775,268.0,26.0,44.666666666666664,11.003029885748136,6,1.0,8,7,1,3,0.875,0.875,1,4,0.0,0.14285714285714285,0.041666666666666664,3,0.8571428571428571,0.14285714285714285,0.0,2,0,1,0,0,1.75,0.689,2.333,0.286,7,0.0,0.0,0.0,1303.8,layering,0.84,further_layering,HIGH,518362.0,digital_arrest,1
TRAIN-0286,190689.22999999998,2,103041.93,87647.3,95344.61499999999,10885.647266857854,0.2575107296137339,466.0,466.0,466.0,0.0,0,0.0,3,2,2,1,0.6666666666666666,0.6666666666666666,2,1,0.0,0.0,0.0,1,1.0,0.0,0.0,1,0,1,0,0,1.0,0.114,1.081,0.5,2,0.0,1.0,0.707,0.0,emerging,0.3,other,LOW,1451281.0,digital_arrest,1
TRAIN-0287,3999649.78,14,894971.74,51360.25,285689.26999999996,241453.6565957992,1.530054644808743,549.0,18.0,42.23076923076923,16.41723609581226,12,0.9230769230769231,15,14,2,3,0.9333333333333333,0.9333333333333333,2,9,0.0,0.13186813186813187,0.01868131868131868,3,1.0,0.0,0.0,1,0,1,0,0,2.333,0.845,3.133,0.214,10,0.308,0.0,0.0,0.0,layering,0.84,further_layering,HIGH,1333217.0,digital_arrest,1
TRAIN-0288,1941409.5100000002,5,647136.51,225089.61,388281.90200000006,175035.214491642,4.0,75.0,10.0,18.75,14.863265679744362,4,1.0,6,5,1,2,0.8333333333333334,0.8333333333333334,1,2,0.0,0.2,0.06666666666666667,3,0.8,0.2,0.0,2,0,1,0,0,1.25,0.451,1.667,0.4,4,0.25,0.0,0.0,1303.8,layering,0.82,further_layering,HIGH,647137.0,digital_arrest,1
TRAIN-0289,4750051.68,9,1164603.58,177151.63,527783.52,338730.99441149493,1.0714285714285714,504.0,15.0,63.0,92.83933895253055,7,0.875,10,9,2,3,0.9,0.9,2,5,0.0,0.19444444444444442,0.04027777777777777,3,0.8888888888888888,0.0,0.1111111111111111,2,0,1,0,0,1.8,0.642,2.207,0.333,8,0.125,1.0,0.0,1148.1,layering,0.84,further_layering,HIGH,1583351.0,digital_arrest,1
TRAIN-0290,4955994.07,7,901286.76,348101.34,707999.1528571428,198193.2849598286,0.9032258064516129,465.0,29.0,77.5,101.51403843804067,5,0.8333333333333334,8,7,2,2,0.875,0.875,2,3,0.0,0.23809523809523808,0.05654761904761905,3,1.0,0.0,0.0,1,0,1,0,0,1.4,0.28,1.273,0.429,6,0.167,1.0,0.0,0.0,layering,0.76,further_layering,MEDIUM,1651998.0,digital_arrest,1
TRAIN-0291,201421.28,1,201421.28,201421.28,201421.28,0.0,60.0,1.0,0.0,0.0,0.0,0,0.0,2,1,1,1,0.5,0.5,1,1,0.0,0.0,0.0,1,0.0,1.0,0.0,1,0,1,0,0,1.0,0.0,1.0,0.5,1,1.0,0.0,0.0,0.0,emerging,0.39,external_transfer,LOW,792992.0,digital_arrest,1
TRAIN-0292,136935.35,1,136935.35,136935.35,136935.35,0.0,60.0,1.0,0.0,0.0,0.0,0,0.0,2,1,1,1,0.5,0.5,1,1,0.0,0.0,0.0,1,1.0,0.0,0.0,1,0,1,0,0,1.0,0.0,1.0,0.5,1,1.0,1.0,0.0,0.0,emerging,0.38,external_transfer,LOW,673456.0,digital_arrest,1
TRAIN-0293,1295102.25,16,259020.45,36684.01,80943.890625,61987.44122727629,1.3296398891966759,722.0,11.0,48.13333333333333,29.854089613764252,12,0.8,15,16,3,3,1.0666666666666667,1.0666666666666667,1,3,0.06666666666666667,0.08424908424908426,0.02564102564102564,5,0.875,0.0,0.125,2,0,1,0,0,1.333,0.766,3.2,0.25,14,0.133,1.0,0.0,1148.1,cashout_prep,0.98,further_layering,HIGH,259020.0,digital_arrest,1
TRAIN-0294,2343528.21,6,781176.07,151333.62,390588.035,219681.8365063767,1.9672131147540985,183.0,27.0,36.6,8.142481194328912,5,1.0,7,6,1,2,0.8571428571428571,0.8571428571428571,1,3,0.0,0.16666666666666666,0.05238095238095238,3,0.6666666666666666,0.3333333333333333,0.0,2,0,1,0,0,1.5,0.562,2.0,0.333,6,0.0,0.0,0.0,1303.8,layering,0.83,further_layering,HIGH,781176.0,digital_arrest,1
TRAIN-0295,1189197.54,2,976198.88,212998.66,594598.77,539664.0509650649,0.6217616580310881,193.0,193.0,193.0,0.0,0,0.0,3,2,2,1,0.6666666666666666,0.6666666666666666,2,1,0.0,0.0,0.0,1,1.0,0.0,0.0,1,0,1,0,0,1.0,0.908,1.642,0.5,2,0.0,1.0,0.0,0.0,collection,0.37,other,LOW,1189198.0,digital_arrest,1
TRAIN-0296,2081796.9899999998,8,693932.33,92347.76,260224.62374999997,202041.3948460657,2.4615384615384617,195.0,12.0,27.857142857142858,13.50837482735027,7,1.0,9,8,1,3,0.8888888888888888,0.8888888888888888,1,5,0.0,0.125,0.03373015873015873,3,1.0,0.0,0.0,1,0,1,0,0,2.0,0.776,2.667,0.25,4,0.571,1.0,0.0,0.0,layering,0.81,further_layering,HIGH,693932.0,digital_arrest,1
TRAIN-0297,4597746.32,8,782367.23,367069.35,574718.29,218647.83830241184,1.0786516853932584,445.0,16.0,63.57142857142857,87.84428864541536,6,0.8571428571428571,9,8,2,2,0.8888888888888888,0.8888888888888888,2,2,0.0,0.21428571428571427,0.06349206349206349,4,0.75,0.25,0.0,2,0,1,0,0,1.143,0.38,1.361,0.375,8,0.0,0.0,0.0,1303.8,consolidation,0.88,further_layering,HIGH,1149437.0,digital_arrest,1
TRAIN-0298,1960113.5800000003,5,623650.98,185656.83,392022.7160000001,157731.15445873962,3.0303030303030303,99.0,20.0,24.75,9.5,4,1.0,6,5,2,3,0.8333333333333334,0.8333333333333334,2,3,0.0,0.30000000000000004,0.05000000000000001,2,0.6,0.0,0.4,2,0,1,0,0,1.667,0.402,1.591,0.4,4,0.25,0.0,0.0,1148.1,distribution,0.8,further_layering,HIGH,980057.0,digital_arrest,1
TRAIN-0299,2544598.8299999996,11,636149.7,52433.23,231327.16636363632,222802.51206067912,1.6136919315403424,409.0,17.0,40.9,13.723054405715303,10,1.0,10,11,3,3,1.1,1.1,1,2,0.1,0.1111111111111111,0.03611111111111111,4,0.9090909090909091,0.0,0.09090909090909091,2,0,1,0,0,1.375,0.963,2.75,0.364,8,0.3,1.0,0.0,1148.1,consolidation,0.97,further_layering,HIGH,636150.0,digital_arrest,1
TRAIN-0300,553526.3099999999,2,449555.67,103970.64,276763.15499999997,244365.51818955646,1.1111111111111112,108.0,108.0,108.0,0.0,0,0.0,3,2,2,1,0.6666666666666666,0.6666666666666666,2,1,0.0,0.0,0.0,1,0.5,0.5,0.0,2,0,1,0,0,1.0,0.883,1.624,0.5,2,0.0,1.0,0.0,1303.8,collection,0.38,external_transfer,LOW,553526.0,digital_arrest,1
TRAIN-0301,384753.54,1,384753.54,384753.54,384753.54,0.0,60.0,1.0,0.0,0.0,0.0,0,0.0,2,1,1,1,0.5,0.5,1,1,0.0,0.0,0.0,1,1.0,0.0,0.0,1,0,1,0,0,1.0,0.0,1.0,0.5,1,1.0,1.0,0.0,0.0,collection,0.4,external_transfer,LOW,384754.0,digital_arrest,1
TRAIN-0302,1681548.2300000002,11,378872.37,33445.33,152868.02090909093,110644.63127674632,1.4193548387096775,465.0,33.0,46.5,12.791055902899929,9,0.9,12,11,2,3,0.9166666666666666,0.9166666666666666,2,6,0.0,0.16363636363636364,0.02727272727272727,3,1.0,0.0,0.0,1,0,1,0,0,1.833,0.724,2.478,0.182,8,0.3,0.182,0.405,0.0,layering,0.85,further_layering,HIGH,560516.0,digital_arrest,1
TRAIN-0303,5318375.3100000005,8,1013952.1,341655.65,664796.9137500001,261230.11581835922,2.4870466321243523,193.0,8.0,27.571428571428573,16.641886339967023,7,1.0,9,8,2,2,0.8888888888888888,0.8888888888888888,2,4,0.0,0.21428571428571427,0.047619047619047616,3,0.75,0.25,0.0,2,0,1,0,0,1.6,0.393,1.525,0.25,6,0.286,1.0,0.0,1303.8,layering,0.86,further_layering,HIGH,1772792.0,digital_arrest,1
TRAIN-0304,2573471.4,11,643367.85,82866.09,233951.94545454544,183284.48496477658,1.5903614457831325,415.0,14.0,41.5,14.13624183909335,10,1.0,10,11,2,3,1.1,1.1,1,2,0.0,0.125,0.0375,4,1.0,0.0,0.0,1,0,1,0,0,1.375,0.783,2.75,0.364,10,0.1,1.0,0.0,0.0,consolidation,0.91,further_layering,HIGH,643368.0,digital_arrest,1
TRAIN-0305,614690.6799999999,9,153672.67,26546.04,68298.96444444444,37602.1559252974,2.076923076923077,260.0,16.0,32.5,13.027443560203427,8,1.0,8,9,3,2,1.125,1.125,1,1,0.125,0.14285714285714285,0.05357142857142857,4,1.0,0.0,0.0,1,0,1,0,0,1.286,0.551,2.25,0.333,9,0.0,0.0,0.0,0.0,consolidation,0.97,cashout,HIGH,153673.0,digital_arrest,1
TRAIN-0306,4128005.4499999997,11,825601.09,171389.94,375273.2227272727,216428.3105863241,1.8282548476454294,361.0,13.0,36.1,24.342235814412046,9,0.9,11,11,2,2,1.0,1.0,1,2,0.0,0.11111111111111112,0.04747474747474747,5,1.0,0.0,0.0,1,0,1,0,0,1.222,0.577,2.2,0.273,10,0.1,0.0,0.0,0.0,cashout_prep,0.91,further_layering,HIGH,825601.0,digital_arrest,1
TRAIN-0307,2560903.47,10,455619.57,29880.76,256090.347,159402.46112341204,1.0830324909747293,554.0,20.0,61.55555555555556,71.8194108704449,8,0.8888888888888888,11,10,2,3,0.9090909090909091,0.9090909090909091,2,5,0.0,0.17777777777777778,0.031313131313131314,3,1.0,0.0,0.0,1,0,1,0,0,1.667,0.622,1.779,0.2,7,0.333,0.0,0.0,0.0,layering,0.83,further_layering,HIGH,853634.0,digital_arrest,1
TRAIN-0308,3295297.5199999996,9,896262.61,128169.72,366144.16888888885,259995.65845793977,1.0997963340122199,491.0,13.0,61.375,81.41592946978234,7,0.875,10,9,2,3,0.9,0.9,2,5,0.0,0.19444444444444442,0.04027777777777777,3,1.0,0.0,0.0,1,0,1,0,0,1.8,0.71,2.448,0.111,8,0.125,1.0,0.0,0.0,layering,0.86,further_layering,HIGH,1098433.0,digital_arrest,1
TRAIN-0309,1865802.4,8,282834.53,183616.07,233225.3,27395.134911200672,1.92,250.0,20.0,35.714285714285715,12.566016150903273,7,1.0,9,8,2,2,0.8888888888888888,0.8888888888888888,2,2,0.0,0.21428571428571427,0.06349206349206349,4,0.5,0.5,0.0,2,0,1,0,0,1.143,0.117,1.213,0.75,7,0.143,1.0,0.0,1303.8,consolidation,0.83,further_layering,HIGH,466451.0,digital_arrest,1
TRAIN-0310,941959.5299999999,8,313986.51,30071.42,117744.94124999999,94832.6305862673,2.3529411764705883,204.0,10.0,29.142857142857142,15.442674330445179,7,1.0,9,8,1,3,0.8888888888888888,0.8888888888888888,1,5,0.0,0.125,0.03373015873015873,3,1.0,0.0,0.0,1,0,1,0,0,2.0,0.805,2.667,0.125,5,0.429,1.0,0.0,0.0,layering,0.84,further_layering,HIGH,313987.0,digital_arrest,1
TRAIN-0311,3885802.6499999994,11,895078.37,112921.55,353254.7863636363,240201.8190243977,1.5,440.0,21.0,44.0,43.109679243117135,9,0.9,12,11,2,3,0.9166666666666666,0.9166666666666666,2,6,0.0,0.16363636363636364,0.02727272727272727,3,0.7272727272727273,0.0,0.2727272727272727,2,0,1,0,0,1.833,0.68,2.534,0.182,9,0.2,0.0,0.0,1148.1,layering,0.88,further_layering,HIGH,1295268.0,digital_arrest,1
TRAIN-0312,468918.41,1,468918.41,468918.41,468918.41,0.0,60.0,1.0,0.0,0.0,0.0,0,0.0,2,1,1,1,0.5,0.5,1,1,0.0,0.0,0.0,1,1.0,0.0,0.0,1,0,1,0,0,1.0,0.0,1.0,0.5,1,1.0,0.0,0.0,0.0,collection,0.4,external_transfer,LOW,468918.0,digital_arrest,1
TRAIN-0313,41771.75,1,41771.75,41771.75,41771.75,0.0,60.0,1.0,0.0,0.0,0.0,0,0.0,2,1,1,1,0.5,0.5,1,1,0.0,0.0,0.0,1,1.0,0.0,0.0,1,0,1,0,0,1.0,0.0,1.0,0.5,1,1.0,1.0,0.0,0.0,emerging,0.38,external_transfer,LOW,297645.0,digital_arrest,1
TRAIN-0314,2299884.11,10,459976.83,55617.58,229988.411,148476.16631343472,1.8867924528301887,318.0,17.0,35.333333333333336,16.446884203398525,9,1.0,9,10,3,2,1.1111111111111112,1.1111111111111112,1,1,0.1111111111111111,0.125,0.06349206349206349,5,0.8,0.0,0.2,2,0,1,0,0,1.25,0.646,2.0,0.3,9,0.111,0.0,0.0,1148.1,cashout_prep,0.99,cashout,HIGH,459977.0,digital_arrest,1
TRAIN-0315,3219823.2499999995,12,643964.65,128047.75,268318.6041666666,143142.92186121258,1.6551724137931034,435.0,11.0,39.54545454545455,24.75626642433643,9,0.8181818181818182,13,12,1,2,0.9230769230769231,0.9230769230769231,1,3,0.0,0.09090909090909091,0.03438228438228438,5,1.0,0.0,0.0,1,0,1,0,0,1.2,0.533,2.4,0.333,11,0.091,0.167,0.389,0.0,cashout_prep,0.88,further_layering,HIGH,643965.0,digital_arrest,1
TRAIN-0316,3742939.72,19,753501.7,79755.45,196996.82736842107,154737.95635705057,1.3411764705882354,850.0,12.0,47.22222222222222,58.5888521373413,17,0.9444444444444444,16,19,4,3,1.1875,1.1875,2,3,0.0625,0.12380952380952381,0.021130952380952382,4,1.0,0.0,0.0,1,0,1,0,0,1.462,0.785,3.825,0.211,17,0.111,0.0,0.0,0.0,consolidation,0.99,further_layering,HIGH,935735.0,digital_arrest,1
TRAIN-0317,343590.66000000003,9,114530.22,7620.68,38176.740000000005,33898.08281385468,1.8120805369127517,298.0,11.0,37.25,12.056415008498291,8,1.0,10,9,1,3,0.9,0.9,1,6,0.0,0.1111111111111111,0.02777777777777778,3,0.7777777777777778,0.0,0.2222222222222222,2,0,1,0,0,2.25,0.888,3.0,0.222,6,0.375,1.0,0.0,1148.1,layering,0.79,further_layering,MEDIUM,114530.0,digital_arrest,1
TRAIN-0318,1246437.78,3,623218.89,280854.07,415479.26,182517.69365130962,1.5254237288135595,118.0,59.0,59.0,0.0,2,1.0,4,3,1,2,0.75,0.75,1,2,0.0,0.3333333333333333,0.08333333333333333,2,1.0,0.0,0.0,1,0,1,0,0,1.5,0.439,1.5,0.333,3,0.0,0.0,0.0,0.0,distribution,0.71,further_layering,MEDIUM,623219.0,digital_arrest,1
TRAIN-0319,1414229.26,3,707114.63,274810.01,471409.75333333336,218789.2358140579,1.875,96.0,48.0,48.0,0.0,2,1.0,4,3,1,2,0.75,0.75,1,2,0.0,0.3333333333333333,0.08333333333333333,2,1.0,0.0,0.0,1,0,1,0,0,1.5,0.464,1.5,0.333,2,0.5,1.0,0.0,0.0,distribution,0.67,further_layering,MEDIUM,707115.0,digital_arrest,1
TRAIN-0320,2182911.79,7,727637.26,105290.94,311844.54142857145,220323.19436927262,1.7283950617283952,243.0,17.0,40.5,16.343194302216443,6,1.0,8,7,1,3,0.875,0.875,1,4,0.0,0.14285714285714285,0.041666666666666664,3,0.7142857142857143,0.2857142857142857,0.0,2,0,1,0,0,1.75,0.707,2.333,0.429,6,0.167,1.0,0.0,1303.8,layering,0.81,further_layering,HIGH,727637.0,digital_arrest,1
TRAIN-0321,730201.89,8,243400.63,37394.71,91275.23625,71934.02798521474,2.2966507177033493,209.0,11.0,29.857142857142858,18.4790743944655,7,1.0,9,8,1,3,0.8888888888888888,0.8888888888888888,1,5,0.0,0.125,0.03373015873015873,3,1.0,0.0,0.0,1,0,1,0,0,2.0,0.788,2.667,0.25,5,0.429,1.0,0.0,0.0,layering,0.8,further_layering,HIGH,243401.0,digital_arrest,1
TRAIN-0322,4516805.3,19,685864.66,55259.24,237726.5947368421,160904.73373281825,1.6193181818181819,704.0,11.0,39.111111111111114,31.03676925441232,17,0.9444444444444444,16,19,3,3,1.1875,1.1875,2,3,0.125,0.12380952380952381,0.020833333333333336,4,0.9473684210526315,0.0,0.05263157894736842,2,0,1,0,0,1.462,0.677,2.885,0.211,15,0.222,1.0,0.0,1148.1,consolidation,0.99,cashout,HIGH,1129201.0,digital_arrest,1
TRAIN-0323,2875452.32,17,469656.07,69802.67,169144.25411764704,113592.64326935896,1.2781954887218046,798.0,12.0,49.875,65.94530562013746,15,0.9375,13,17,6,3,1.3076923076923077,1.3076923076923077,2,1,0.07692307692307693,0.15151515151515152,0.02738927738927739,4,0.8823529411764706,0.11764705882352941,0.0,2,0,1,0,0,1.417,0.672,2.777,0.235,14,0.188,1.0,0.0,1303.8,consolidation,0.99,further_layering,HIGH,718863.0,digital_arrest,1
TRAIN-0324,2753194.93,7,917731.64,104103.66,393313.56142857147,289140.5233027375,2.2340425531914896,188.0,10.0,31.333333333333332,12.468627296806439,6,1.0,8,7,1,3,0.875,0.875,1,4,0.0,0.14285714285714285,0.041666666666666664,3,1.0,0.0,0.0,1,0,1,0,0,1.75,0.735,2.333,0.286,4,0.5,0.0,0.0,0.0,layering,0.8,further_layering,HIGH,917732.0,digital_arrest,1
TRAIN-0325,5972602.460000001,20,1194520.49,124393.62,298630.123,269505.14681793423,1.7937219730941703,669.0,11.0,35.21052631578947,19.74160566296589,18,0.9473684210526315,15,20,7,3,1.3333333333333333,1.3333333333333333,2,1,0.06666666666666667,0.13186813186813187,0.027838827838827847,5,1.0,0.0,0.0,1,0,1,0,0,1.429,0.902,4.0,0.3,17,0.158,1.0,0.0,0.0,cashout_prep,0.99,further_layering,HIGH,1194521.0,digital_arrest,1
TRAIN-0326,1835897.4400000002,10,356550.8,102423.56,183589.744,82180.35330199145,2.298850574712644,261.0,9.0,29.0,17.0,9,1.0,10,10,2,2,1.0,1.0,2,2,0.0,0.19444444444444442,0.05277777777777777,4,0.9,0.1,0.0,2,0,1,0,0,1.25,0.448,1.942,0.3,9,0.111,0.0,0.0,1303.8,consolidation,0.94,further_layering,HIGH,458974.0,digital_arrest,1
TRAIN-0327,1615931.4300000002,6,538643.81,100127.28,269321.905,153231.59873330395,1.978021978021978,182.0,13.0,36.4,20.0074985942771,5,1.0,7,6,1,2,0.8571428571428571,0.8571428571428571,1,3,0.0,0.16666666666666666,0.052380952380952375,3,0.8333333333333334,0.0,0.16666666666666666,2,0,1,0,0,1.5,0.569,2.0,0.333,6,0.0,0.0,0.0,1148.1,layering,0.83,further_layering,HIGH,538644.0,digital_arrest,1
TRAIN-0328,2118665.4,11,529666.35,72901.39,192605.94545454544,128271.9422530611,2.082018927444795,317.0,10.0,31.7,19.900027917345017,10,1.0,10,11,3,2,1.1,1.1,1,2,0.1,0.1111111111111111,0.03749999999999999,4,1.0,0.0,0.0,1,0,1,0,0,1.375,0.666,2.75,0.182,10,0.1,0.0,0.0,0.0,consolidation,0.99,cashout,HIGH,529666.0,digital_arrest,1
TRAIN-0329,2009875.92,7,669958.64,101048.19,287125.1314285714,197044.99969698896,2.320441988950276,181.0,13.0,30.166666666666668,19.020164738157938,6,1.0,8,7,1,3,0.875,0.875,1,4,0.0,0.14285714285714285,0.041666666666666664,3,1.0,0.0,0.0,1,0,1,0,0,1.75,0.686,2.333,0.286,4,0.5,0.0,0.0,0.0,layering,0.8,further_layering,HIGH,669959.0,digital_arrest,1
TRAIN-0330,774240.98,3,387120.49,137213.27,258080.32666666666,125153.92285689904,2.0,90.0,45.0,45.0,0.0,2,1.0,4,3,1,2,0.75,0.75,1,2,0.0,0.3333333333333333,0.08333333333333333,2,0.6666666666666666,0.0,0.3333333333333333,2,0,1,0,0,1.5,0.485,1.5,0.333,3,0.0,0.0,0.0,1148.1,distribution,0.73,external_transfer,MEDIUM,387120.0,digital_arrest,1
TRAIN-0331,2550206.09,6,466661.1,383407.59,425034.3483333333,33421.00724672337,1.005586592178771,358.0,22.0,71.6,81.3283468416763,4,0.8,7,6,2,2,0.8571428571428571,0.8571428571428571,2,2,0.0,0.26666666666666666,0.06666666666666667,3,1.0,0.0,0.0,1,0,1,0,0,1.2,0.079,1.098,0.5,6,0.0,0.0,0.0,0.0,layering,0.76,further_layering,MEDIUM,850069.0,digital_arrest,1
TRAIN-0332,2526630.24,9,631657.56,194911.09,280736.69333333336,145576.72938157312,2.0224719101123596,267.0,13.0,33.375,12.05863650193148,8,1.0,8,9,3,2,1.125,1.125,1,1,0.125,0.14285714285714285,0.05357142857142857,4,1.0,0.0,0.0,1,0,1,0,0,1.286,0.519,2.25,0.444,9,0.0,1.0,0.0,0.0,consolidation,0.97,cashout,HIGH,631658.0,digital_arrest,1
TRAIN-0333,46084.07,1,46084.07,46084.07,46084.07,0.0,60.0,1.0,0.0,0.0,0.0,0,0.0,2,1,1,1,0.5,0.5,1,1,0.0,0.0,0.0,1,1.0,0.0,0.0,1,0,1,0,0,1.0,0.0,1.0,0.5,1,1.0,1.0,0.0,0.0,emerging,0.38,external_transfer,LOW,267048.0,digital_arrest,1
TRAIN-0334,929403.44,1,929403.44,929403.44,929403.44,0.0,60.0,1.0,0.0,0.0,0.0,0,0.0,2,1,1,1,0.5,0.5,1,1,0.0,0.0,0.0,1,1.0,0.0,0.0,1,0,1,0,0,1.0,0.0,1.0,0.5,1,1.0,0.0,0.0,0.0,collection,0.43,external_transfer,LOW,929403.0,digital_arrest,1
TRAIN-0335,142706.21000000002,2,73218.86,69487.35,71353.10500000001,2638.5760250654102,0.40955631399317405,293.0,293.0,293.0,0.0,0,0.0,3,2,2,1,0.6666666666666666,0.6666666666666666,2,1,0.0,0.0,0.0,1,1.0,0.0,0.0,1,0,1,0,0,1.0,0.037,1.026,0.5,2,0.0,1.0,0.0,0.0,emerging,0.31,other,LOW,449617.0,digital_arrest,1
TRAIN-0336,166185.33000000002,2,102710.16,63475.17,83092.66500000001,27743.327488786384,0.9160305343511451,131.0,131.0,131.0,0.0,0,0.0,3,2,2,1,0.6666666666666666,0.6666666666666666,2,1,0.0,0.0,0.0,1,1.0,0.0,0.0,1,0,1,0,0,1.0,0.334,1.236,0.5,2,0.0,1.0,0.0,0.0,emerging,0.33,other,LOW,1271246.0,digital_arrest,1
TRAIN-0337,2717434.0999999996,14,543486.82,64640.19,194102.43571428568,166874.86660755248,1.8625277161862528,451.0,12.0,34.69230769230769,13.858719369555851,13,1.0,11,14,5,3,1.2727272727272727,1.2727272727272727,1,1,0.09090909090909091,0.1,0.0404040404040404,5,1.0,0.0,0.0,1,0,1,0,0,1.4,0.86,2.8,0.286,13,0.077,1.0,0.0,0.0,cashout_prep,0.99,cashout,HIGH,543487.0,digital_arrest,1
TRAIN-0338,4817595.85,15,616883.87,108570.2,321173.05666666664,161142.63241759365,1.2278308321964528,733.0,14.0,52.357142857142854,49.897752597544056,13,0.9285714285714286,12,15,5,3,1.25,1.25,2,1,0.08333333333333333,0.16363636363636364,0.031818181818181815,4,1.0,0.0,0.0,1,0,1,0,0,1.364,0.502,1.921,0.333,14,0.071,0.6,0.507,0.0,consolidation,0.98,cashout,HIGH,1204399.0,digital_arrest,1
TRAIN-0339,839806.98,5,279935.66,129074.01,167961.396,63536.399025866885,1.6666666666666667,180.0,38.0,45.0,5.228129047119374,4,1.0,6,5,1,2,0.8333333333333334,0.8333333333333334,1,2,0.0,0.2,0.06666666666666667,3,0.6,0.0,0.4,2,0,1,0,0,1.25,0.378,1.667,0.4,5,0.0,1.0,0.0,1148.1,layering,0.79,further_layering,MEDIUM,279936.0,digital_arrest,1
TRAIN-0340,1096448.3,2,698958.72,397489.58,548224.15,213170.87321247664,1.3636363636363638,88.0,88.0,88.0,0.0,0,0.0,3,2,2,1,0.6666666666666666,0.6666666666666666,2,1,0.0,0.0,0.0,1,0.0,0.0,1.0,1,0,1,0,0,1.0,0.389,1.275,0.5,2,0.0,1.0,0.0,0.0,collection,0.4,further_layering,LOW,1096448.0,digital_arrest,1
TRAIN-0341,492486.04,9,164162.0,9656.74,54720.67111111111,49652.08113582814,1.7704918032786887,305.0,21.0,38.125,14.913440725926202,8,1.0,10,9,1,3,0.9,0.9,1,6,0.0,0.1111111111111111,0.02777777777777778,3,1.0,0.0,0.0,1,0,1,0,0,2.25,0.907,3.0,0.222,8,0.125,1.0,0.0,0.0,layering,0.81,further_layering,HIGH,164162.0,digital_arrest,1
TRAIN-0342,2418762.0,8,646661.81,126887.05,302345.25,184747.1895906691,1.4457831325301205,332.0,39.0,47.42857142857143,7.546680127869536,7,1.0,9,8,2,3,0.8888888888888888,0.8888888888888888,2,4,0.0,0.21428571428571427,0.047619047619047616,3,0.75,0.0,0.25,2,0,1,0,0,1.6,0.611,2.139,0.25,6,0.286,1.0,0.354,1148.1,layering,0.84,further_layering,HIGH,806254.0,digital_arrest,1
TRAIN-0343,2419417.04,5,857378.52,328495.41,483883.408,228785.16861668846,0.7874015748031497,381.0,52.0,95.25,86.5,3,0.75,6,5,2,3,0.8333333333333334,0.8333333333333334,2,3,0.0,0.30000000000000004,0.05000000000000001,2,1.0,0.0,0.0,1,0,1,0,0,1.667,0.473,1.772,0.4,3,0.5,1.0,0.447,0.0,distribution,0.66,further_layering,MEDIUM,1209709.0,digital_arrest,1
TRAIN-0344,1434768.51,5,478256.17,235230.32,286953.702,107012.33937798325,2.4,125.0,20.0,31.25,14.72809107341025,4,1.0,6,5,1,2,0.8333333333333334,0.8333333333333334,1,2,0.0,0.2,0.06666666666666667,3,1.0,0.0,0.0,1,0,1,0,0,1.25,0.373,1.667,0.8,4,0.25,0.0,0.0,0.0,layering,0.72,further_layering,MEDIUM,478256.0,digital_arrest,1
TRAIN-0345,4339037.57,8,839532.07,294416.4,542379.69625,205846.63376694696,1.4953271028037385,321.0,13.0,45.857142857142854,33.26373686879137,6,0.8571428571428571,9,8,2,2,0.8888888888888888,0.8888888888888888,2,4,0.0,0.21428571428571427,0.047619047619047616,3,0.75,0.25,0.0,2,0,1,0,0,1.6,0.38,1.548,0.25,7,0.143,0.0,0.0,1303.8,layering,0.84,further_layering,HIGH,1446346.0,digital_arrest,1
TRAIN-0346,2251078.0,9,562769.5,136828.75,250119.77777777778,137207.3664217614,1.9148936170212765,282.0,16.0,35.25,13.155661464610153,8,1.0,9,9,2,2,1.0,1.0,1,2,0.0,0.125,0.04761904761904762,4,1.0,0.0,0.0,1,0,1,0,0,1.286,0.549,2.25,0.333,8,0.125,1.0,0.0,0.0,consolidation,0.89,further_layering,HIGH,562770.0,digital_arrest,1
TRAIN-0347,2510091.0000000005,9,627522.75,75640.95,278899.00000000006,194687.91269093016,1.560693641618497,346.0,16.0,43.25,12.892411943243426,8,1.0,8,9,3,2,1.125,1.125,1,1,0.125,0.14285714285714285,0.05357142857142857,4,1.0,0.0,0.0,1,0,1,0,0,1.286,0.698,2.25,0.333,8,0.125,0.0,0.0,0.0,consolidation,0.96,cashout,HIGH,627523.0,digital_arrest,1
TRAIN-0348,240239.77,2,129869.18,110370.59,120119.885,13787.585212576201,0.21660649819494587,554.0,554.0,554.0,0.0,0,0.0,3,2,2,1,0.6666666666666666,0.6666666666666666,2,1,0.0,0.0,0.0,1,1.0,0.0,0.0,1,0,1,0,0,1.0,0.115,1.081,0.5,2,0.0,1.0,0.0,0.0,emerging,0.31,other,LOW,1177018.0,digital_arrest,1
TRAIN-0349,401181.12000000005,6,133727.04,18672.31,66863.52,38516.734741604465,2.1951219512195124,164.0,23.0,32.8,6.457553716385176,5,1.0,7,6,1,2,0.8571428571428571,0.8571428571428571,1,3,0.0,0.16666666666666666,0.05238095238095238,3,0.6666666666666666,0.0,0.3333333333333333,2,0,1,0,0,1.5,0.576,2.0,0.333,5,0.2,1.0,0.0,1148.1,layering,0.77,further_layering,MEDIUM,133727.0,digital_arrest,1
TRAIN-0350,1981056.08,11,495264.02,99771.1,180096.0072727273,120924.1111819241,2.122186495176849,311.0,14.0,31.1,13.177843357528406,10,1.0,11,11,2,2,1.0,1.0,1,3,0.0,0.1,0.03333333333333333,4,1.0,0.0,0.0,1,0,1,0,0,1.375,0.671,2.75,0.364,10,0.1,1.0,0.0,0.0,consolidation,0.91,further_layering,HIGH,495264.0,digital_arrest,1
TRAIN-0351,3276063.9000000004,8,786887.38,107403.76,409507.98750000005,225746.6762016946,1.1538461538461537,416.0,17.0,59.42857142857143,84.74836703020132,6,0.8571428571428571,9,8,2,3,0.8888888888888888,0.8888888888888888,2,4,0.0,0.21428571428571427,0.047619047619047616,3,0.625,0.0,0.375,2,0,1,0,0,1.6,0.551,1.922,0.25,6,0.286,1.0,0.0,1148.1,layering,0.83,further_layering,HIGH,1092021.0,digital_arrest,1
TRAIN-0352,4070452.1999999997,13,814090.44,61976.64,313111.70769230765,258537.9870928414,1.5568862275449102,501.0,17.0,41.75,23.44093156696791,11,0.9166666666666666,12,13,2,3,1.0833333333333333,1.0833333333333333,1,2,0.0,0.10909090909090909,0.03863636363636364,5,0.7692307692307693,0.23076923076923078,0.0,2,0,1,0,0,1.3,0.826,2.6,0.231,11,0.167,0.0,0.0,1303.8,cashout_prep,0.94,further_layering,HIGH,814090.0,digital_arrest,1
TRAIN-0353,6976713.800000002,14,998698.89,227464.54,498336.7000000001,262887.5676605415,1.5356489945155392,547.0,15.0,42.07692307692308,30.769198717932024,12,0.9230769230769231,13,14,2,3,1.0769230769230769,1.0769230769230769,2,3,0.0,0.15151515151515152,0.03379953379953379,4,1.0,0.0,0.0,1,0,1,0,0,1.4,0.528,2.004,0.143,11,0.231,1.0,0.0,0.0,consolidation,0.93,further_layering,HIGH,1744178.0,digital_arrest,1
TRAIN-0354,1307251.02,3,653625.51,325476.02,435750.34,188690.1670394006,9.0,20.0,10.0,10.0,0.0,2,1.0,4,3,1,2,0.75,0.75,1,2,0.0,0.3333333333333333,0.08333333333333333,2,0.6666666666666666,0.0,0.3333333333333333,2,0,1,0,0,1.5,0.433,1.5,0.667,2,0.5,1.0,0.0,1148.1,distribution,0.67,external_transfer,MEDIUM,653626.0,digital_arrest,1
TRAIN-0355,1701370.3399999999,2,979126.12,722244.22,850685.1699999999,181642.93345408462,2.4489795918367347,49.0,49.0,49.0,0.0,1,1.0,3,2,2,1,0.6666666666666666,0.6666666666666666,2,1,0.0,0.0,0.0,1,1.0,0.0,0.0,1,0,1,0,0,1.0,0.214,1.151,0.5,2,0.0,0.0,0.0,0.0,collection,0.55,further_layering,MEDIUM,1701370.0,digital_arrest,1
TRAIN-0356,4755115.239999999,17,903552.81,119795.29,279712.6611764706,223113.2693017094,1.4107883817427385,723.0,10.0,45.1875,24.07548891853843,15,0.9375,14,17,4,3,1.2142857142857142,1.2142857142857142,2,2,0.07142857142857142,0.14102564102564102,0.025641025641025637,4,0.9411764705882353,0.058823529411764705,0.0,2,0,1,0,0,1.417,0.798,3.23,0.353,16,0.062,1.0,0.0,1303.8,consolidation,0.99,further_layering,HIGH,1188779.0,digital_arrest,1
TRAIN-0357,150663.57,2,97347.67,53315.9,75331.785,31135.163154646383,0.273972602739726,438.0,438.0,438.0,0.0,0,0.0,3,2,2,1,0.6666666666666666,0.6666666666666666,2,1,0.0,0.0,0.0,1,0.5,0.5,0.0,2,0,1,0,0,1.0,0.413,1.292,0.5,2,0.0,0.0,0.0,1303.8,emerging,0.32,other,LOW,754418.0,digital_arrest,1
TRAIN-0358,4001824.8300000005,12,728867.9,72200.05,333485.4025,216734.0436199128,1.4968814968814967,481.0,16.0,43.72727272727273,23.904354871407463,10,0.9090909090909091,13,12,2,3,0.9230769230769231,0.9230769230769231,2,7,0.0,0.15151515151515152,0.023892773892773892,3,0.6666666666666666,0.0,0.3333333333333333,2,0,1,0,0,2.0,0.65,2.186,0.25,7,0.455,1.0,0.389,1148.1,layering,0.84,further_layering,HIGH,1333942.0,digital_arrest,1
TRAIN-0359,5153207.260000001,20,1030641.45,66818.1,257660.36300000004,280019.64168744226,1.3274336283185841,904.0,15.0,47.578947368421055,31.200633521833215,17,0.8947368421052632,15,20,7,3,1.3333333333333333,1.3333333333333333,2,1,0.06666666666666667,0.13186813186813187,0.027838827838827847,5,0.85,0.0,0.15,2,0,1,0,0,1.429,1.087,4.0,0.2,18,0.105,0.0,0.0,1148.1,cashout_prep,0.99,further_layering,HIGH,1030641.0,digital_arrest,1
TRAIN-0360,1381233.0700000003,7,460411.03,45209.3,197319.01000000004,154820.26025657076,1.842105263157895,228.0,14.0,38.0,17.4928556845359,6,1.0,8,7,1,3,0.875,0.875,1,4,0.0,0.14285714285714285,0.041666666666666664,3,0.7142857142857143,0.2857142857142857,0.0,2,0,1,0,0,1.75,0.785,2.333,0.286,4,0.5,0.0,0.0,1303.8,layering,0.8,further_layering,HIGH,460411.0,digital_arrest,1
TRAIN-0361,2762084.7699999996,10,731701.09,41252.38,276208.47699999996,221855.36509878753,1.1976047904191618,501.0,22.0,55.666666666666664,39.790074139161895,8,0.8888888888888888,11,10,2,3,0.9090909090909091,0.9090909090909091,2,5,0.0,0.17777777777777778,0.031313131313131314,3,1.0,0.0,0.0,1,0,1,0,0,1.667,0.803,2.649,0.3,8,0.222,1.0,0.0,0.0,layering,0.84,further_layering,HIGH,920695.0,digital_arrest,1
TRAIN-0362,585037.0,11,146259.25,16588.03,53185.181818181816,37177.30918728676,1.9642857142857144,336.0,19.0,33.6,13.993649353268154,10,1.0,9,11,4,2,1.2222222222222223,1.2222222222222223,1,1,0.1111111111111111,0.125,0.041666666666666664,4,0.9090909090909091,0.0,0.09090909090909091,2,0,1,0,0,1.375,0.699,2.75,0.273,10,0.1,0.0,0.0,1148.1,consolidation,0.99,cashout,HIGH,146259.0,digital_arrest,1
TRAIN-0363,2878599.84,14,854949.0,69578.32,205614.2742857143,209646.91412184076,1.75,480.0,10.0,36.92307692307692,20.13894046559856,13,1.0,15,14,2,3,0.9333333333333333,0.9333333333333333,2,9,0.0,0.13186813186813187,0.01868131868131868,3,1.0,0.0,0.0,1,0,1,0,0,2.333,1.02,4.158,0.143,12,0.154,0.0,0.0,0.0,layering,0.88,further_layering,HIGH,959533.0,digital_arrest,1
TRAIN-0364,2349761.37,9,783253.78,67106.9,261084.59666666668,229022.67615991322,1.7880794701986755,302.0,11.0,37.75,17.343174861763757,8,1.0,10,9,1,3,0.9,0.9,1,6,0.0,0.1111111111111111,0.02777777777777778,3,0.7777777777777778,0.2222222222222222,0.0,2,0,1,0,0,2.25,0.877,3.0,0.333,7,0.25,1.0,0.0,1303.8,layering,0.83,further_layering,HIGH,783254.0,digital_arrest,1
TRAIN-0365,9257601.59,18,1106835.82,210233.72,514311.19944444444,302273.31121411815,1.518987341772152,711.0,18.0,41.8235294117647,37.3149355053001,16,0.9411764705882353,17,18,2,3,1.0588235294117647,1.0588235294117647,2,3,0.0,0.11666666666666667,0.025735294117647058,5,0.7777777777777778,0.0,0.2222222222222222,2,0,1,0,0,1.286,0.588,2.152,0.333,17,0.059,1.0,0.0,1148.1,cashout_prep,0.93,further_layering,HIGH,1851520.0,digital_arrest,1
TRAIN-0366,1743358.41,6,581119.47,93128.84,290559.735,177207.76399435944,2.553191489361702,141.0,21.0,28.2,5.449770637375485,5,1.0,7,6,1,2,0.8571428571428571,0.8571428571428571,1,3,0.0,0.16666666666666666,0.052380952380952375,3,1.0,0.0,0.0,1,0,1,0,0,1.5,0.61,2.0,0.333,6,0.0,1.0,0.516,0.0,layering,0.83,further_layering,HIGH,581119.0,digital_arrest,1
TRAIN-0367,7432565.879999999,13,1486513.18,146722.82,571735.8369230769,358148.9814312657,1.3978494623655913,558.0,10.0,46.5,38.044232629449056,10,0.8333333333333334,11,13,4,3,1.1818181818181819,1.1818181818181819,2,1,0.09090909090909091,0.17777777777777778,0.05353535353535354,5,1.0,0.0,0.0,1,0,1,0,0,1.3,0.626,2.6,0.308,11,0.167,1.0,0.0,0.0,cashout_prep,0.98,cashout,HIGH,1486513.0,digital_arrest,1
TRAIN-0368,8669675.5,23,1274718.99,110075.13,376942.4130434783,299378.27436012705,1.6974169741697416,813.0,13.0,36.95454545454545,21.46198693310764,21,0.9545454545454546,18,23,5,3,1.2777777777777777,1.2777777777777777,2,2,0.1111111111111111,0.11029411764705882,0.020629084967320258,5,1.0,0.0,0.0,1,0,1,0,0,1.438,0.794,3.382,0.174,20,0.136,1.0,0.0,0.0,cashout_prep,0.99,cashout,HIGH,1733935.0,digital_arrest,1
TRAIN-0369,1145338.3299999998,5,408248.66,155311.5,229067.66599999997,103231.17683118254,1.5384615384615385,195.0,15.0,48.75,22.5,4,1.0,6,5,2,3,0.8333333333333334,0.8333333333333334,2,3,0.0,0.30000000000000004,0.05000000000000001,2,0.6,0.4,0.0,2,0,1,0,0,1.667,0.451,1.782,0.4,4,0.25,0.0,0.0,1303.8,distribution,0.75,further_layering,MEDIUM,572669.0,digital_arrest,1
TRAIN-0370,1136219.71,2,576041.36,560178.35,568109.855,11216.841941030021,10.90909090909091,11.0,11.0,11.0,0.0,1,1.0,3,2,2,1,0.6666666666666666,0.6666666666666666,2,1,0.0,0.0,0.0,1,0.0,1.0,0.0,1,0,1,0,0,1.0,0.02,1.014,0.5,2,0.0,1.0,0.0,0.0,collection,0.57,further_layering,MEDIUM,1136220.0,digital_arrest,1
TRAIN-0371,789324.09,1,789324.09,789324.09,789324.09,0.0,60.0,1.0,0.0,0.0,0.0,0,0.0,2,1,1,1,0.5,0.5,1,1,0.0,0.0,0.0,1,1.0,0.0,0.0,1,0,1,0,0,1.0,0.0,1.0,0.5,1,1.0,0.0,0.0,0.0,collection,0.42,external_transfer,LOW,789324.0,digital_arrest,1
TRAIN-0372,136450.36,2,103512.66,32937.7,68225.18,49904.03279796935,0.2127659574468085,564.0,564.0,564.0,0.0,0,0.0,3,2,2,1,0.6666666666666666,0.6666666666666666,2,1,0.0,0.0,0.0,1,1.0,0.0,0.0,1,0,1,0,0,1.0,0.731,1.517,0.5,2,0.0,1.0,0.0,0.0,emerging,0.3,other,LOW,538057.0,digital_arrest,1
TRAIN-0373,1456738.83,2,856788.32,599950.51,728369.415,181611.75711610203,4.285714285714286,28.0,28.0,28.0,0.0,1,1.0,3,2,2,1,0.6666666666666666,0.6666666666666666,2,1,0.0,0.0,0.0,1,0.0,1.0,0.0,1,0,1,0,0,1.0,0.249,1.176,0.5,2,0.0,0.0,0.0,0.0,collection,0.57,further_layering,MEDIUM,1456739.0,digital_arrest,1
TRAIN-0374,1058148.44,19,160627.25,20985.86,55692.023157894735,39457.81108895974,1.51797603195739,751.0,13.0,41.72222222222222,56.70958582270731,17,0.9444444444444444,14,19,7,3,1.3571428571428572,1.3571428571428572,2,1,0.07142857142857142,0.14102564102564102,0.023809523809523805,4,1.0,0.0,0.0,1,0,1,0,0,1.462,0.709,2.884,0.211,17,0.111,0.0,0.478,0.0,consolidation,0.99,further_layering,HIGH,264537.0,digital_arrest,1
TRAIN-0375,929956.96,1,929956.96,929956.96,929956.96,0.0,60.0,1.0,0.0,0.0,0.0,0,0.0,2,1,1,1,0.5,0.5,1,1,0.0,0.0,0.0,1,1.0,0.0,0.0,1,0,1,0,0,1.0,0.0,1.0,0.5,1,1.0,1.0,0.0,0.0,collection,0.43,external_transfer,LOW,929957.0,digital_arrest,1
TRAIN-0376,2194662.18,6,731554.06,192275.08,365777.03,201032.28273787463,2.130177514792899,169.0,12.0,33.8,12.814054783713077,5,1.0,7,6,1,2,0.8571428571428571,0.8571428571428571,1,3,0.0,0.16666666666666666,0.05238095238095238,3,0.6666666666666666,0.3333333333333333,0.0,2,0,1,0,0,1.5,0.55,2.0,0.5,4,0.4,1.0,0.0,1303.8,layering,0.76,further_layering,MEDIUM,731554.0,digital_arrest,1
TRAIN-0377,1216500.64,11,243300.12,36298.95,110590.96727272727,70634.06911170743,1.6176470588235294,408.0,20.0,40.8,20.584784024451977,9,0.9,11,11,2,2,1.0,1.0,1,2,0.0,0.11111111111111112,0.04747474747474747,5,0.8181818181818182,0.18181818181818182,0.0,2,0,1,0,0,1.222,0.639,2.2,0.273,11,0.0,1.0,0.0,1303.8,cashout_prep,0.93,further_layering,HIGH,243300.0,digital_arrest,1
TRAIN-0378,314666.85,2,294163.79,20503.06,157333.425,193507.35792746083,0.4562737642585551,263.0,263.0,263.0,0.0,0,0.0,3,2,2,1,0.6666666666666666,0.6666666666666666,2,1,0.0,0.0,0.0,1,0.5,0.0,0.5,2,0,1,0,0,1.0,1.23,1.87,0.5,2,0.0,1.0,0.0,1148.1,emerging,0.34,other,LOW,1159472.0,digital_arrest,1
TRAIN-0379,3824867.2,13,764973.44,80227.91,294220.55384615384,211074.78244292532,1.452513966480447,537.0,11.0,44.75,24.117609560424743,11,0.9166666666666666,12,13,3,3,1.0833333333333333,1.0833333333333333,1,2,0.08333333333333333,0.09090909090909091,0.03636363636363637,5,0.8461538461538461,0.0,0.15384615384615385,2,0,1,0,0,1.3,0.717,2.6,0.308,11,0.167,1.0,0.0,1148.1,cashout_prep,0.98,further_layering,HIGH,764973.0,digital_arrest,1
TRAIN-0380,1383579.4200000002,7,461193.14,98643.74,197654.20285714287,128762.95512498432,2.019230769230769,208.0,23.0,34.666666666666664,8.846845012017939,6,1.0,8,7,1,2,0.875,0.875,1,4,0.0,0.14285714285714285,0.041666666666666664,3,0.8571428571428571,0.14285714285714285,0.0,2,0,1,0,0,1.75,0.651,2.333,0.286,6,0.167,0.0,0.0,1303.8,layering,0.82,further_layering,HIGH,461193.0,digital_arrest,1
TRAIN-0381,1901128.69,2,989651.15,911477.54,950564.345,55277.08974083249,1.6666666666666667,72.0,72.0,72.0,0.0,0,0.0,3,2,2,1,0.6666666666666666,0.6666666666666666,2,1,0.0,0.0,0.0,1,1.0,0.0,0.0,1,0,1,0,0,1.0,0.058,1.041,0.5,2,0.0,1.0,0.0,0.0,collection,0.41,further_layering,LOW,1901129.0,digital_arrest,1
TRAIN-0382,3558681.88,11,889670.47,81572.33,323516.53454545455,260062.22274732924,2.5,264.0,12.0,26.4,11.739770961233537,10,1.0,11,11,2,3,1.0,1.0,1,3,0.0,0.11111111111111112,0.032323232323232316,4,1.0,0.0,0.0,1,0,1,0,0,1.375,0.804,2.75,0.273,10,0.1,0.0,0.0,0.0,consolidation,0.96,further_layering,HIGH,889670.0,digital_arrest,1
TRAIN-0383,7551879.870000001,8,983253.44,904716.52,943984.9837500001,32154.673062139118,1.9047619047619047,252.0,10.0,36.0,18.01850900231944,7,1.0,8,8,2,2,1.0,1.0,2,1,0.0,0.23809523809523808,0.07142857142857142,4,0.75,0.25,0.0,2,0,1,0,0,1.143,0.034,1.042,1.0,7,0.143,0.0,0.0,1303.8,consolidation,0.83,further_layering,HIGH,1887970.0,digital_arrest,1
TRAIN-0384,2951361.25,16,590272.25,71745.73,184460.078125,134847.85556116595,1.3617021276595744,705.0,21.0,47.0,26.970883771737466,12,0.8,15,16,2,3,1.0666666666666667,1.0666666666666667,1,3,0.0,0.07692307692307693,0.026739926739926742,5,0.9375,0.0,0.0625,2,0,1,0,0,1.333,0.731,3.2,0.312,16,0.0,0.0,0.0,1148.1,cashout_prep,0.93,further_layering,HIGH,590272.0,digital_arrest,1
TRAIN-0385,2986237.5599999996,11,746559.39,95244.09,271476.1418181818,191794.00793351757,2.3404255319148937,282.0,10.0,28.2,17.466157753400335,10,1.0,9,11,4,3,1.2222222222222223,1.2222222222222223,1,1,0.1111111111111111,0.13392857142857142,0.041666666666666664,4,1.0,0.0,0.0,1,0,1,0,0,1.375,0.706,2.75,0.273,9,0.2,1.0,0.0,0.0,consolidation,0.99,cashout,HIGH,746559.0,digital_arrest,1
TRAIN-0386,8085291.0600000005,20,1062426.87,100792.59,404264.553,290509.90731299063,1.3559322033898304,885.0,11.0,46.578947368421055,24.87371613543029,17,0.8947368421052632,18,20,3,3,1.1111111111111112,1.1111111111111112,2,3,0.05555555555555555,0.1102941176470588,0.023284313725490193,5,0.85,0.0,0.15,2,0,1,0,0,1.333,0.719,2.628,0.2,18,0.105,1.0,0.0,1148.1,cashout_prep,0.99,further_layering,HIGH,1617058.0,digital_arrest,1
TRAIN-0387,4474032.430000001,11,860082.71,142059.61,406730.22090909095,231526.90043085365,1.7010309278350515,388.0,16.0,38.8,15.2154891840884,10,1.0,12,11,2,3,0.9166666666666666,0.9166666666666666,2,6,0.0,0.16363636363636364,0.02727272727272727,3,1.0,0.0,0.0,1,0,1,0,0,1.833,0.569,2.115,0.182,9,0.2,0.0,0.0,0.0,layering,0.88,further_layering,HIGH,1491344.0,digital_arrest,1
TRAIN-0388,1486842.28,3,743421.14,368079.8,495614.0933333333,214637.9085204534,1.7999999999999998,100.0,50.0,50.0,0.0,2,1.0,4,3,1,2,0.75,0.75,1,2,0.0,0.3333333333333333,0.08333333333333333,2,1.0,0.0,0.0,1,0,1,0,0,1.5,0.433,1.5,0.667,2,0.5,1.0,0.0,0.0,distribution,0.61,further_layering,MEDIUM,743421.0,digital_arrest,1
TRAIN-0389,3145291.36,13,589434.64,93982.46,241945.48923076922,123262.77444603902,1.4800759013282732,527.0,18.0,43.916666666666664,14.878039541756186,12,1.0,11,13,4,3,1.1818181818181819,1.1818181818181819,2,1,0.09090909090909091,0.17777777777777778,0.03737373737373737,4,0.7692307692307693,0.23076923076923078,0.0,2,0,1,0,0,1.3,0.509,2.436,0.538,11,0.167,1.0,0.0,1303.8,consolidation,0.97,cashout,HIGH,786323.0,digital_arrest,1
TRAIN-0390,1153623.55,15,230724.71,32541.03,76908.23666666666,60609.46981141781,1.5100671140939597,596.0,11.0,42.57142857142857,19.61049281816825,13,0.9285714285714286,13,15,4,3,1.1538461538461537,1.1538461538461537,1,2,0.07692307692307693,0.09090909090909091,0.03205128205128205,5,0.8666666666666667,0.13333333333333333,0.0,2,0,1,0,0,1.364,0.788,3.0,0.2,12,0.214,1.0,0.0,1303.8,cashout_prep,0.99,further_layering,HIGH,230725.0,digital_arrest,1
TRAIN-0391,5013650.75,13,1002730.15,145397.86,385665.4423076923,257904.69241193726,1.6702355460385439,467.0,10.0,38.916666666666664,35.823959309463,11,0.9166666666666666,11,13,4,2,1.1818181818181819,1.1818181818181819,2,1,0.09090909090909091,0.17777777777777778,0.05353535353535354,5,1.0,0.0,0.0,1,0,1,0,0,1.3,0.669,2.6,0.308,11,0.167,1.0,0.0,0.0,cashout_prep,0.97,cashout,HIGH,1002730.0,digital_arrest,1
TRAIN-0392,1772828.57,7,590942.86,94954.05,253261.2242857143,179217.28494438736,2.0095693779904304,209.0,10.0,34.833333333333336,16.880955739135942,6,1.0,8,7,1,3,0.875,0.875,1,4,0.0,0.14285714285714285,0.041666666666666664,3,1.0,0.0,0.0,1,0,1,0,0,1.75,0.708,2.333,0.429,6,0.167,0.0,0.0,0.0,layering,0.8,further_layering,HIGH,590943.0,digital_arrest,1
TRAIN-0393,608177.73,7,202725.91,27874.3,86882.53285714285,60844.25218501463,2.1,200.0,17.0,33.333333333333336,19.623115620784244,6,1.0,8,7,1,2,0.875,0.875,1,4,0.0,0.14285714285714285,0.041666666666666664,3,1.0,0.0,0.0,1,0,1,0,0,1.75,0.7,2.333,0.143,4,0.5,1.0,0.0,0.0,layering,0.77,further_layering,MEDIUM,202726.0,digital_arrest,1
TRAIN-0394,1678465.1300000001,12,296882.82,67901.31,139872.09416666668,70619.5297187376,1.1042944785276072,652.0,21.0,59.27272727272727,62.83962270588662,10,0.9090909090909091,10,12,4,2,1.2,1.2,2,1,0.1,0.19444444444444442,0.047222222222222214,4,1.0,0.0,0.0,1,0,1,0,0,1.333,0.505,2.123,0.25,10,0.182,1.0,0.0,0.0,consolidation,0.96,cashout,HIGH,419616.0,digital_arrest,1
TRAIN-0395,2268128.55,7,756042.85,130816.15,324018.3642857143,222404.8616842733,2.7096774193548385,155.0,13.0,25.833333333333332,16.594175685060907,6,1.0,8,7,1,2,0.875,0.875,1,4,0.0,0.14285714285714285,0.041666666666666664,3,0.8571428571428571,0.14285714285714285,0.0,2,0,1,0,0,1.75,0.686,2.333,0.286,5,0.333,0.0,0.0,1303.8,layering,0.83,further_layering,HIGH,756043.0,digital_arrest,1
TRAIN-0396,4428657.0,18,609934.14,68465.54,246036.5,157047.09071102086,1.0609037328094304,1018.0,13.0,59.88235294117647,59.269387495718625,15,0.8823529411764706,17,18,3,3,1.0588235294117647,1.0588235294117647,2,3,0.058823529411764705,0.11666666666666665,0.026470588235294117,5,0.8888888888888888,0.1111111111111111,0.0,2,0,1,0,0,1.286,0.638,2.479,0.222,15,0.176,1.0,0.0,1303.8,cashout_prep,0.97,further_layering,HIGH,885731.0,digital_arrest,1
TRAIN-0397,6760211.76,19,1022322.85,147002.45,355800.6189473684,247175.90187618978,1.4671814671814674,777.0,10.0,43.166666666666664,34.08337528162719,15,0.8333333333333334,16,19,5,3,1.1875,1.1875,2,2,0.0625,0.12380952380952381,0.02648809523809524,5,1.0,0.0,0.0,1,0,1,0,0,1.357,0.695,2.873,0.211,18,0.056,1.0,0.229,0.0,cashout_prep,0.99,further_layering,HIGH,1352042.0,digital_arrest,1
TRAIN-0398,2260249.53,9,530939.62,71262.25,251138.83666666664,167582.55352753756,1.7763157894736843,304.0,11.0,38.0,25.50630174234259,7,0.875,10,9,2,3,0.9,0.9,2,5,0.0,0.19444444444444442,0.04027777777777777,3,1.0,0.0,0.0,1,0,1,0,0,1.8,0.667,2.114,0.222,6,0.375,1.0,0.0,0.0,layering,0.84,further_layering,HIGH,753417.0,digital_arrest,1
TRAIN-0399,5267738.28,12,747669.65,275240.25,438978.19,170889.20377730075,1.3533834586466165,532.0,12.0,48.36363636363637,38.2132770834241,10,0.9090909090909091,11,12,3,2,1.0909090909090908,1.0909090909090908,2,2,0.09090909090909091,0.17777777777777778,0.043434343434343436,4,1.0,0.0,0.0,1,0,1,0,0,1.333,0.389,1.703,0.333,10,0.182,1.0,0.0,0.0,consolidation,0.94,cashout,HIGH,1316935.0,digital_arrest,1
TRAIN-0400,2828364.9600000004,7,707091.24,323150.14,404052.1371428572,137041.0271478671,1.627906976744186,258.0,21.0,43.0,14.142135623730951,6,1.0,8,7,1,2,0.875,0.875,1,2,0.0,0.14285714285714285,0.05952380952380952,4,0.7142857142857143,0.2857142857142857,0.0,2,0,1,0,0,1.167,0.339,1.75,0.429,7,0.0,1.0,0.0,1303.8,consolidation,0.86,further_layering,HIGH,707091.0,digital_arrest,1
TRAIN-0401,640845.74,1,640845.74,640845.74,640845.74,0.0,60.0,1.0,0.0,0.0,0.0,0,0.0,2,1,1,1,0.5,0.5,1,1,0.0,0.0,0.0,1,0.0,0.0,1.0,1,0,1,0,0,1.0,0.0,1.0,0.5,1,1.0,1.0,0.0,0.0,collection,0.41,external_transfer,LOW,640846.0,digital_arrest,1
TRAIN-0402,7075416.28,21,1219888.74,51658.62,336924.5847619048,310899.4164943437,1.3029989658738366,967.0,14.0,48.35,25.61306204592534,18,0.9,17,21,5,3,1.2352941176470589,1.2352941176470589,2,2,0.058823529411764705,0.11666666666666667,0.024754901960784313,5,0.8571428571428571,0.0,0.14285714285714285,2,0,1,0,0,1.4,0.923,3.621,0.143,19,0.1,1.0,0.0,1148.1,cashout_prep,0.99,further_layering,HIGH,1415083.0,digital_arrest,1
TRAIN-0403,1399450.51,7,466483.51,50339.55,199921.50142857144,143942.99322551882,1.4840989399293285,283.0,34.0,47.166666666666664,11.143009766964518,6,1.0,8,7,1,3,0.875,0.875,1,4,0.0,0.14285714285714285,0.041666666666666664,3,0.7142857142857143,0.2857142857142857,0.0,2,0,1,0,0,1.75,0.72,2.333,0.286,5,0.333,0.0,0.0,1303.8,layering,0.8,further_layering,HIGH,466484.0,digital_arrest,1
TRAIN-0404,972282.2000000002,12,194456.44,45009.36,81023.51666666668,56197.648120806196,1.7647058823529411,408.0,11.0,37.09090909090909,23.712674018147112,10,0.9090909090909091,10,12,4,2,1.2,1.2,1,1,0.1,0.1111111111111111,0.05,5,1.0,0.0,0.0,1,0,1,0,0,1.333,0.694,2.4,0.333,12,0.0,1.0,0.0,0.0,cashout_prep,0.99,cashout,HIGH,194456.0,digital_arrest,1
TRAIN-0405,1377567.95,8,279749.12,67223.67,172195.99375,74792.72513202393,2.5263157894736845,190.0,10.0,27.142857142857142,13.933515606007592,7,1.0,9,8,2,2,0.8888888888888888,0.8888888888888888,2,4,0.0,0.21428571428571427,0.047619047619047616,3,1.0,0.0,0.0,1,0,1,0,0,1.6,0.434,1.625,0.25,7,0.143,1.0,0.0,0.0,layering,0.87,further_layering,HIGH,459189.0,digital_arrest,1
TRAIN-0406,4050116.51,19,640006.34,71991.11,213164.02684210526,162854.4802233141,1.3636363636363635,836.0,11.0,46.44444444444444,34.3549332397619,16,0.8888888888888888,16,19,5,3,1.1875,1.1875,2,2,0.0625,0.12380952380952381,0.02738095238095238,5,0.8421052631578947,0.0,0.15789473684210525,2,0,1,0,0,1.357,0.764,3.002,0.263,17,0.111,0.0,0.0,1148.1,cashout_prep,0.99,further_layering,HIGH,810023.0,digital_arrest,1
TRAIN-0407,910011.42,8,303337.14,27280.27,113751.4275,93917.3965773177,3.380281690140845,142.0,13.0,20.285714285714285,9.21437799879959,7,1.0,9,8,1,3,0.8888888888888888,0.8888888888888888,1,5,0.0,0.125,0.03373015873015873,3,0.875,0.125,0.0,2,0,1,0,0,2.0,0.826,2.667,0.125,7,0.143,0.0,0.0,1303.8,layering,0.91,further_layering,HIGH,303337.0,digital_arrest,1
TRAIN-0408,196974.44,1,196974.44,196974.44,196974.44,0.0,60.0,1.0,0.0,0.0,0.0,0,0.0,2,1,1,1,0.5,0.5,1,1,0.0,0.0,0.0,1,1.0,0.0,0.0,1,0,1,0,0,1.0,0.0,1.0,0.5,1,1.0,1.0,0.0,0.0,emerging,0.39,external_transfer,LOW,514644.0,digital_arrest,1
TRAIN-0409,2422962.4,12,341061.51,88897.14,201913.53333333333,78887.27306382239,1.0925644916540214,659.0,10.0,59.90909090909091,84.1040481135772,8,0.7272727272727273,12,12,2,2,1.0,1.0,2,2,0.0,0.16363636363636364,0.05227272727272727,5,0.8333333333333334,0.16666666666666666,0.0,2,0,1,0,0,1.2,0.391,1.689,0.25,11,0.091,1.0,0.289,1303.8,cashout_prep,0.89,further_layering,HIGH,484592.0,digital_arrest,1
TRAIN-0410,712709.25,2,475278.44,237430.81,356354.625,168183.67206214892,2.5531914893617023,47.0,47.0,47.0,0.0,1,1.0,3,2,2,1,0.6666666666666666,0.6666666666666666,2,1,0.0,0.0,0.0,1,0.5,0.5,0.0,2,0,1,0,0,1.0,0.472,1.334,0.5,2,0.0,0.0,0.0,1303.8,collection,0.55,further_layering,MEDIUM,712709.0,digital_arrest,1
TRAIN-0411,2525412.44,9,841804.15,86408.99,280601.3822222222,246579.10494508935,1.8620689655172415,290.0,19.0,36.25,11.88937100342751,8,1.0,10,9,1,3,0.9,0.9,1,6,0.0,0.1111111111111111,0.02777777777777778,3,0.7777777777777778,0.2222222222222222,0.0,2,0,1,0,0,2.25,0.879,3.0,0.111,6,0.375,0.0,0.0,1303.8,layering,0.85,further_layering,HIGH,841804.0,digital_arrest,1
TRAIN-0412,3546011.3499999996,16,709202.27,81878.31,221625.70937499998,167421.87044633192,1.6551724137931036,580.0,18.0,38.666666666666664,14.1151725188924,14,0.9333333333333333,15,16,2,3,1.0666666666666667,1.0666666666666667,1,3,0.0,0.07692307692307693,0.026739926739926742,5,0.8125,0.1875,0.0,2,0,1,0,0,1.333,0.755,3.2,0.312,14,0.133,0.0,0.0,1303.8,cashout_prep,0.93,further_layering,HIGH,709202.0,digital_arrest,1
TRAIN-0413,8097363.32,13,1619472.66,152529.99,622874.1015384615,494159.50461411313,1.4207650273224044,549.0,20.0,45.75,20.750136910829813,10,0.8333333333333334,11,13,4,3,1.1818181818181819,1.1818181818181819,2,1,0.09090909090909091,0.17777777777777778,0.05353535353535354,5,1.0,0.0,0.0,1,0,1,0,0,1.3,0.793,2.6,0.308,11,0.167,1.0,0.0,0.0,cashout_prep,0.98,cashout,HIGH,1619473.0,digital_arrest,1
TRAIN-0414,3355406.8200000003,11,821539.15,87696.58,305036.98363636364,204058.90536471416,1.35523613963039,487.0,20.0,48.7,48.92181971722275,9,0.9,12,11,2,3,0.9166666666666666,0.9166666666666666,2,6,0.0,0.16363636363636364,0.02727272727272727,3,0.6363636363636364,0.0,0.36363636363636365,2,0,1,0,0,1.833,0.669,2.693,0.273,9,0.2,1.0,0.0,1148.1,layering,0.86,further_layering,HIGH,1118469.0,digital_arrest,1
TRAIN-0415,1578211.6500000001,7,394552.92,161441.35,225458.80714285717,82727.68313260717,2.282608695652174,184.0,20.0,30.666666666666668,9.287985070329661,6,1.0,8,7,1,2,0.875,0.875,1,2,0.0,0.14285714285714285,0.05952380952380952,4,0.7142857142857143,0.2857142857142857,0.0,2,0,1,0,0,1.167,0.367,1.75,0.429,6,0.167,1.0,0.0,1303.8,consolidation,0.87,further_layering,HIGH,394553.0,digital_arrest,1
TRAIN-0416,5425405.050000001,12,938255.49,149687.28,452117.0875000001,280783.6644746215,1.5686274509803921,459.0,19.0,41.72727272727273,24.839850680271446,10,0.9090909090909091,13,12,2,3,0.9230769230769231,0.9230769230769231,2,7,0.0,0.15151515151515152,0.023892773892773892,3,0.75,0.0,0.25,2,0,1,0,0,2.0,0.621,2.075,0.167,9,0.273,0.0,0.0,1148.1,layering,0.88,further_layering,HIGH,1808468.0,digital_arrest,1
TRAIN-0417,1687549.99,12,376137.06,36777.96,140629.16583333333,97709.94352903034,1.425742574257426,505.0,21.0,45.90909090909091,21.01644377840621,10,0.9090909090909091,13,12,2,3,0.9230769230769231,0.9230769230769231,2,7,0.0,0.15151515151515152,0.023892773892773892,3,0.75,0.0,0.25,2,0,1,0,0,2.0,0.695,2.675,0.25,9,0.273,1.0,0.0,1148.1,layering,0.86,further_layering,HIGH,562517.0,digital_arrest,1
TRAIN-0418,2409139.0500000003,11,582903.66,63120.66,219012.64090909093,143572.80032916358,1.0909090909090908,605.0,23.0,60.5,41.40115403651878,9,0.9,12,11,2,3,0.9166666666666666,0.9166666666666666,2,6,0.0,0.16363636363636364,0.02727272727272727,3,1.0,0.0,0.0,1,0,1,0,0,1.833,0.656,2.662,0.273,9,0.2,1.0,0.0,0.0,layering,0.84,further_layering,HIGH,803046.0,digital_arrest,1
TRAIN-0419,5516833.320000001,21,748327.84,126718.87,262706.3485714286,183667.82579237933,2.012779552715655,626.0,13.0,31.3,10.352218170644955,20,1.0,15,21,8,3,1.4,1.4,2,1,0.06666666666666667,0.13186813186813187,0.020879120879120874,4,0.9523809523809523,0.047619047619047616,0.0,2,0,1,0,0,1.5,0.699,2.849,0.286,21,0.0,1.0,0.0,1303.8,consolidation,0.99,further_layering,HIGH,1379208.0,digital_arrest,1
TRAIN-0420,6291833.59,11,824133.44,353947.82,571984.8718181818,157527.3301948767,1.7010309278350515,388.0,20.0,38.8,21.846942323558437,9,0.9,10,11,3,3,1.1,1.1,2,1,0.1,0.19444444444444442,0.04444444444444444,4,0.8181818181818182,0.0,0.18181818181818182,2,0,1,0,0,1.222,0.275,1.441,0.273,9,0.2,0.0,0.0,1148.1,consolidation,0.99,further_layering,HIGH,1572958.0,digital_arrest,1
TRAIN-0421,4886704.03,15,929229.75,188828.12,325780.2686666667,189364.82673805347,1.1889035667107002,757.0,13.0,54.07142857142857,65.5080315518807,13,0.9285714285714286,14,15,2,3,1.0714285714285714,1.0714285714285714,2,3,0.0,0.14102564102564102,0.027472527472527476,4,1.0,0.0,0.0,1,0,1,0,0,1.364,0.581,2.852,0.267,12,0.214,0.0,0.0,0.0,consolidation,0.9,further_layering,HIGH,1221676.0,digital_arrest,1
TRAIN-0422,3424803.76,12,467319.41,73995.0,285400.3133333333,167676.62243992463,1.535181236673774,469.0,10.0,42.63636363636363,30.987974207013686,10,0.9090909090909091,11,12,3,3,1.0909090909090908,1.0909090909090908,2,2,0.09090909090909091,0.17777777777777776,0.04343434343434343,4,0.8333333333333334,0.0,0.16666666666666666,2,0,1,0,0,1.333,0.588,1.637,0.25,9,0.273,1.0,0.0,1148.1,consolidation,0.98,further_layering,HIGH,856201.0,digital_arrest,1
TRAIN-0423,590712.74,1,590712.74,590712.74,590712.74,0.0,60.0,1.0,0.0,0.0,0.0,0,0.0,2,1,1,1,0.5,0.5,1,1,0.0,0.0,0.0,1,1.0,0.0,0.0,1,0,1,0,0,1.0,0.0,1.0,0.5,1,1.0,1.0,0.0,0.0,collection,0.41,external_transfer,LOW,590713.0,digital_arrest,1
TRAIN-0424,1110091.21,12,246631.94,29651.26,92507.60083333333,64746.78666265145,1.4754098360655739,488.0,27.0,44.36363636363637,13.124577915291045,11,1.0,13,12,2,3,0.9230769230769231,0.9230769230769231,2,7,0.0,0.15151515151515152,0.023892773892773892,3,1.0,0.0,0.0,1,0,1,0,0,2.0,0.7,2.666,0.25,11,0.091,0.833,0.389,0.0,layering,0.87,further_layering,HIGH,370030.0,digital_arrest,1
TRAIN-0425,443364.93000000005,2,303218.45,140146.48,221682.46500000003,115309.29580844924,0.8888888888888888,135.0,135.0,135.0,0.0,0,0.0,3,2,2,1,0.6666666666666666,0.6666666666666666,2,1,0.0,0.0,0.0,1,1.0,0.0,0.0,1,0,1,0,0,1.0,0.52,1.368,0.5,2,0.0,0.0,0.0,0.0,collection,0.34,other,LOW,443365.0,digital_arrest,1
TRAIN-0426,550370.04,9,183456.68,25882.29,61152.22666666667,53080.476389129646,1.8430034129692832,293.0,10.0,36.625,16.96161633133554,8,1.0,10,9,1,3,0.9,0.9,1,6,0.0,0.1111111111111111,0.02777777777777778,3,1.0,0.0,0.0,1,0,1,0,0,2.25,0.868,3.0,0.333,6,0.375,0.333,0.5,0.0,layering,0.77,further_layering,MEDIUM,183457.0,digital_arrest,1
TRAIN-0427,1546891.7399999998,9,296635.48,52177.63,171876.86,73740.56750527791,1.2949640287769784,417.0,12.0,52.125,58.347328253191804,7,0.875,10,9,2,3,0.9,0.9,2,4,0.0,0.19444444444444442,0.03611111111111111,3,0.5555555555555556,0.0,0.4444444444444444,2,0,1,0,0,1.5,0.429,1.726,0.222,8,0.125,0.0,0.0,1148.1,layering,0.87,further_layering,HIGH,515631.0,digital_arrest,1
TRAIN-0428,6146632.140000001,16,925417.22,140454.62,384164.50875000004,234281.7158415511,1.3852813852813852,693.0,11.0,46.2,45.62612033849533,13,0.8666666666666667,14,16,3,3,1.1428571428571428,1.1428571428571428,2,2,0.07142857142857142,0.14102564102564102,0.03846153846153846,5,1.0,0.0,0.0,1,0,1,0,0,1.333,0.61,2.409,0.25,15,0.067,1.0,0.0,0.0,cashout_prep,0.98,further_layering,HIGH,1229326.0,digital_arrest,1
TRAIN-0429,2463884.68,7,821294.9,77040.31,351983.52571428573,264176.37656636385,4.038461538461538,104.0,10.0,17.333333333333332,9.244818368506039,6,1.0,8,7,1,3,0.875,0.875,1,4,0.0,0.14285714285714285,0.041666666666666664,3,1.0,0.0,0.0,1,0,1,0,0,1.75,0.751,2.333,0.286,6,0.167,0.0,0.0,0.0,layering,0.87,further_layering,HIGH,821295.0,digital_arrest,1
TRAIN-0430,1274585.71,2,887001.53,387584.18,637292.855,353141.3948272154,4.615384615384615,26.0,26.0,26.0,0.0,1,1.0,3,2,2,1,0.6666666666666666,0.6666666666666666,2,1,0.0,0.0,0.0,1,0.5,0.5,0.0,2,0,1,0,0,1.0,0.554,1.392,0.5,2,0.0,1.0,0.0,1303.8,collection,0.59,further_layering,MEDIUM,1274586.0,digital_arrest,1
TRAIN-0431,1184695.33,2,957112.47,227582.86,592347.665,515855.33430737734,0.9090909090909091,132.0,132.0,132.0,0.0,0,0.0,3,2,2,1,0.6666666666666666,0.6666666666666666,2,1,0.0,0.0,0.0,1,1.0,0.0,0.0,1,0,1,0,0,1.0,0.871,1.616,0.5,2,0.0,1.0,0.0,0.0,collection,0.38,further_layering,LOW,1184695.0,digital_arrest,1
TRAIN-0432,1713937.3099999998,15,428484.32,45870.97,114262.48733333332,106967.98939291507,1.5544041450777202,579.0,14.0,41.357142857142854,13.870872319400064,14,1.0,12,15,4,3,1.25,1.25,1,2,0.08333333333333333,0.09090909090909091,0.025757575757575757,4,1.0,0.0,0.0,1,0,1,0,0,1.5,0.936,3.75,0.267,12,0.214,1.0,0.0,0.0,consolidation,0.98,further_layering,HIGH,428484.0,digital_arrest,1
TRAIN-0433,4706272.61,12,660372.31,241033.95,392189.3841666667,153139.28948449474,1.4173228346456692,508.0,13.0,46.18181818181818,39.255109684773984,10,0.9090909090909091,11,12,3,2,1.0909090909090908,1.0909090909090908,2,2,0.09090909090909091,0.17777777777777778,0.043434343434343436,4,0.9166666666666666,0.0,0.08333333333333333,2,0,1,0,0,1.333,0.39,1.684,0.333,10,0.182,1.0,0.0,1148.1,consolidation,0.96,cashout,HIGH,1176568.0,digital_arrest,1
TRAIN-0434,542208.08,1,542208.08,542208.08,542208.08,0.0,60.0,1.0,0.0,0.0,0.0,0,0.0,2,1,1,1,0.5,0.5,1,1,0.0,0.0,0.0,1,1.0,0.0,0.0,1,0,1,0,0,1.0,0.0,1.0,0.5,1,1.0,1.0,0.0,0.0,collection,0.41,external_transfer,LOW,542208.0,digital_arrest,1
TRAIN-0435,617687.71,1,617687.71,617687.71,617687.71,0.0,60.0,1.0,0.0,0.0,0.0,0,0.0,2,1,1,1,0.5,0.5,1,1,0.0,0.0,0.0,1,0.0,0.0,1.0,1,0,1,0,0,1.0,0.0,1.0,0.5,1,1.0,1.0,0.0,0.0,collection,0.41,external_transfer,LOW,617688.0,digital_arrest,1
TRAIN-0436,5055403.279999999,10,801435.18,285624.96,505540.3279999999,206110.56520670996,1.6666666666666667,360.0,28.0,40.0,12.31868499475492,9,1.0,10,10,2,2,1.0,1.0,2,2,0.0,0.19444444444444442,0.05277777777777777,4,1.0,0.0,0.0,1,0,1,0,0,1.25,0.408,1.585,0.3,10,0.0,0.0,0.0,0.0,consolidation,0.92,further_layering,HIGH,1263851.0,digital_arrest,1
TRAIN-0437,321645.98,1,321645.98,321645.98,321645.98,0.0,60.0,1.0,0.0,0.0,0.0,0,0.0,2,1,1,1,0.5,0.5,1,1,0.0,0.0,0.0,1,1.0,0.0,0.0,1,0,1,0,0,1.0,0.0,1.0,0.5,1,1.0,1.0,0.0,0.0,collection,0.39,external_transfer,LOW,321646.0,digital_arrest,1
TRAIN-0438,4185193.1500000004,14,837038.63,49653.75,298942.3678571429,267502.40222297364,1.5328467153284673,548.0,15.0,42.15384615384615,16.38010049748451,12,0.9230769230769231,11,14,5,3,1.2727272727272727,1.2727272727272727,1,1,0.09090909090909091,0.1,0.0404040404040404,5,1.0,0.0,0.0,1,0,1,0,0,1.4,0.895,2.8,0.143,13,0.077,1.0,0.0,0.0,cashout_prep,0.99,cashout,HIGH,837039.0,digital_arrest,1
TRAIN-0439,1874486.48,11,468621.62,102087.0,170407.86181818182,110245.03532692572,1.8032786885245902,366.0,14.0,36.6,16.814015317915917,10,1.0,10,11,3,2,1.1,1.1,1,2,0.1,0.1111111111111111,0.03749999999999999,4,1.0,0.0,0.0,1,0,1,0,0,1.375,0.647,2.75,0.364,9,0.2,0.0,0.0,0.0,consolidation,0.95,cashout,HIGH,468622.0,digital_arrest,1
TRAIN-0440,570702.45,1,570702.45,570702.45,570702.45,0.0,60.0,1.0,0.0,0.0,0.0,0,0.0,2,1,1,1,0.5,0.5,1,1,0.0,0.0,0.0,1,1.0,0.0,0.0,1,0,1,0,0,1.0,0.0,1.0,0.5,1,1.0,0.0,0.0,0.0,collection,0.41,external_transfer,LOW,570702.0,digital_arrest,1
TRAIN-0441,530769.66,1,530769.66,530769.66,530769.66,0.0,60.0,1.0,0.0,0.0,0.0,0,0.0,2,1,1,1,0.5,0.5,1,1,0.0,0.0,0.0,1,1.0,0.0,0.0,1,0,1,0,0,1.0,0.0,1.0,0.5,1,1.0,1.0,0.0,0.0,collection,0.41,external_transfer,LOW,530770.0,digital_arrest,1
TRAIN-0442,4102237.67,17,739417.06,81030.47,241308.0982352941,172940.65587986037,1.2561576354679802,812.0,12.0,50.75,63.00846503976007,14,0.875,15,17,4,3,1.1333333333333333,1.1333333333333333,2,2,0.06666666666666667,0.13186813186813187,0.03150183150183151,5,0.7647058823529411,0.23529411764705882,0.0,2,0,1,0,0,1.308,0.717,3.064,0.235,16,0.062,1.0,0.0,1303.8,cashout_prep,0.99,further_layering,HIGH,820448.0,digital_arrest,1
TRAIN-0443,1821680.1600000001,7,607226.72,80958.33,260240.02285714287,195591.86904351818,1.826086956521739,230.0,24.0,38.333333333333336,9.025888691240695,6,1.0,8,7,1,3,0.875,0.875,1,4,0.0,0.14285714285714285,0.041666666666666664,3,0.7142857142857143,0.2857142857142857,0.0,2,0,1,0,0,1.75,0.752,2.333,0.429,6,0.167,0.571,0.535,1303.8,layering,0.81,further_layering,HIGH,607227.0,digital_arrest,1
TRAIN-0444,1411282.56,10,239682.6,43099.85,141128.256,74144.6991003508,1.5,400.0,12.0,44.44444444444444,40.23403755252234,8,0.8888888888888888,11,10,2,3,0.9090909090909091,0.9090909090909091,2,5,0.0,0.17777777777777778,0.031313131313131314,3,1.0,0.0,0.0,1,0,1,0,0,1.667,0.525,1.698,0.4,9,0.111,0.0,0.0,0.0,layering,0.85,further_layering,HIGH,470428.0,digital_arrest,1
TRAIN-0445,4628725.760000001,11,925745.15,210991.35,420793.250909091,212903.0307681628,1.6176470588235294,408.0,25.0,40.8,12.354036677225068,9,0.9,10,11,3,2,1.1,1.1,2,1,0.1,0.19444444444444442,0.06527777777777777,5,0.8181818181818182,0.0,0.18181818181818182,2,0,1,0,0,1.222,0.506,2.2,0.364,9,0.2,1.0,0.0,1148.1,cashout_prep,0.96,cashout,HIGH,925745.0,digital_arrest,1
TRAIN-0446,5179885.499999999,20,727666.82,138283.23,258994.27499999997,139452.51632379665,1.2269938650306749,978.0,10.0,51.473684210526315,54.44810824287718,16,0.8421052631578947,18,20,2,3,1.1111111111111112,1.1111111111111112,2,3,0.0,0.11029411764705882,0.02389705882352941,5,1.0,0.0,0.0,1,0,1,0,0,1.333,0.538,2.81,0.2,18,0.105,1.0,0.0,0.0,cashout_prep,0.92,further_layering,HIGH,1035977.0,digital_arrest,1
TRAIN-0447,7643174.85,9,1528634.97,639502.39,849241.6499999999,262874.7481915632,1.2616822429906542,428.0,12.0,53.5,75.96051605933177,7,0.875,9,9,2,2,1.0,1.0,2,1,0.0,0.21428571428571427,0.08134920634920634,5,1.0,0.0,0.0,1,0,1,0,0,1.125,0.31,1.8,0.333,8,0.125,0.0,0.0,0.0,cashout_prep,0.87,further_layering,HIGH,1528635.0,digital_arrest,1
TRAIN-0448,4298486.24,8,640070.55,434551.01,537310.78,102401.42497659578,1.2030075187969924,399.0,39.0,57.0,23.101226518664905,6,0.8571428571428571,8,8,2,2,1.0,1.0,2,1,0.0,0.23809523809523808,0.07142857142857142,4,0.875,0.0,0.125,2,0,1,0,0,1.143,0.191,1.191,0.375,8,0.0,1.0,0.0,1148.1,consolidation,0.88,further_layering,HIGH,1074622.0,digital_arrest,1
TRAIN-0449,2078903.31,9,692967.77,83942.29,230989.25666666668,201185.0884916202,2.535211267605634,213.0,10.0,26.625,16.63848808378591,8,1.0,10,9,1,3,0.9,0.9,1,6,0.0,0.1111111111111111,0.02777777777777778,3,1.0,0.0,0.0,1,0,1,0,0,2.25,0.871,3.0,0.111,7,0.25,1.0,0.0,0.0,layering,0.88,further_layering,HIGH,692968.0,digital_arrest,1
TRAIN-0450,1045085.8300000001,2,855935.18,189150.65,522542.91500000004,471487.8627532849,4.285714285714286,28.0,28.0,28.0,0.0,1,1.0,3,2,2,1,0.6666666666666666,0.6666666666666666,2,1,0.0,0.0,0.0,1,0.5,0.0,0.5,2,0,1,0,0,1.0,0.902,1.638,0.5,2,0.0,1.0,0.0,1148.1,collection,0.59,further_layering,MEDIUM,1045086.0,digital_arrest,1
TRAIN-0451,1926876.6,13,481719.15,53094.04,148221.27692307692,117246.17045436676,2.1606648199445986,361.0,17.0,30.083333333333332,12.168949557514539,12,1.0,11,13,3,3,1.1818181818181819,1.1818181818181819,1,2,0.09090909090909091,0.1,0.03131313131313131,4,0.9230769230769231,0.0,0.07692307692307693,2,0,1,0,0,1.444,0.791,3.25,0.308,12,0.083,1.0,0.0,1148.1,consolidation,0.99,further_layering,HIGH,481719.0,digital_arrest,1
TRAIN-0452,1668205.96,7,556068.65,72791.45,238315.13714285713,167697.5136755722,1.4736842105263157,285.0,30.0,47.5,11.76010204037363,6,1.0,8,7,1,3,0.875,0.875,1,4,0.0,0.14285714285714285,0.041666666666666664,3,1.0,0.0,0.0,1,0,1,0,0,1.75,0.704,2.333,0.286,6,0.167,0.0,0.0,0.0,layering,0.8,further_layering,HIGH,556069.0,digital_arrest,1
TRAIN-0453,3529393.0700000003,10,974795.3,80700.7,352939.30700000003,289653.01561897015,1.1278195488721805,532.0,14.0,59.111111111111114,78.64547737226287,8,0.8888888888888888,11,10,2,3,0.9090909090909091,0.9090909090909091,2,6,0.0,0.17777777777777778,0.03434343434343434,3,1.0,0.0,0.0,1,0,1,0,0,2.0,0.821,2.762,0.1,6,0.444,1.0,0.316,0.0,layering,0.83,further_layering,HIGH,1176464.0,digital_arrest,1
TRAIN-0454,6258529.370000001,21,867443.43,96394.04,298025.20809523814,227227.85541015994,1.6470588235294117,765.0,10.0,38.25,11.964310963950464,20,1.0,17,21,4,3,1.2352941176470589,1.2352941176470589,2,2,0.11764705882352941,0.11666666666666665,0.02475490196078431,5,1.0,0.0,0.0,1,0,1,0,0,1.4,0.762,2.911,0.19,17,0.2,1.0,0.0,0.0,cashout_prep,0.99,cashout,HIGH,1251706.0,digital_arrest,1
TRAIN-0455,1217605.62,2,996429.28,221176.34,608802.81,548186.6110088078,0.8633093525179856,139.0,139.0,139.0,0.0,0,0.0,3,2,2,1,0.6666666666666666,0.6666666666666666,2,1,0.0,0.0,0.0,1,1.0,0.0,0.0,1,0,1,0,0,1.0,0.9,1.637,0.5,2,0.0,0.0,0.0,0.0,collection,0.38,other,LOW,1217606.0,digital_arrest,1
TRAIN-0456,602014.5,5,200671.5,79535.59,120402.9,49458.05497224997,2.290076335877863,131.0,25.0,32.75,9.394147114027968,4,1.0,6,5,1,2,0.8333333333333334,0.8333333333333334,1,2,0.0,0.2,0.06666666666666667,3,0.6,0.0,0.4,2,0,1,0,0,1.25,0.411,1.667,0.4,5,0.0,1.0,0.0,1148.1,layering,0.8,further_layering,HIGH,200671.0,digital_arrest,1
TRAIN-0457,10511.39,1,10511.39,10511.39,10511.39,0.0,60.0,1.0,0.0,0.0,0.0,0,0.0,2,1,1,1,0.5,0.5,1,1,0.0,0.0,0.0,1,1.0,0.0,0.0,1,0,1,0,0,1.0,0.0,1.0,0.5,1,1.0,1.0,0.0,0.0,emerging,0.37,external_transfer,LOW,103234.0,digital_arrest,1
TRAIN-0458,1691716.56,10,320088.02,63738.25,169171.65600000002,100840.38651444604,1.9933554817275747,301.0,13.0,33.44444444444444,25.666666666666664,8,0.8888888888888888,11,10,2,3,0.9090909090909091,0.9090909090909091,2,6,0.0,0.17777777777777778,0.03434343434343434,3,1.0,0.0,0.0,1,0,1,0,0,2.0,0.596,1.892,0.1,7,0.333,0.0,0.0,0.0,layering,0.88,further_layering,HIGH,563906.0,digital_arrest,1
TRAIN-0459,1252770.63,2,992488.84,260281.79,626385.315,517748.5702875974,0.7228915662650602,166.0,166.0,166.0,0.0,0,0.0,3,2,2,1,0.6666666666666666,0.6666666666666666,2,1,0.0,0.0,0.0,1,1.0,0.0,0.0,1,0,1,0,0,1.0,0.827,1.584,0.5,2,0.0,0.0,0.0,0.0,collection,0.37,other,LOW,1252771.0,digital_arrest,1
TRAIN-0460,737777.08,1,737777.08,737777.08,737777.08,0.0,60.0,1.0,0.0,0.0,0.0,0,0.0,2,1,1,1,0.5,0.5,1,1,0.0,0.0,0.0,1,0.0,0.0,1.0,1,0,1,0,0,1.0,0.0,1.0,0.5,1,1.0,1.0,0.0,0.0,collection,0.42,external_transfer,LOW,737777.0,digital_arrest,1
TRAIN-0461,890375.08,1,890375.08,890375.08,890375.08,0.0,60.0,1.0,0.0,0.0,0.0,0,0.0,2,1,1,1,0.5,0.5,1,1,0.0,0.0,0.0,1,1.0,0.0,0.0,1,0,1,0,0,1.0,0.0,1.0,0.5,1,1.0,1.0,0.0,0.0,collection,0.43,external_transfer,LOW,890375.0,digital_arrest,1
TRAIN-0462,2872692.8,11,718173.2,80729.75,261153.8909090909,185615.3773876369,1.4042553191489362,470.0,33.0,47.0,7.788880963698615,10,1.0,10,11,3,3,1.1,1.1,1,2,0.1,0.1296296296296296,0.03749999999999999,4,0.9090909090909091,0.0,0.09090909090909091,2,0,1,0,0,1.375,0.711,2.75,0.273,11,0.0,1.0,0.467,1148.1,consolidation,0.99,further_layering,HIGH,718173.0,digital_arrest,1
TRAIN-0463,1933755.6099999999,13,483438.91,60962.12,148750.43153846153,117350.84374021375,1.8886198547215496,413.0,16.0,34.416666666666664,14.939017451768454,12,1.0,12,13,2,3,1.0833333333333333,1.0833333333333333,1,3,0.0,0.09090909090909091,0.02727272727272727,4,1.0,0.0,0.0,1,0,1,0,0,1.444,0.789,3.25,0.154,11,0.167,0.0,0.0,0.0,consolidation,0.95,further_layering,HIGH,483439.0,digital_arrest,1
TRAIN-0464,832902.39,7,277634.13,46406.04,118986.05571428571,82124.97293803387,2.1,200.0,13.0,33.333333333333336,16.31767957359951,6,1.0,8,7,1,2,0.875,0.875,1,4,0.0,0.14285714285714285,0.041666666666666664,3,1.0,0.0,0.0,1,0,1,0,0,1.75,0.69,2.333,0.286,7,0.0,1.0,0.0,0.0,layering,0.82,further_layering,HIGH,277634.0,digital_arrest,1
TRAIN-0465,665365.2799999999,17,133073.07,12590.69,39139.13411764705,34633.626281475365,1.847826086956522,552.0,10.0,34.5,14.89071298942174,15,0.9375,14,17,5,3,1.2142857142857142,1.2142857142857142,1,2,0.07142857142857142,0.07692307692307693,0.027014652014652012,5,0.9411764705882353,0.0,0.058823529411764705,2,0,1,0,0,1.417,0.885,3.4,0.529,12,0.312,1.0,0.0,1148.1,cashout_prep,0.93,cashout,HIGH,133073.0,digital_arrest,1
TRAIN-0466,1823431.2,6,607810.4,180667.12,303905.2,163461.67783187766,2.0338983050847457,177.0,20.0,35.4,14.501724035437993,5,1.0,7,6,1,2,0.8571428571428571,0.8571428571428571,1,3,0.0,0.16666666666666666,0.05238095238095238,3,1.0,0.0,0.0,1,0,1,0,0,1.5,0.538,2.0,0.333,5,0.2,1.0,0.0,0.0,layering,0.79,further_layering,MEDIUM,607810.0,digital_arrest,1
TRAIN-0467,2549062.92,12,648460.23,41907.54,212421.91,167327.83961599396,2.368421052631579,304.0,13.0,27.636363636363637,14.030486287172852,11,1.0,13,12,2,3,0.9230769230769231,0.9230769230769231,2,7,0.0,0.15151515151515152,0.023892773892773892,3,0.75,0.25,0.0,2,0,1,0,0,2.0,0.788,3.053,0.25,9,0.273,0.0,0.0,1303.8,layering,0.9,further_layering,HIGH,849688.0,digital_arrest,1
TRAIN-0468,4354419.14,18,870883.83,82323.54,241912.17444444442,200692.60921021953,1.2134831460674156,890.0,14.0,52.35294117647059,52.232582236175375,15,0.8823529411764706,14,18,6,3,1.2857142857142858,1.2857142857142858,2,1,0.07142857142857142,0.14102564102564102,0.032051282051282055,5,0.9444444444444444,0.0,0.05555555555555555,2,0,1,0,0,1.385,0.83,3.6,0.167,16,0.118,0.0,0.0,1148.1,cashout_prep,0.99,further_layering,HIGH,870884.0,digital_arrest,1
TRAIN-0469,964367.88,3,482183.94,211284.32,321455.96,142350.3026504784,3.0,60.0,30.0,30.0,0.0,2,1.0,4,3,1,2,0.75,0.75,1,2,0.0,0.3333333333333333,0.08333333333333333,2,0.6666666666666666,0.0,0.3333333333333333,2,0,1,0,0,1.5,0.443,1.5,0.333,2,0.5,0.0,0.0,1148.1,distribution,0.72,external_transfer,MEDIUM,482184.0,digital_arrest,1
TRAIN-0470,8273655.01,18,1654731.0,122849.86,459647.50055555557,375328.5478982858,1.3775510204081634,784.0,12.0,46.11764705882353,22.836052507332504,15,0.8823529411764706,14,18,6,3,1.2857142857142858,1.2857142857142858,2,1,0.07142857142857142,0.14102564102564102,0.032051282051282055,5,1.0,0.0,0.0,1,0,1,0,0,1.385,0.817,3.6,0.167,15,0.176,0.0,0.0,0.0,cashout_prep,0.99,further_layering,HIGH,1654731.0,digital_arrest,1
TRAIN-0471,121357.04999999999,2,70002.48,51354.57,60678.524999999994,13186.063615956427,0.7017543859649122,171.0,171.0,171.0,0.0,0,0.0,3,2,2,1,0.6666666666666666,0.6666666666666666,2,1,0.0,0.0,0.0,1,1.0,0.0,0.0,1,0,1,0,0,1.0,0.217,1.154,0.5,2,0.0,1.0,0.0,0.0,emerging,0.32,other,LOW,727574.0,digital_arrest,1
TRAIN-0472,2747428.0399999996,14,460434.21,65662.06,196244.85999999996,126066.3032677071,1.2612612612612613,666.0,14.0,51.23076923076923,58.153752882844756,11,0.8461538461538461,13,14,3,2,1.0769230769230769,1.0769230769230769,2,2,0.07692307692307693,0.15151515151515152,0.043706293706293704,5,1.0,0.0,0.0,1,0,1,0,0,1.273,0.642,2.346,0.214,13,0.077,0.0,0.0,0.0,cashout_prep,0.96,cashout,HIGH,549486.0,digital_arrest,1
TRAIN-0473,357142.07,2,252251.72,104890.35,178571.035,104200.22401193986,0.39867109634551495,301.0,301.0,301.0,0.0,0,0.0,3,2,2,1,0.6666666666666666,0.6666666666666666,2,1,0.0,0.0,0.0,1,0.5,0.0,0.5,2,0,1,0,0,1.0,0.584,1.413,0.5,2,0.0,1.0,0.0,1148.1,emerging,0.34,other,LOW,1566099.0,digital_arrest,1
TRAIN-0474,5627128.75,10,725841.54,399584.21,562712.875,116824.4293790993,1.0135135135135134,592.0,16.0,65.77777777777777,77.67364060248782,8,0.8888888888888888,11,10,2,2,0.9090909090909091,0.9090909090909091,2,2,0.0,0.17777777777777778,0.060606060606060615,5,0.7,0.3,0.0,2,0,1,0,0,1.111,0.208,1.29,0.4,10,0.0,1.0,0.0,1303.8,cashout_prep,0.89,further_layering,HIGH,1125426.0,digital_arrest,1
TRAIN-0475,1105279.01,7,368426.33,59879.75,157897.00142857144,108067.27175918965,1.9444444444444444,216.0,20.0,36.0,10.079682534683322,6,1.0,8,7,1,2,0.875,0.875,1,4,0.0,0.14285714285714285,0.041666666666666664,3,0.7142857142857143,0.0,0.2857142857142857,2,0,1,0,0,1.75,0.684,2.333,0.286,6,0.167,1.0,0.0,1148.1,layering,0.82,further_layering,HIGH,368426.0,digital_arrest,1
TRAIN-0476,6868374.51,11,1373674.9,348352.8,624397.6827272727,288884.8321749586,1.286549707602339,513.0,11.0,51.3,40.072295777617846,8,0.8,10,11,3,2,1.1,1.1,2,1,0.1,0.19444444444444442,0.06527777777777777,5,0.8181818181818182,0.0,0.18181818181818182,2,0,1,0,0,1.222,0.463,2.2,0.273,10,0.1,1.0,0.0,1148.1,cashout_prep,0.97,cashout,HIGH,1373675.0,digital_arrest,1
TRAIN-0477,1220082.79,2,901636.71,318446.08,610041.395,412378.04919745476,4.285714285714286,28.0,28.0,28.0,0.0,1,1.0,3,2,2,1,0.6666666666666666,0.6666666666666666,2,1,0.0,0.0,0.0,1,1.0,0.0,0.0,1,0,1,0,0,1.0,0.676,1.478,0.5,2,0.0,0.0,0.0,0.0,collection,0.57,further_layering,MEDIUM,1220083.0,digital_arrest,1
TRAIN-0478,1229855.51,8,409951.83,57915.44,153731.93875,118914.28200490668,1.7081850533807827,281.0,16.0,40.142857142857146,14.93796696819407,7,1.0,9,8,1,3,0.8888888888888888,0.8888888888888888,1,5,0.0,0.125,0.03373015873015873,3,0.75,0.0,0.25,2,0,1,0,0,2.0,0.774,2.667,0.25,5,0.429,0.0,0.535,1148.1,layering,0.81,further_layering,HIGH,409952.0,digital_arrest,1
TRAIN-0479,1233656.6099999999,8,246731.33,85607.78,154207.07624999998,66956.89014358929,1.6271186440677965,295.0,11.0,42.142857142857146,30.97541267644695,6,0.8571428571428571,8,8,2,2,1.0,1.0,1,1,0.0,0.14285714285714285,0.08333333333333333,5,0.625,0.0,0.375,2,0,1,0,0,1.143,0.434,1.6,0.375,7,0.143,1.0,0.0,1148.1,cashout_prep,0.88,further_layering,HIGH,246731.0,digital_arrest,1
TRAIN-0480,1914655.86,14,352183.17,47881.51,136761.13285714286,100014.87065651029,1.707317073170732,492.0,14.0,37.84615384615385,19.2043664906628,12,0.9230769230769231,15,14,2,3,0.9333333333333333,0.9333333333333333,2,9,0.0,0.13186813186813187,0.01868131868131868,3,0.7142857142857143,0.0,0.2857142857142857,2,0,1,0,0,2.333,0.731,2.575,0.143,10,0.308,1.0,0.0,1148.1,layering,0.88,further_layering,HIGH,638219.0,digital_arrest,1
TRAIN-0481,5641774.35,10,893537.12,405039.7,564177.4349999999,174529.02617432157,1.2474012474012472,481.0,11.0,53.44444444444444,51.99305509178872,8,0.8888888888888888,10,10,2,2,1.0,1.0,2,2,0.0,0.19444444444444442,0.05277777777777777,4,1.0,0.0,0.0,1,0,1,0,0,1.25,0.309,1.584,0.4,10,0.0,0.0,0.483,0.0,consolidation,0.88,further_layering,HIGH,1410444.0,digital_arrest,1
TRAIN-0482,3283760.77,15,820940.2,61914.45,218917.38466666668,204212.2793805385,2.2613065326633164,398.0,12.0,28.428571428571427,14.643004555677173,14,1.0,12,15,4,3,1.25,1.25,1,2,0.08333333333333333,0.09090909090909091,0.025757575757575757,4,0.9333333333333333,0.0,0.06666666666666667,2,0,1,0,0,1.5,0.933,3.75,0.267,13,0.143,1.0,0.0,1148.1,consolidation,0.99,further_layering,HIGH,820940.0,digital_arrest,1
TRAIN-0483,2892043.95,11,831826.41,90681.8,262913.08636363636,219134.32631779675,1.4634146341463414,451.0,14.0,45.1,30.812876096420037,9,0.9,12,11,2,3,0.9166666666666666,0.9166666666666666,2,6,0.0,0.16363636363636364,0.02727272727272727,3,1.0,0.0,0.0,1,0,1,0,0,1.833,0.833,3.164,0.182,9,0.2,1.0,0.0,0.0,layering,0.87,further_layering,HIGH,964015.0,digital_arrest,1
TRAIN-0484,4155139.7600000002,14,717776.97,95893.94,296795.6971428572,185634.0486356744,1.344,625.0,29.0,48.07692307692308,34.81010758017834,12,0.9230769230769231,11,14,5,3,1.2727272727272727,1.2727272727272727,2,1,0.09090909090909091,0.17777777777777778,0.03939393939393939,4,1.0,0.0,0.0,1,0,1,0,0,1.4,0.625,2.418,0.214,12,0.154,1.0,0.0,0.0,consolidation,0.99,cashout,HIGH,1038785.0,digital_arrest,1
TRAIN-0485,2176113.81,6,725371.27,159599.4,362685.635,196200.39360325175,2.6865671641791042,134.0,16.0,26.8,6.534523701081817,5,1.0,7,6,1,2,0.8571428571428571,0.8571428571428571,1,3,0.0,0.16666666666666666,0.05238095238095238,3,0.8333333333333334,0.0,0.16666666666666666,2,0,1,0,0,1.5,0.541,2.0,0.333,5,0.2,1.0,0.0,1148.1,layering,0.83,further_layering,HIGH,725371.0,digital_arrest,1
TRAIN-0486,2925567.2399999998,13,585113.44,105186.77,225043.63384615383,134733.46488993318,1.4942528735632186,522.0,11.0,43.5,28.189295195807283,11,0.9166666666666666,12,13,2,2,1.0833333333333333,1.0833333333333333,1,2,0.0,0.09090909090909091,0.03636363636363637,5,1.0,0.0,0.0,1,0,1,0,0,1.3,0.599,2.6,0.154,11,0.167,1.0,0.0,0.0,cashout_prep,0.91,further_layering,HIGH,585113.0,digital_arrest,1
TRAIN-0487,45864.66,1,45864.66,45864.66,45864.66,0.0,60.0,1.0,0.0,0.0,0.0,0,0.0,2,1,1,1,0.5,0.5,1,1,0.0,0.0,0.0,1,1.0,0.0,0.0,1,0,1,0,0,1.0,0.0,1.0,0.5,1,1.0,1.0,0.0,0.0,emerging,0.38,external_transfer,LOW,430885.0,digital_arrest,1
TRAIN-0488,3453345.3600000003,12,834621.84,59372.73,287778.78,231358.85982092892,1.3432835820895521,536.0,27.0,48.72727272727273,15.906545250876503,10,0.9090909090909091,13,12,2,3,0.9230769230769231,0.9230769230769231,2,7,0.0,0.15151515151515152,0.023892773892773892,3,0.6666666666666666,0.0,0.3333333333333333,2,0,1,0,0,2.0,0.804,2.9,0.167,10,0.182,1.0,0.289,1148.1,layering,0.88,further_layering,HIGH,1151115.0,digital_arrest,1
TRAIN-0489,557416.49,17,111483.3,10804.51,32789.205294117644,26578.491679155988,1.6887417218543046,604.0,14.0,37.75,17.410724664221572,15,0.9375,14,17,3,3,1.2142857142857142,1.2142857142857142,1,2,0.14285714285714285,0.07692307692307693,0.025641025641025637,5,0.8235294117647058,0.17647058823529413,0.0,2,0,1,0,0,1.417,0.811,3.4,0.235,16,0.062,1.0,0.0,1303.8,cashout_prep,0.99,cashout,HIGH,111483.0,digital_arrest,1
TRAIN-0490,8978285.84,11,1795657.17,335763.92,816207.8036363636,433935.97196033905,1.6019417475728157,412.0,11.0,41.2,40.41946725692131,9,0.9,10,11,3,2,1.1,1.1,2,1,0.1,0.19444444444444442,0.06527777777777777,5,0.7272727272727273,0.0,0.2727272727272727,2,0,1,0,0,1.222,0.532,2.2,0.364,11,0.0,0.0,0.0,1148.1,cashout_prep,0.99,cashout,HIGH,1795657.0,digital_arrest,1
TRAIN-0491,3677169.3000000003,8,734543.86,206252.56,459646.16250000003,184793.8141835209,0.9677419354838709,496.0,27.0,70.85714285714286,84.95769255229054,6,0.8571428571428571,9,8,2,2,0.8888888888888888,0.8888888888888888,2,4,0.0,0.21428571428571427,0.047619047619047616,3,0.875,0.125,0.0,2,0,1,0,0,1.6,0.402,1.598,0.125,6,0.286,1.0,0.0,1303.8,layering,0.82,further_layering,HIGH,1225723.0,digital_arrest,1
TRAIN-0492,3909886.89,11,977471.73,106819.47,355444.26272727276,248062.47287243363,2.1153846153846154,312.0,11.0,31.2,9.897249898611006,10,1.0,10,11,2,2,1.1,1.1,1,2,0.0,0.1111111111111111,0.03888888888888889,4,1.0,0.0,0.0,1,0,1,0,0,1.375,0.698,2.75,0.273,10,0.1,1.0,0.0,0.0,consolidation,0.92,further_layering,HIGH,977472.0,digital_arrest,1
TRAIN-0493,2120257.39,5,706752.47,340776.45,424051.478,158536.14053380987,1.7647058823529411,170.0,22.0,42.5,15.84297951775486,4,1.0,6,5,1,2,0.8333333333333334,0.8333333333333334,1,2,0.0,0.2,0.06666666666666667,3,1.0,0.0,0.0,1,0,1,0,0,1.25,0.374,1.667,0.4,4,0.25,0.0,0.0,0.0,layering,0.75,further_layering,MEDIUM,706752.0,digital_arrest,1
TRAIN-0494,1549440.73,5,663343.19,111377.18,309888.146,209392.40860045934,1.875,160.0,34.0,40.0,12.0,4,1.0,6,5,2,3,0.8333333333333334,0.8333333333333334,2,3,0.0,0.30000000000000004,0.05000000000000001,2,0.2,0.0,0.8,2,0,1,0,0,1.667,0.676,2.141,0.2,4,0.25,1.0,0.0,1148.1,distribution,0.79,further_layering,MEDIUM,774720.0,digital_arrest,1
TRAIN-0495,5023960.949999999,10,991729.98,217555.98,502396.0949999999,229075.50772470888,1.0309278350515465,582.0,11.0,64.66666666666667,87.02011261771614,8,0.8888888888888888,11,10,2,3,0.9090909090909091,0.9090909090909091,2,5,0.0,0.17777777777777778,0.031313131313131314,3,0.9,0.0,0.1,2,0,1,0,0,1.667,0.456,1.974,0.3,7,0.333,1.0,0.0,1148.1,layering,0.83,further_layering,HIGH,1674654.0,digital_arrest,1
TRAIN-0496,1724890.3199999998,7,574963.44,64778.38,246412.90285714282,171539.24531319021,1.3592233009708736,309.0,42.0,51.5,6.685805860178712,6,1.0,8,7,1,3,0.875,0.875,1,4,0.0,0.14285714285714285,0.041666666666666664,3,1.0,0.0,0.0,1,0,1,0,0,1.75,0.696,2.333,0.286,6,0.167,1.0,0.535,0.0,layering,0.8,further_layering,HIGH,574963.0,digital_arrest,1
TRAIN-0497,2305843.59,7,768614.54,69346.14,329406.2271428571,273994.2059099234,1.5671641791044775,268.0,12.0,44.666666666666664,17.68238294649979,6,1.0,8,7,1,3,0.875,0.875,1,4,0.0,0.14285714285714285,0.041666666666666664,3,1.0,0.0,0.0,1,0,1,0,0,1.75,0.832,2.333,0.286,6,0.167,0.0,0.0,0.0,layering,0.81,further_layering,HIGH,768615.0,digital_arrest,1
TRAIN-0498,1462926.87,2,808202.82,654724.05,731463.435,108525.87903517038,0.6417112299465241,187.0,187.0,187.0,0.0,0,0.0,3,2,2,1,0.6666666666666666,0.6666666666666666,2,1,0.0,0.0,0.0,1,1.0,0.0,0.0,1,0,1,0,0,1.0,0.148,1.105,0.5,2,0.0,1.0,0.0,0.0,collection,0.37,other,LOW,1462927.0,digital_arrest,1
TRAIN-0499,2482159.7500000005,12,496431.95,77683.36,206846.64583333337,154753.85684652798,2.0689655172413794,348.0,15.0,31.636363636363637,12.80837794002603,11,1.0,10,12,4,3,1.2,1.2,1,1,0.1,0.125,0.05,5,0.9166666666666666,0.08333333333333333,0.0,2,0,1,0,0,1.333,0.748,2.4,0.333,10,0.182,0.0,0.0,1303.8,cashout_prep,0.99,cashout,HIGH,496432.0,digital_arrest,1
TRAIN-0500,2351560.2,20,369689.45,21862.24,117578.01000000001,102374.73897091478,1.4510278113663846,827.0,10.0,43.526315789473685,66.35122741982215,16,0.8421052631578947,18,20,2,3,1.1111111111111112,1.1111111111111112,2,3,0.0,0.11029411764705882,0.023284313725490193,5,0.85,0.15,0.0,2,0,1,0,0,1.333,0.871,3.144,0.25,18,0.105,1.0,0.0,1303.8,cashout_prep,0.94,further_layering,HIGH,470312.0,digital_arrest,1
TRAIN-0501,3462483.2,11,865620.8,173257.1,314771.2,203660.86963152932,1.5865384615384615,416.0,16.0,41.6,15.854897595941065,10,1.0,9,11,4,2,1.2222222222222223,1.2222222222222223,1,1,0.1111111111111111,0.125,0.041666666666666664,4,0.9090909090909091,0.0,0.09090909090909091,2,0,1,0,0,1.375,0.647,2.75,0.545,11,0.0,0.0,0.0,1148.1,consolidation,0.98,cashout,HIGH,865621.0,digital_arrest,1
TRAIN-0502,1959369.1199999999,8,653123.04,81617.81,244921.13999999998,190312.48869095932,2.807017543859649,171.0,11.0,24.428571428571427,17.510541043013138,7,1.0,9,8,1,3,0.8888888888888888,0.8888888888888888,1,5,0.0,0.125,0.03373015873015873,3,0.625,0.375,0.0,2,0,1,0,0,2.0,0.777,2.667,0.125,6,0.286,1.0,0.0,1303.8,layering,0.89,further_layering,HIGH,653123.0,digital_arrest,1
TRAIN-0503,4796945.46,13,826545.7,95704.21,368995.8046153846,269727.01369061513,1.1287988422575976,691.0,22.0,57.583333333333336,71.31168249737247,11,0.9166666666666666,14,13,2,3,0.9285714285714286,0.9285714285714286,2,8,0.0,0.14102564102564102,0.021062271062271064,3,0.9230769230769231,0.07692307692307693,0.0,2,0,1,0,0,2.167,0.731,2.24,0.154,9,0.333,0.0,0.0,1303.8,layering,0.85,further_layering,HIGH,1598982.0,digital_arrest,1
TRAIN-0504,5714294.11,15,1142858.82,195717.92,380952.94066666666,268180.2371540947,1.4516129032258063,620.0,10.0,44.285714285714285,47.076743517577555,12,0.8571428571428571,12,15,5,3,1.25,1.25,2,1,0.08333333333333333,0.16363636363636364,0.0446969696969697,5,1.0,0.0,0.0,1,0,1,0,0,1.364,0.704,3.0,0.267,12,0.214,1.0,0.516,0.0,cashout_prep,0.98,cashout,HIGH,1142859.0,digital_arrest,1
TRAIN-0505,5444241.41,19,964611.94,75227.34,286539.0215789474,241150.5737199275,2.134831460674157,534.0,12.0,29.666666666666668,16.09530439381038,17,0.9444444444444444,15,19,5,3,1.2666666666666666,1.2666666666666666,2,2,0.06666666666666667,0.13186813186813187,0.02234432234432235,4,0.8947368421052632,0.0,0.10526315789473684,2,0,1,0,0,1.462,0.842,3.366,0.316,18,0.056,0.0,0.0,1148.1,consolidation,0.99,further_layering,HIGH,1361060.0,digital_arrest,1
TRAIN-0506,282912.44,3,141456.22,54836.35,94304.14666666667,43818.22167342752,2.25,80.0,40.0,40.0,0.0,2,1.0,4,3,1,2,0.75,0.75,1,2,0.0,0.3333333333333333,0.08333333333333333,2,1.0,0.0,0.0,1,0,1,0,0,1.5,0.465,1.5,0.333,2,0.5,1.0,0.0,0.0,distribution,0.64,further_layering,MEDIUM,141456.0,digital_arrest,1
TRAIN-0507,5114166.01,16,857803.52,132453.81,319635.375625,247181.95097942237,1.5070643642072212,637.0,11.0,42.46666666666667,27.165804835876894,12,0.8,14,16,4,3,1.1428571428571428,1.1428571428571428,2,2,0.07142857142857142,0.14102564102564102,0.03708791208791208,5,1.0,0.0,0.0,1,0,1,0,0,1.333,0.773,2.684,0.188,12,0.267,0.0,0.0,0.0,cashout_prep,0.98,further_layering,HIGH,1022833.0,digital_arrest,1
TRAIN-0508,5527059.8,14,1105411.96,142051.01,394789.9857142857,255683.98644643027,1.4383561643835618,584.0,20.0,44.92307692307692,25.81169482509023,11,0.8461538461538461,12,14,4,3,1.1666666666666667,1.1666666666666667,2,1,0.08333333333333333,0.16363636363636364,0.04393939393939394,5,1.0,0.0,0.0,1,0,1,0,0,1.273,0.648,2.8,0.214,13,0.077,0.0,0.0,0.0,cashout_prep,0.99,cashout,HIGH,1105412.0,digital_arrest,1
TRAIN-0509,3627674.139999999,20,468945.05,85284.88,181383.70699999997,112884.47186117033,1.3015184381778742,922.0,15.0,48.526315789473685,34.60791242388338,15,0.7894736842105263,18,20,4,3,1.1111111111111112,1.1111111111111112,2,3,0.05555555555555555,0.11029411764705882,0.02267156862745098,5,1.0,0.0,0.0,1,0,1,0,0,1.333,0.622,2.585,0.25,18,0.105,1.0,0.0,0.0,cashout_prep,0.97,further_layering,HIGH,725535.0,digital_arrest,1
TRAIN-0510,782544.08,13,195636.02,22378.89,60195.69846153846,51256.95840035719,1.8309859154929577,426.0,14.0,35.5,17.048060406872203,12,1.0,11,13,3,3,1.1818181818181819,1.1818181818181819,1,2,0.09090909090909091,0.1,0.031313131313131314,4,1.0,0.0,0.0,1,0,1,0,0,1.444,0.852,3.25,0.154,11,0.167,0.0,0.0,0.0,consolidation,0.99,further_layering,HIGH,195636.0,digital_arrest,1
TRAIN-0511,4269284.12,19,791398.7,74865.96,224699.16421052633,173499.49492472722,1.3784764207980653,827.0,11.0,45.94444444444444,49.22155460678275,17,0.9444444444444444,15,19,6,3,1.2666666666666666,1.2666666666666666,2,2,0.06666666666666667,0.13186813186813187,0.022344322344322338,4,0.7368421052631579,0.2631578947368421,0.0,2,0,1,0,0,1.462,0.772,3.522,0.211,18,0.056,1.0,0.0,1303.8,consolidation,0.99,further_layering,HIGH,1067321.0,digital_arrest,1
TRAIN-0512,1239531.29,8,306614.86,45539.18,154941.41125,103045.79084741189,1.2467532467532467,385.0,43.0,55.0,6.3508529610858835,6,0.8571428571428571,9,8,2,3,0.8888888888888888,0.8888888888888888,2,4,0.0,0.21428571428571427,0.047619047619047616,3,1.0,0.0,0.0,1,0,1,0,0,1.6,0.665,1.979,0.25,5,0.429,0.0,0.0,0.0,layering,0.8,further_layering,HIGH,413177.0,digital_arrest,1
TRAIN-0513,2150889.5999999996,22,296569.47,33821.12,97767.70909090908,69640.661604637,1.6520650813516897,799.0,11.0,38.04761904761905,21.82080702099762,18,0.8571428571428571,19,22,3,3,1.1578947368421053,1.1578947368421053,2,3,0.10526315789473684,0.10457516339869281,0.021155830753353973,5,0.8636363636363636,0.13636363636363635,0.0,2,0,1,0,0,1.375,0.712,3.033,0.136,19,0.143,0.0,0.0,1303.8,cashout_prep,0.99,further_layering,HIGH,430178.0,digital_arrest,1
TRAIN-0514,4184014.4,11,836802.88,179002.05,380364.94545454544,226060.14972760767,1.4193548387096775,465.0,10.0,46.5,24.259018941416407,8,0.8,11,11,2,2,1.0,1.0,1,2,0.0,0.11111111111111112,0.047474747474747475,5,1.0,0.0,0.0,1,0,1,0,0,1.222,0.594,2.2,0.455,11,0.0,1.0,0.0,0.0,cashout_prep,0.88,further_layering,HIGH,836803.0,digital_arrest,1
TRAIN-0515,288626.74,2,274273.39,14353.35,144313.37,183791.2228502787,1.2244897959183674,98.0,98.0,98.0,0.0,0,0.0,3,2,2,1,0.6666666666666666,0.6666666666666666,2,1,0.0,0.0,0.0,1,1.0,0.0,0.0,1,0,1,0,0,1.0,1.274,1.901,0.5,2,0.0,1.0,0.0,0.0,emerging,0.35,other,LOW,846492.0,digital_arrest,1
TRAIN-0516,169449.32,1,169449.32,169449.32,169449.32,0.0,60.0,1.0,0.0,0.0,0.0,0,0.0,2,1,1,1,0.5,0.5,1,1,0.0,0.0,0.0,1,1.0,0.0,0.0,1,0,1,0,0,1.0,0.0,1.0,0.5,1,1.0,0.0,0.0,0.0,emerging,0.38,external_transfer,LOW,496150.0,digital_arrest,1
TRAIN-0517,1005039.1400000001,9,215220.56,51168.31,111671.01555555557,60048.247922210256,2.797927461139896,193.0,13.0,24.125,11.33184514038708,8,1.0,10,9,2,3,0.9,0.9,2,5,0.0,0.19444444444444442,0.04027777777777777,3,1.0,0.0,0.0,1,0,1,0,0,1.8,0.538,1.927,0.222,6,0.375,1.0,0.0,0.0,layering,0.88,further_layering,HIGH,335013.0,digital_arrest,1
TRAIN-0518,5260011.600000001,23,743171.25,87574.76,228696.15652173915,176890.6941095157,1.6140350877192982,855.0,18.0,38.86363636363637,15.372503140798276,20,0.9090909090909091,18,23,6,3,1.2777777777777777,1.2777777777777777,2,2,0.05555555555555555,0.1102941176470588,0.021854575163398688,5,0.9130434782608695,0.08695652173913043,0.0,2,0,1,0,0,1.438,0.773,3.25,0.174,21,0.091,1.0,0.209,1303.8,cashout_prep,0.99,further_layering,HIGH,1052002.0,digital_arrest,1
TRAIN-0519,4600699.6,13,920139.92,205804.85,353899.9692307692,202645.1673296358,1.5354330708661417,508.0,28.0,42.333333333333336,9.698484730132128,12,1.0,12,13,2,2,1.0833333333333333,1.0833333333333333,1,2,0.0,0.09090909090909091,0.03636363636363637,5,0.9230769230769231,0.0,0.07692307692307693,2,0,1,0,0,1.3,0.573,2.6,0.308,13,0.0,1.0,0.0,1148.1,cashout_prep,0.92,further_layering,HIGH,920140.0,digital_arrest,1
TRAIN-0520,1426969.1800000002,3,713484.59,223971.08,475656.39333333337,245050.77816621034,6.0,30.0,15.0,15.0,0.0,2,1.0,4,3,1,2,0.75,0.75,1,2,0.0,0.3333333333333333,0.08333333333333333,2,1.0,0.0,0.0,1,0,1,0,0,1.5,0.515,1.5,0.333,2,0.5,1.0,0.0,0.0,distribution,0.71,further_layering,MEDIUM,713485.0,digital_arrest,1
TRAIN-0521,886260.48,9,295420.16,34718.81,98473.38666666666,86128.25287113209,2.014925373134328,268.0,15.0,33.5,15.042796092672209,8,1.0,10,9,1,3,0.9,0.9,1,6,0.0,0.1111111111111111,0.02777777777777778,3,1.0,0.0,0.0,1,0,1,0,0,2.25,0.875,3.0,0.222,7,0.25,1.0,0.0,0.0,layering,0.83,further_layering,HIGH,295420.0,digital_arrest,1
TRAIN-0522,2850453.06,9,634494.93,138671.27,316717.00666666665,184335.6292975541,1.424802110817942,379.0,10.0,47.375,38.803304351194484,7,0.875,10,9,2,3,0.9,0.9,2,5,0.0,0.19444444444444442,0.04027777777777777,3,0.7777777777777778,0.2222222222222222,0.0,2,0,1,0,0,1.8,0.582,2.003,0.333,7,0.25,0.0,0.0,1303.8,layering,0.84,further_layering,HIGH,950151.0,digital_arrest,1
TRAIN-0523,2226689.0,12,445337.8,73199.32,185557.41666666666,132769.02034244922,1.4457831325301203,498.0,26.0,45.27272727272727,11.816013787152665,11,1.0,10,12,4,2,1.2,1.2,1,1,0.1,0.1111111111111111,0.05,5,0.8333333333333334,0.16666666666666666,0.0,2,0,1,0,0,1.333,0.716,2.4,0.167,11,0.091,0.0,0.0,1303.8,cashout_prep,0.99,cashout,HIGH,445338.0,digital_arrest,1
TRAIN-0524,1813277.0299999998,16,362655.41,37054.38,113329.81437499999,106884.48605731498,1.6812609457092818,571.0,10.0,38.06666666666667,27.85027998491389,14,0.9333333333333333,12,16,6,3,1.3333333333333333,1.3333333333333333,1,1,0.08333333333333333,0.09090909090909091,0.03333333333333333,5,1.0,0.0,0.0,1,0,1,0,0,1.455,0.943,3.2,0.25,16,0.0,0.0,0.0,0.0,cashout_prep,0.99,further_layering,HIGH,362655.0,digital_arrest,1
TRAIN-0525,2677910.0,12,535582.0,75310.52,223159.16666666666,159509.8903533601,1.836734693877551,392.0,15.0,35.63636363636363,28.468483371169345,10,0.9090909090909091,10,12,4,2,1.2,1.2,1,1,0.1,0.1111111111111111,0.05,5,0.75,0.0,0.25,2,0,1,0,0,1.333,0.715,2.4,0.333,12,0.0,1.0,0.0,1148.1,cashout_prep,0.99,cashout,HIGH,535582.0,digital_arrest,1
TRAIN-0526,3066974.2800000003,8,643909.65,147161.77,383371.78500000003,164858.81027110753,1.08843537414966,441.0,16.0,63.0,61.45730225123781,6,0.8571428571428571,9,8,2,2,0.8888888888888888,0.8888888888888888,2,4,0.0,0.21428571428571427,0.047619047619047616,3,1.0,0.0,0.0,1,0,1,0,0,1.6,0.43,1.68,0.25,7,0.143,1.0,0.0,0.0,layering,0.81,further_layering,HIGH,1022325.0,digital_arrest,1
TRAIN-0527,485824.79,7,161941.59,25888.93,69403.54142857142,46732.12413894302,1.7796610169491527,236.0,12.0,39.333333333333336,17.270398567105122,6,1.0,8,7,1,2,0.875,0.875,1,4,0.0,0.14285714285714285,0.041666666666666664,3,1.0,0.0,0.0,1,0,1,0,0,1.75,0.673,2.333,0.143,5,0.333,1.0,0.0,0.0,layering,0.77,further_layering,MEDIUM,161942.0,digital_arrest,1
TRAIN-0528,2785149.45,5,928383.15,410237.02,557029.89,214489.7612135464,1.7857142857142858,168.0,32.0,42.0,12.0,4,1.0,6,5,1,2,0.8333333333333334,0.8333333333333334,1,2,0.0,0.2,0.06666666666666667,3,0.8,0.0,0.2,2,0,1,0,0,1.25,0.385,1.667,0.4,5,0.0,1.0,0.0,1148.1,layering,0.8,further_layering,HIGH,928383.0,digital_arrest,1
TRAIN-0529,817116.13,2,447136.38,369979.75,408558.065,54557.97628650141,1.1650485436893205,103.0,103.0,103.0,0.0,0,0.0,3,2,2,1,0.6666666666666666,0.6666666666666666,2,1,0.0,0.0,0.0,1,0.5,0.0,0.5,2,0,1,0,0,1.0,0.134,1.094,0.5,2,0.0,0.0,0.0,1148.1,collection,0.39,external_transfer,LOW,817116.0,digital_arrest,1
TRAIN-0530,5900486.1,10,947612.8,232484.42,590048.61,280854.33472625224,1.0619469026548674,565.0,14.0,62.77777777777778,54.12434243891047,7,0.7777777777777778,11,10,2,2,0.9090909090909091,0.9090909090909091,2,2,0.0,0.17777777777777778,0.060606060606060615,5,1.0,0.0,0.0,1,0,1,0,0,1.111,0.476,1.606,0.4,9,0.111,1.0,0.0,0.0,cashout_prep,0.86,further_layering,HIGH,1180097.0,digital_arrest,1
TRAIN-0531,7291695.699999999,17,967726.43,177998.6,428923.2764705882,249616.7106398626,1.408839779005525,724.0,23.0,45.25,21.79449471770337,13,0.8125,16,17,2,3,1.0625,1.0625,2,3,0.0,0.12380952380952381,0.030654761904761903,5,0.9411764705882353,0.0,0.058823529411764705,2,0,1,0,0,1.308,0.582,2.256,0.353,13,0.25,1.0,0.0,1148.1,cashout_prep,0.9,further_layering,HIGH,1458339.0,digital_arrest,1
TRAIN-0532,1944215.2600000002,13,388843.06,60079.01,149555.02000000002,96337.78539461606,1.9948849104859334,391.0,13.0,32.583333333333336,15.905735576905087,12,1.0,12,13,2,3,1.0833333333333333,1.0833333333333333,1,2,0.0,0.10909090909090909,0.03863636363636364,5,1.0,0.0,0.0,1,0,1,0,0,1.3,0.644,2.6,0.308,12,0.083,1.0,0.0,0.0,cashout_prep,0.94,further_layering,HIGH,388843.0,digital_arrest,1
TRAIN-0533,1210645.0999999999,14,242129.02,32908.6,86474.65,71536.64589733045,1.9310344827586208,435.0,13.0,33.46153846153846,15.21301736789574,13,1.0,11,14,5,3,1.2727272727272727,1.2727272727272727,1,1,0.09090909090909091,0.1,0.0404040404040404,5,0.7857142857142857,0.21428571428571427,0.0,2,0,1,0,0,1.4,0.827,2.8,0.286,12,0.154,0.0,0.0,1303.8,cashout_prep,0.99,cashout,HIGH,242129.0,digital_arrest,1
TRAIN-0534,1072989.36,5,357663.12,152392.17,214597.87200000003,84232.93129162025,2.857142857142857,105.0,17.0,26.25,13.696106502701172,4,1.0,6,5,1,2,0.8333333333333334,0.8333333333333334,1,2,0.0,0.2,0.06666666666666667,3,0.6,0.4,0.0,2,0,1,0,0,1.25,0.393,1.667,0.4,4,0.25,1.0,0.0,1303.8,layering,0.81,further_layering,HIGH,357663.0,digital_arrest,1
TRAIN-0535,582605.5499999999,13,145651.38,19793.22,44815.81153846153,36411.91065276142,1.6560509554140128,471.0,18.0,39.25,12.87792332213968,12,1.0,12,13,3,3,1.0833333333333333,1.0833333333333333,1,3,0.08333333333333333,0.09090909090909091,0.02727272727272727,4,0.9230769230769231,0.07692307692307693,0.0,2,0,1,0,0,1.444,0.812,3.25,0.308,12,0.083,0.0,0.0,1303.8,consolidation,0.97,cashout,HIGH,145651.0,digital_arrest,1
TRAIN-0536,995713.3500000001,12,199142.67,25609.13,82976.1125,66304.9697479215,1.8181818181818183,396.0,20.0,36.0,15.880806024884253,10,0.9090909090909091,10,12,4,3,1.2,1.2,1,1,0.1,0.125,0.05,5,1.0,0.0,0.0,1,0,1,0,0,1.333,0.799,2.4,0.333,11,0.091,1.0,0.0,0.0,cashout_prep,0.99,cashout,HIGH,199143.0,digital_arrest,1
TRAIN-0537,8446212.55,16,999508.18,273554.02,527888.284375,265357.2174588952,1.6,600.0,11.0,40.0,30.722258101531907,13,0.8666666666666667,14,16,3,3,1.1428571428571428,1.1428571428571428,2,2,0.07142857142857142,0.14102564102564102,0.03708791208791209,5,1.0,0.0,0.0,1,0,1,0,0,1.333,0.503,1.893,0.375,15,0.067,1.0,0.0,0.0,cashout_prep,0.97,further_layering,HIGH,1689243.0,digital_arrest,1
TRAIN-0538,1191634.3,3,595817.15,267635.47,397211.43333333335,174641.4438380857,1.7307692307692306,104.0,52.0,52.0,0.0,2,1.0,4,3,1,2,0.75,0.75,1,2,0.0,0.3333333333333333,0.08333333333333333,2,0.6666666666666666,0.3333333333333333,0.0,2,0,1,0,0,1.5,0.44,1.5,0.333,3,0.0,1.0,0.0,1303.8,distribution,0.74,external_transfer,MEDIUM,595817.0,digital_arrest,1
TRAIN-0539,1958329.2900000003,6,652776.43,130053.38,326388.215,194121.16267819962,2.222222222222222,162.0,22.0,32.4,10.08959860450355,5,1.0,7,6,1,2,0.8571428571428571,0.8571428571428571,1,3,0.0,0.16666666666666666,0.05238095238095238,3,1.0,0.0,0.0,1,0,1,0,0,1.5,0.595,2.0,0.333,6,0.0,1.0,0.0,0.0,layering,0.82,further_layering,HIGH,652776.0,digital_arrest,1
TRAIN-0540,1490684.12,2,840885.43,649798.69,745342.06,135118.72964883078,0.6976744186046512,172.0,172.0,172.0,0.0,0,0.0,3,2,2,1,0.6666666666666666,0.6666666666666666,2,1,0.0,0.0,0.0,1,1.0,0.0,0.0,1,0,1,0,0,1.0,0.181,1.128,0.5,2,0.0,1.0,0.0,0.0,collection,0.37,other,LOW,1490684.0,digital_arrest,1
TRAIN-0541,3667997.0499999993,14,733599.41,133634.89,261999.78928571424,165860.91007909278,1.2923076923076922,650.0,18.0,50.0,21.224985276791124,12,0.9230769230769231,14,14,2,2,1.0,1.0,1,3,0.0,0.07692307692307693,0.030219780219780223,5,0.9285714285714286,0.07142857142857142,0.0,2,0,1,0,0,1.273,0.633,2.8,0.357,12,0.154,1.0,0.0,1303.8,cashout_prep,0.89,further_layering,HIGH,733599.0,digital_arrest,1
TRAIN-0542,2213926.9299999992,13,553481.74,56828.52,170302.0715384615,139909.2454970897,2.2941176470588234,340.0,10.0,28.333333333333332,14.63081016419139,12,1.0,11,13,3,3,1.1818181818181819,1.1818181818181819,1,2,0.09090909090909091,0.1,0.03131313131313131,4,1.0,0.0,0.0,1,0,1,0,0,1.444,0.822,3.25,0.308,11,0.167,1.0,0.0,0.0,consolidation,0.99,further_layering,HIGH,553482.0,digital_arrest,1
TRAIN-0543,1335430.2000000002,4,525122.49,142592.61,333857.55000000005,156472.1425831271,0.7207207207207208,333.0,48.0,111.0,109.11920087683927,2,0.6666666666666666,5,4,2,2,0.8,0.8,2,2,0.0,0.3333333333333333,0.06666666666666667,2,0.5,0.5,0.0,2,0,1,0,0,1.333,0.469,1.573,0.5,4,0.0,0.0,0.0,1303.8,distribution,0.68,external_transfer,MEDIUM,667715.0,digital_arrest,1
TRAIN-0544,3895461.0400000005,15,973865.26,117011.89,259697.4026666667,231793.2912010787,1.6791044776119401,536.0,11.0,38.285714285714285,15.339384058582773,14,1.0,12,15,3,3,1.25,1.25,1,2,0.16666666666666666,0.09090909090909091,0.025757575757575757,4,1.0,0.0,0.0,1,0,1,0,0,1.5,0.893,3.75,0.267,12,0.214,1.0,0.0,0.0,consolidation,0.99,cashout,HIGH,973865.0,digital_arrest,1
TRAIN-0545,4186699.1599999997,10,706392.73,163305.11,418669.91599999997,168318.42419363876,1.1131725417439704,539.0,16.0,59.888888888888886,75.55866006693813,8,0.8888888888888888,9,10,3,2,1.1111111111111112,1.1111111111111112,2,1,0.1111111111111111,0.21428571428571427,0.05753968253968253,4,0.9,0.1,0.0,2,0,1,0,0,1.25,0.402,1.687,0.3,9,0.111,1.0,0.483,1303.8,consolidation,0.97,cashout,HIGH,1046675.0,digital_arrest,1
TRAIN-0546,2474051.87,9,824683.95,102757.18,274894.65222222224,238724.89434047646,2.240663900414938,241.0,13.0,30.125,14.807695875552588,8,1.0,10,9,1,3,0.9,0.9,1,6,0.0,0.1111111111111111,0.02777777777777778,3,0.8888888888888888,0.0,0.1111111111111111,2,0,1,0,0,2.25,0.868,3.0,0.222,5,0.5,1.0,0.0,1148.1,layering,0.84,further_layering,HIGH,824684.0,digital_arrest,1
TRAIN-0547,322714.48,1,322714.48,322714.48,322714.48,0.0,60.0,1.0,0.0,0.0,0.0,0,0.0,2,1,1,1,0.5,0.5,1,1,0.0,0.0,0.0,1,1.0,0.0,0.0,1,0,1,0,0,1.0,0.0,1.0,0.5,1,1.0,0.0,0.0,0.0,collection,0.39,external_transfer,LOW,322714.0,digital_arrest,1
TRAIN-0548,3434353.1999999997,7,858588.3,406393.3,490621.88571428566,163866.06453323836,3.0,140.0,11.0,23.333333333333332,18.575970140659322,6,1.0,7,7,2,2,1.0,1.0,1,1,0.0,0.16666666666666666,0.07142857142857142,4,1.0,0.0,0.0,1,0,1,0,0,1.167,0.334,1.75,0.429,7,0.0,1.0,0.0,0.0,consolidation,0.92,further_layering,HIGH,858588.0,digital_arrest,1
TRAIN-0549,3059818.76,8,797459.33,105170.94,382477.345,252746.67569067414,1.3445378151260503,357.0,12.0,51.0,48.94554797595657,6,0.8571428571428571,9,8,2,3,0.8888888888888888,0.8888888888888888,2,4,0.0,0.21428571428571427,0.047619047619047616,3,1.0,0.0,0.0,1,0,1,0,0,1.6,0.661,2.085,0.25,6,0.286,0.0,0.0,0.0,layering,0.82,further_layering,HIGH,1019940.0,digital_arrest,1
TRAIN-0550,5918820.800000001,13,933451.58,174342.49,455293.9076923077,239700.41461446782,1.1111111111111112,702.0,11.0,58.5,56.11433134073845,11,0.9166666666666666,12,13,2,3,1.0833333333333333,1.0833333333333333,2,2,0.0,0.16363636363636364,0.034848484848484844,4,1.0,0.0,0.0,1,0,1,0,0,1.3,0.526,2.05,0.231,12,0.083,1.0,0.439,0.0,consolidation,0.91,further_layering,HIGH,1479705.0,digital_arrest,1
TRAIN-0551,2574499.61,7,858166.54,162136.3,367785.65857142856,251301.81702328435,2.8767123287671237,146.0,17.0,24.333333333333332,9.852241707685955,6,1.0,8,7,1,3,0.875,0.875,1,4,0.0,0.14285714285714285,0.041666666666666664,3,0.7142857142857143,0.0,0.2857142857142857,2,0,1,0,0,1.75,0.683,2.333,0.429,5,0.333,0.0,0.0,1148.1,layering,0.83,further_layering,HIGH,858167.0,digital_arrest,1
TRAIN-0552,7596561.850000001,11,1519312.37,382160.45,690596.5318181819,330165.68086983025,1.6708860759493671,395.0,11.0,39.5,25.140715096344326,8,0.8,10,11,3,2,1.1,1.1,2,1,0.1,0.19444444444444442,0.06527777777777777,5,0.9090909090909091,0.09090909090909091,0.0,2,0,1,0,0,1.222,0.478,2.2,0.364,10,0.1,1.0,0.0,1303.8,cashout_prep,0.97,cashout,HIGH,1519312.0,digital_arrest,1
TRAIN-0553,2636952.0199999996,10,533367.25,68298.86,263695.20199999993,148022.42224907564,0.9836065573770493,610.0,31.0,67.77777777777777,63.11255377850309,8,0.8888888888888888,11,10,2,3,0.9090909090909091,0.9090909090909091,2,5,0.0,0.17777777777777778,0.031313131313131314,3,1.0,0.0,0.0,1,0,1,0,0,1.667,0.561,2.023,0.3,8,0.222,1.0,0.0,0.0,layering,0.83,further_layering,HIGH,878984.0,digital_arrest,1
TRAIN-0554,1513088.8199999998,7,504362.94,65790.0,216155.5457142857,150135.46170647425,2.5609756097560976,164.0,11.0,27.333333333333332,20.982532417862878,6,1.0,8,7,1,3,0.875,0.875,1,4,0.0,0.14285714285714285,0.041666666666666664,3,0.8571428571428571,0.14285714285714285,0.0,2,0,1,0,0,1.75,0.695,2.333,0.286,6,0.167,1.0,0.0,1303.8,layering,0.86,further_layering,HIGH,504363.0,digital_arrest,1
TRAIN-0555,3140948.02,22,424700.59,33063.46,142770.36454545453,94121.25904406946,1.029641185647426,1282.0,18.0,61.04761904761905,56.77101037543386,17,0.8095238095238095,19,22,3,3,1.1578947368421053,1.1578947368421053,2,3,0.05263157894736842,0.1045751633986928,0.021671826625386997,5,0.9090909090909091,0.09090909090909091,0.0,2,0,1,0,0,1.375,0.659,2.975,0.227,20,0.095,1.0,0.0,1303.8,cashout_prep,0.97,further_layering,HIGH,628190.0,digital_arrest,1
TRAIN-0556,1082181.6600000001,9,360727.22,32551.28,120242.40666666668,108565.81853279534,2.4545454545454546,220.0,10.0,27.5,12.328828005937952,8,1.0,10,9,1,3,0.9,0.9,1,6,0.0,0.1111111111111111,0.02777777777777778,3,1.0,0.0,0.0,1,0,1,0,0,2.25,0.903,3.0,0.111,7,0.25,1.0,0.0,0.0,layering,0.88,further_layering,HIGH,360727.0,digital_arrest,1
TRAIN-0557,677337.97,2,450452.96,226885.01,338668.985,158086.413500975,0.5128205128205129,234.0,234.0,234.0,0.0,0,0.0,3,2,2,1,0.6666666666666666,0.6666666666666666,2,1,0.0,0.0,0.0,1,0.5,0.5,0.0,2,0,1,0,0,1.0,0.467,1.33,0.5,2,0.0,1.0,0.0,1303.8,collection,0.36,external_transfer,LOW,677338.0,digital_arrest,1
TRAIN-0558,286192.46,1,286192.46,286192.46,286192.46,0.0,60.0,1.0,0.0,0.0,0.0,0,0.0,2,1,1,1,0.5,0.5,1,1,0.0,0.0,0.0,1,1.0,0.0,0.0,1,0,1,0,0,1.0,0.0,1.0,0.5,1,1.0,1.0,0.0,0.0,emerging,0.39,external_transfer,LOW,925186.0,digital_arrest,1
TRAIN-0559,5131443.49,17,942590.05,128807.66,301849.6170588235,191232.28377405409,1.408839779005525,724.0,15.0,45.25,47.40253157796533,15,0.9375,14,17,5,3,1.2142857142857142,1.2142857142857142,2,2,0.07142857142857142,0.14102564102564102,0.02564102564102564,4,0.9411764705882353,0.0,0.058823529411764705,2,0,1,0,0,1.417,0.634,3.123,0.235,15,0.125,0.0,0.47,1148.1,consolidation,0.99,further_layering,HIGH,1282861.0,digital_arrest,1
TRAIN-0560,5636854.400000001,12,931295.05,256987.94,469737.86666666676,214566.40167676978,1.4229249011857708,506.0,10.0,46.0,49.96798975344115,10,0.9090909090909091,11,12,3,2,1.0909090909090908,1.0909090909090908,2,2,0.09090909090909091,0.17777777777777778,0.043434343434343436,4,0.75,0.0,0.25,2,0,1,0,0,1.333,0.457,1.983,0.167,11,0.091,0.0,0.515,1148.1,consolidation,0.99,cashout,HIGH,1409214.0,digital_arrest,1
TRAIN-0561,3530045.84,12,573567.88,81956.62,294170.48666666663,191078.70623165235,1.4845360824742266,485.0,15.0,44.09090909090909,59.62793732044492,10,0.9090909090909091,10,12,4,3,1.2,1.2,2,1,0.1,0.19444444444444442,0.047222222222222214,4,0.9166666666666666,0.0,0.08333333333333333,2,0,1,0,0,1.333,0.65,1.95,0.25,10,0.182,0.0,0.0,1148.1,consolidation,0.99,cashout,HIGH,882511.0,digital_arrest,1
TRAIN-0562,1481686.74,3,740843.37,281856.3,493895.58,231476.20970547124,7.5,24.0,12.0,12.0,0.0,2,1.0,4,3,1,2,0.75,0.75,1,2,0.0,0.3333333333333333,0.08333333333333333,2,0.6666666666666666,0.0,0.3333333333333333,2,0,1,0,0,1.5,0.469,1.5,0.333,3,0.0,0.0,0.0,1148.1,distribution,0.79,external_transfer,MEDIUM,740843.0,digital_arrest,1
TRAIN-0563,1297834.6,2,942273.07,355561.53,648917.3,414867.70853440225,5.0,24.0,24.0,24.0,0.0,1,1.0,3,2,2,1,0.6666666666666666,0.6666666666666666,2,1,0.0,0.0,0.0,1,0.5,0.0,0.5,2,0,1,0,0,1.0,0.639,1.452,0.5,2,0.0,0.0,0.0,1148.1,collection,0.59,further_layering,MEDIUM,1297835.0,digital_arrest,1
TRAIN-0564,36934.67,1,36934.67,36934.67,36934.67,0.0,60.0,1.0,0.0,0.0,0.0,0,0.0,2,1,1,1,0.5,0.5,1,1,0.0,0.0,0.0,1,0.0,0.0,1.0,1,0,1,0,0,1.0,0.0,1.0,0.5,1,1.0,1.0,0.0,0.0,emerging,0.38,external_transfer,LOW,269085.0,digital_arrest,1
TRAIN-0565,396258.5,7,132086.17,15345.08,56608.357142857145,39482.910268576,2.485207100591716,169.0,20.0,28.166666666666668,8.727351641057364,6,1.0,8,7,1,3,0.875,0.875,1,4,0.0,0.14285714285714285,0.041666666666666664,3,1.0,0.0,0.0,1,0,1,0,0,1.75,0.697,2.333,0.286,6,0.167,1.0,0.0,0.0,layering,0.81,further_layering,HIGH,132086.0,digital_arrest,1
TRAIN-0566,1705767.81,11,342846.78,63126.11,155069.8009090909,87803.9992687721,1.1,600.0,16.0,60.0,68.00980321492875,9,0.9,12,11,2,3,0.9166666666666666,0.9166666666666666,2,6,0.0,0.16363636363636364,0.02727272727272727,3,1.0,0.0,0.0,1,0,1,0,0,1.833,0.566,2.211,0.273,9,0.2,0.0,0.0,0.0,layering,0.84,further_layering,HIGH,568589.0,digital_arrest,1
TRAIN-0567,1866184.05,9,368470.05,78548.44,207353.78333333333,108372.48598824623,1.8181818181818181,297.0,21.0,37.125,14.466093361473137,8,1.0,10,9,2,3,0.9,0.9,2,5,0.0,0.19444444444444442,0.04027777777777777,3,0.8888888888888888,0.1111111111111111,0.0,2,0,1,0,0,1.8,0.523,1.777,0.222,7,0.25,1.0,0.0,1303.8,layering,0.87,further_layering,HIGH,622061.0,digital_arrest,1
TRAIN-0568,949420.1399999999,5,276756.03,53571.36,189884.028,91620.82475435906,0.425531914893617,705.0,100.0,176.25,88.20572543775148,0,0.0,6,5,3,2,0.8333333333333334,0.8333333333333334,3,2,0.16666666666666666,0.30000000000000004,0.05000000000000001,2,0.0,0.4,0.6,2,0,0,1,0,1.25,0.483,1.458,0.2,5,0.0,0.0,0.0,1654.8,distribution,0.73,external_transfer,MEDIUM,474710.0,fake_payment_gateway,1
TRAIN-0569,4379092.819999999,25,444627.14,44972.7,175163.71279999998,128377.0856091342,0.23073373327180435,6501.0,55.0,270.875,139.74458455712508,1,0.041666666666666664,21,25,8,3,1.1904761904761905,1.1904761904761905,8,2,0.14285714285714285,0.25263157894736843,0.024937343358395987,4,0.0,0.0,1.0,1,0,0,1,0,1.316,0.733,2.538,0.16,22,0.125,1.0,0.676,0.0,consolidation,0.89,further_layering,HIGH,1094773.0,fake_payment_gateway,1
TRAIN-0570,2336341.2,10,383180.59,99696.06,233634.12000000002,81122.99528291087,0.28873917228103946,2078.0,81.0,230.88888888888889,93.18857822239328,0,0.0,11,10,6,4,0.9090909090909091,0.9090909090909091,6,4,0.09090909090909091,0.26666666666666666,0.024242424242424242,2,0.0,0.7,0.3,2,0,0,1,0,1.429,0.347,1.64,0.2,9,0.111,0.0,0.516,1654.8,distribution,0.79,further_layering,MEDIUM,1168171.0,fake_payment_gateway,1
TRAIN-0571,2538505.27,7,675839.71,185180.56,362643.61,191165.80334659945,0.3201219512195122,1312.0,51.0,218.66666666666666,96.4980137964853,1,0.16666666666666666,8,7,5,2,0.875,0.875,5,2,0.125,0.23809523809523808,0.02976190476190476,2,0.0,0.42857142857142855,0.5714285714285714,2,0,0,1,0,1.167,0.527,1.864,0.286,7,0.0,1.0,0.0,1654.8,distribution,0.76,external_transfer,MEDIUM,1269253.0,fake_payment_gateway,1
TRAIN-0572,2181634.2499999995,15,453435.5,19013.02,145442.2833333333,121431.60692490063,0.21770682148040638,4134.0,7.0,295.2857142857143,187.9387905968031,1,0.07142857142857142,16,15,8,3,0.9375,0.9375,8,5,0.0625,0.2666666666666667,0.030059523809523814,3,0.0,0.0,1.0,1,0,0,1,0,1.364,0.835,3.118,0.133,11,0.286,0.0,0.507,0.0,layering,0.79,further_layering,MEDIUM,727211.0,fake_payment_gateway,1
TRAIN-0573,1387300.56,12,203159.03,13659.47,115608.38,62362.50490816387,0.22408963585434175,3213.0,13.0,292.09090909090907,189.86650812897705,1,0.09090909090909091,13,12,7,5,0.9230769230769231,0.9230769230769231,7,5,0.07692307692307693,0.26515151515151514,0.020396270396270396,2,0.3333333333333333,0.0,0.6666666666666666,2,0,0,1,0,1.5,0.539,1.757,0.167,9,0.273,1.0,0.515,1148.1,distribution,0.78,further_layering,MEDIUM,693650.0,fake_payment_gateway,1
TRAIN-0574,2873955.54,17,497232.86,10762.35,169056.20823529412,144702.5311541886,0.2637703646237393,3867.0,3.0,241.6875,203.36165444842348,3,0.1875,18,17,8,3,0.9444444444444444,0.9444444444444444,8,6,0.05555555555555555,0.2647058823529412,0.02573529411764706,3,0.0,0.0,1.0,1,0,0,1,0,1.417,0.856,2.941,0.176,14,0.188,1.0,0.393,0.0,layering,0.81,further_layering,HIGH,957985.0,fake_payment_gateway,1
TRAIN-0575,3339804.41,16,327409.07,17319.55,208737.775625,101869.80873600756,0.21515015688032274,4462.0,14.0,297.46666666666664,179.75851526290433,2,0.13333333333333333,15,16,7,3,1.0666666666666667,1.0666666666666667,7,1,0.13333333333333333,0.2692307692307692,0.0336996336996337,4,0.375,0.0,0.625,2,0,0,1,0,1.143,0.488,1.569,0.25,14,0.133,0.75,0.447,1148.1,consolidation,0.9,external_transfer,HIGH,834951.0,fake_payment_gateway,1
TRAIN-0576,4339070.919999999,21,462663.49,81266.34,206622.42476190472,127111.8289058902,0.22249690976514214,5663.0,80.0,283.15,137.1254803762636,0,0.0,18,21,6,3,1.1666666666666667,1.1666666666666667,6,2,0.1111111111111111,0.2426470588235294,0.028594771241830068,4,0.0,0.19047619047619047,0.8095238095238095,2,0,0,1,0,1.312,0.615,2.239,0.19,17,0.2,0.0,0.577,1654.8,consolidation,0.87,external_transfer,HIGH,1084768.0,fake_payment_gateway,1
TRAIN-0577,1182475.8699999999,6,287779.58,24127.83,197079.31166666665,102487.68263459673,0.5625,640.0,36.0,128.0,77.36601320993606,1,0.2,7,6,6,1,0.8571428571428571,0.8571428571428571,6,1,0.14285714285714285,0.0,0.0,1,0.6666666666666666,0.0,0.3333333333333333,2,0,0,1,0,1.0,0.52,1.46,0.333,6,0.0,1.0,0.0,1148.1,collection,0.7,external_transfer,MEDIUM,1182476.0,fake_payment_gateway,1
TRAIN-0578,2100580.5300000003,29,213015.52,16902.62,72433.81137931035,52929.830237499606,0.2225348510039647,7819.0,26.0,279.25,154.2126057680687,2,0.07142857142857142,21,29,10,5,1.380952380952381,1.380952380952381,4,1,0.09523809523809523,0.16842105263157897,0.016165413533834588,4,0.0,0.1724137931034483,0.8275862068965517,2,0,0,1,0,1.45,0.731,2.941,0.276,20,0.321,1.0,0.751,1654.8,consolidation,0.86,further_layering,HIGH,525145.0,fake_payment_gateway,1
TRAIN-0579,1336047.93,9,238131.75,55668.5,148449.77,76684.006987694,0.3629032258064516,1488.0,26.0,186.0,82.13403679352427,1,0.125,10,9,6,3,0.9,0.9,6,3,0.1,0.25,0.025,2,0.0,0.7777777777777778,0.2222222222222222,2,0,0,1,0,1.286,0.517,1.604,0.222,7,0.25,0.778,0.441,1654.8,distribution,0.77,external_transfer,MEDIUM,668024.0,fake_payment_gateway,1
TRAIN-0580,1024173.1100000001,7,230286.36,100023.2,146310.4442857143,46377.26930907024,0.2900552486187845,1448.0,231.0,241.33333333333334,18.93849694845572,0,0.0,8,7,3,4,0.875,0.875,3,4,0.125,0.2857142857142857,0.03571428571428571,2,0.42857142857142855,0.0,0.5714285714285714,2,0,0,1,0,1.75,0.317,1.574,0.286,4,0.5,1.0,0.0,1148.1,distribution,0.69,external_transfer,MEDIUM,512087.0,fake_payment_gateway,1
TRAIN-0581,2267470.98,11,268257.62,93188.07,206133.72545454546,51377.97688985999,0.19951632406287786,3308.0,8.0,330.8,219.00776241950877,2,0.2,12,11,6,5,0.9166666666666666,0.9166666666666666,6,5,0.08333333333333333,0.2727272727272727,0.022727272727272724,2,0.0,0.0,1.0,1,0,0,1,0,1.571,0.249,1.301,0.273,9,0.2,1.0,0.405,0.0,distribution,0.77,further_layering,MEDIUM,1133735.0,fake_payment_gateway,1
TRAIN-0582,6574359.639999999,29,1314871.93,49235.3,226702.0565517241,233702.44605034252,0.22733211392735825,7654.0,39.0,273.35714285714283,187.19492994988352,2,0.07142857142857142,23,29,8,4,1.2608695652173914,1.2608695652173914,8,1,0.08695652173913043,0.24242424242424243,0.023433088650479956,5,0.0,0.0,1.0,1,0,0,1,0,1.318,1.031,5.8,0.138,22,0.25,1.0,0.805,0.0,cashout_prep,0.87,further_layering,HIGH,1314872.0,fake_payment_gateway,1
TRAIN-0583,2152462.08,11,338053.32,35462.82,195678.3709090909,95879.4249717172,0.2412280701754386,2736.0,26.0,273.6,175.3461338800108,2,0.2,12,11,7,4,0.9166666666666666,0.9166666666666666,7,4,0.08333333333333333,0.2545454545454545,0.02121212121212121,2,0.0,0.0,1.0,1,0,0,1,0,1.375,0.49,1.728,0.182,8,0.3,1.0,0.467,0.0,distribution,0.78,further_layering,MEDIUM,1076231.0,fake_payment_gateway,1
TRAIN-0584,2091061.17,7,619851.7,134600.42,298723.02428571426,170403.88196140592,0.5809128630705394,723.0,26.0,120.5,94.40921565186314,1,0.16666666666666666,8,7,5,2,0.875,0.875,5,2,0.125,0.23809523809523808,0.02976190476190476,2,0.0,0.42857142857142855,0.5714285714285714,2,0,0,1,0,1.167,0.57,2.075,0.143,6,0.167,1.0,0.0,1654.8,distribution,0.78,external_transfer,MEDIUM,1045531.0,fake_payment_gateway,1
TRAIN-0585,2509934.41,14,452001.09,53472.72,179281.0292857143,126334.09255064258,0.45951859956236324,1828.0,63.0,140.6153846153846,75.4978349154668,0,0.0,15,14,8,3,0.9333333333333333,0.9333333333333333,8,3,0.06666666666666667,0.26373626373626374,0.027472527472527472,3,0.0,0.5714285714285714,0.42857142857142855,2,0,0,1,0,1.167,0.705,2.521,0.214,12,0.154,1.0,0.267,1654.8,layering,0.81,external_transfer,HIGH,836645.0,fake_payment_gateway,1
TRAIN-0586,996886.25,8,293381.55,24282.03,124610.78125,88201.6365296311,0.40438079191238413,1187.0,55.0,169.57142857142858,69.77549030726368,1,0.14285714285714285,9,8,8,1,0.8888888888888888,0.8888888888888888,8,1,0.1111111111111111,0.0,0.0,1,0.375,0.0,0.625,2,0,0,1,0,1.0,0.708,2.354,0.125,8,0.0,1.0,0.0,1148.1,collection,0.73,external_transfer,MEDIUM,996886.0,fake_payment_gateway,1
TRAIN-0587,667814.37,5,273011.11,31412.73,133562.874,99898.83410132637,0.7075471698113208,424.0,12.0,106.0,79.67015334071682,1,0.25,6,5,5,1,0.8333333333333334,0.8333333333333334,5,1,0.16666666666666666,0.0,0.0,1,0.6,0.0,0.4,2,0,0,1,0,1.0,0.748,2.044,0.2,5,0.0,1.0,0.0,1148.1,collection,0.71,external_transfer,MEDIUM,667814.0,fake_payment_gateway,1
TRAIN-0588,1571888.07,9,276381.52,14772.17,174654.23,98070.34166430886,0.5294117647058824,1020.0,0.0,127.5,95.74519756699475,3,0.375,10,9,9,1,0.9,0.9,9,1,0.1,0.0,0.0,1,0.0,0.0,1.0,1,0,0,1,0,1.0,0.562,1.582,0.333,9,0.0,0.0,0.0,0.0,collection,0.72,further_layering,MEDIUM,1571888.0,fake_payment_gateway,1
TRAIN-0589,459592.25,5,138701.5,67808.91,91918.45,28110.466472526743,0.45454545454545453,660.0,1.0,165.0,111.60346470129561,1,0.25,6,5,5,1,0.8333333333333334,0.8333333333333334,5,1,0.16666666666666666,0.0,0.0,1,0.0,1.0,0.0,1,0,0,1,0,1.0,0.306,1.509,0.2,5,0.0,1.0,0.0,0.0,collection,0.68,cashout,MEDIUM,459592.0,fake_payment_gateway,1
TRAIN-0590,1533148.0499999998,10,294495.93,24522.69,153314.805,103710.01341872454,0.31695721077654515,1893.0,118.0,210.33333333333334,63.62193018134549,0,0.0,11,10,10,1,0.9090909090909091,0.9090909090909091,10,1,0.09090909090909091,0.0,0.0,1,0.3,0.0,0.7,2,0,0,1,0,1.0,0.676,1.921,0.2,10,0.0,1.0,0.316,1148.1,collection,0.7,further_layering,MEDIUM,1533148.0,fake_payment_gateway,1
TRAIN-0591,884171.0700000001,6,288126.46,41671.05,147361.845,97597.07181693922,0.9917355371900827,363.0,7.0,72.6,119.06846769821135,4,0.8,7,6,6,1,0.8571428571428571,0.8571428571428571,6,1,0.14285714285714285,0.0,0.0,1,0.3333333333333333,0.0,0.6666666666666666,2,0,0,1,0,1.0,0.662,1.955,0.333,6,0.0,1.0,0.0,1148.1,collection,0.79,cashout,MEDIUM,884171.0,fake_payment_gateway,1
TRAIN-0592,1722275.0000000002,20,251119.96,14841.59,86113.75000000001,68170.07679601003,0.27094152178821407,4429.0,73.0,233.10526315789474,143.61209123377463,0,0.0,21,20,4,5,0.9523809523809523,0.9523809523809523,4,11,0.047619047619047616,0.16842105263157894,0.014912280701754385,3,0.0,0.25,0.75,2,0,0,1,0,2.0,0.792,2.916,0.2,12,0.421,1.0,0.47,1654.8,layering,0.77,further_layering,MEDIUM,574092.0,fake_payment_gateway,1
TRAIN-0593,753267.8300000001,4,269014.87,101255.55,188316.95750000002,82426.47169823029,0.43795620437956206,548.0,18.0,182.66666666666666,142.77721573603168,1,0.3333333333333333,5,4,4,1,0.8,0.8,4,1,0.2,0.0,0.0,1,0.0,0.5,0.5,2,0,0,1,0,1.0,0.438,1.429,0.25,4,0.0,1.0,0.0,1654.8,collection,0.72,cashout,MEDIUM,753268.0,fake_payment_gateway,1
TRAIN-0594,2542632.93,11,413856.85,80820.86,231148.4481818182,98101.29127894911,0.31945788964182,2066.0,68.0,206.6,92.4976876587854,0,0.0,12,11,7,4,0.9166666666666666,0.9166666666666666,7,4,0.08333333333333333,0.2545454545454545,0.02121212121212121,2,0.9090909090909091,0.0,0.09090909090909091,2,0,0,1,0,1.375,0.424,1.79,0.182,8,0.3,1.0,0.522,1148.1,distribution,0.77,further_layering,MEDIUM,1271316.0,fake_payment_gateway,1
TRAIN-0595,3485160.29,20,333359.01,10283.15,174258.0145,106894.69661392435,0.19379844961240308,6192.0,32.0,325.89473684210526,174.71529054017572,1,0.05263157894736842,16,20,6,3,1.25,1.25,5,1,0.125,0.2380952380952381,0.03005952380952381,4,0.0,0.0,1.0,1,0,0,1,0,1.333,0.613,1.913,0.2,18,0.105,1.0,0.605,0.0,consolidation,0.87,further_layering,HIGH,871290.0,fake_payment_gateway,1
TRAIN-0596,2147296.91,14,252754.87,51666.42,153378.3507142857,74447.59713981471,0.3305785123966942,2541.0,0.0,195.46153846153845,104.18702365187278,2,0.15384615384615385,15,14,9,5,0.9333333333333333,0.9333333333333333,9,5,0.06666666666666667,0.24725274725274726,0.016483516483516484,2,0.0,0.0,1.0,1,0,0,1,0,1.4,0.485,1.648,0.214,10,0.308,0.0,0.363,0.0,distribution,0.76,further_layering,MEDIUM,1073648.0,fake_payment_gateway,1
TRAIN-0597,2577732.15,16,441472.0,37342.92,161108.259375,108753.75659329545,0.2549123738714817,3766.0,24.0,251.06666666666666,117.66141901154144,1,0.06666666666666667,17,16,8,3,0.9411764705882353,0.9411764705882353,8,5,0.058823529411764705,0.26666666666666666,0.0267156862745098,3,0.0,0.1875,0.8125,2,0,0,1,0,1.333,0.675,2.74,0.125,14,0.133,1.0,0.516,1654.8,layering,0.82,further_layering,HIGH,859244.0,fake_payment_gateway,1
TRAIN-0598,610269.17,3,292633.22,88990.78,203423.05666666667,104137.77937443275,1.9148936170212767,94.0,30.0,47.0,24.041630560342615,1,0.5,4,3,3,1,0.75,0.75,3,1,0.25,0.0,0.0,1,0.0,0.0,1.0,1,0,0,1,0,1.0,0.512,1.439,0.333,3,0.0,0.0,0.0,0.0,collection,0.76,cashout,MEDIUM,610269.0,fake_payment_gateway,1
TRAIN-0599,492388.57,3,215907.32,113397.99,164129.52333333335,51262.673403600726,0.6020066889632107,299.0,106.0,149.5,61.518289963229634,0,0.0,4,3,3,1,0.75,0.75,3,1,0.25,0.0,0.0,1,0.0,1.0,0.0,1,0,0,1,0,1.0,0.312,1.315,0.333,3,0.0,0.0,0.0,0.0,collection,0.63,other,MEDIUM,492389.0,fake_payment_gateway,1
TRAIN-0600,41962.24,2,35272.45,6689.79,20981.12,20210.99271034948,0.6703910614525139,179.0,179.0,179.0,0.0,0,0.0,3,2,2,1,0.6666666666666666,0.6666666666666666,2,1,0.0,0.0,0.0,1,0.0,0.0,1.0,1,0,0,1,0,1.0,0.963,1.681,0.5,2,0.0,0.0,0.0,0.0,emerging,0.31,other,LOW,492351.0,fake_payment_gateway,1
TRAIN-0601,870435.9099999999,6,251925.95,53346.2,145072.65166666664,64180.46732757605,0.36400404448938317,989.0,107.0,197.8,60.524375254933446,0,0.0,7,6,6,1,0.8571428571428571,0.8571428571428571,6,1,0.14285714285714285,0.0,0.0,1,0.3333333333333333,0.0,0.6666666666666666,2,0,0,1,0,1.0,0.442,1.737,0.333,6,0.0,1.0,0.0,1148.1,collection,0.66,external_transfer,MEDIUM,870436.0,fake_payment_gateway,1
TRAIN-0602,2225140.12,11,333115.57,20712.88,202285.46545454545,103799.85420346787,0.191415313225058,3448.0,10.0,344.8,227.05594024380864,2,0.2,12,11,6,5,0.9166666666666666,0.9166666666666666,6,5,0.08333333333333333,0.2727272727272727,0.022727272727272724,2,0.5454545454545454,0.0,0.45454545454545453,2,0,0,1,0,1.571,0.513,1.647,0.182,9,0.2,0.727,0.467,1148.1,distribution,0.8,further_layering,HIGH,1112570.0,fake_payment_gateway,1
TRAIN-0603,746935.2399999999,4,244672.9,121660.19,186733.80999999997,53233.252209479615,0.2813599062133646,853.0,271.0,284.3333333333333,12.220201853215572,0,0.0,5,4,4,1,0.8,0.8,4,1,0.2,0.0,0.0,1,0.0,0.0,1.0,1,0,0,1,0,1.0,0.285,1.31,0.25,4,0.0,1.0,0.5,0.0,collection,0.65,other,MEDIUM,746935.0,fake_payment_gateway,1
TRAIN-0604,1392345.63,10,252036.67,45744.65,139234.563,65782.662298753,0.44876589379207177,1337.0,20.0,148.55555555555554,105.92345244457329,2,0.2222222222222222,11,10,10,1,0.9090909090909091,0.9090909090909091,10,1,0.09090909090909091,0.0,0.0,1,0.3,0.0,0.7,2,0,0,1,0,1.0,0.472,1.81,0.2,10,0.0,1.0,0.483,1148.1,collection,0.74,further_layering,MEDIUM,1392346.0,fake_payment_gateway,1
TRAIN-0605,1423273.15,6,292436.47,103558.21,237212.19166666665,69275.52346748783,0.7929515418502203,454.0,10.0,90.8,70.8074854799971,2,0.4,7,6,6,1,0.8571428571428571,0.8571428571428571,6,1,0.14285714285714285,0.0,0.0,1,0.0,0.0,1.0,1,0,0,1,0,1.0,0.292,1.233,0.5,6,0.0,0.0,0.0,0.0,collection,0.69,cashout,MEDIUM,1423273.0,fake_payment_gateway,1
TRAIN-0606,3175420.94,12,999348.83,39749.91,264618.4116666667,271495.9087963944,0.4038137969713965,1783.0,55.0,162.0909090909091,64.34198403135319,1,0.09090909090909091,13,12,10,2,0.9230769230769231,0.9230769230769231,10,2,0.07692307692307693,0.15151515151515152,0.011655011655011656,2,0.4166666666666667,0.0,0.5833333333333334,2,0,0,1,0,1.091,1.026,3.777,0.167,11,0.091,0.0,0.0,1148.1,distribution,0.77,further_layering,MEDIUM,1587710.0,fake_payment_gateway,1
TRAIN-0607,362616.31,3,194128.22,77950.4,120872.10333333333,63753.070037420424,1.978021978021978,91.0,6.0,45.5,55.86143571373726,1,0.5,4,3,3,1,0.75,0.75,3,1,0.25,0.0,0.0,1,1.0,0.0,0.0,1,0,0,1,0,1.0,0.527,1.606,0.333,3,0.0,0.0,0.577,0.0,collection,0.74,cashout,MEDIUM,362616.0,fake_payment_gateway,1
TRAIN-0608,2325039.5300000003,12,504156.6,41961.93,193753.2941666667,148100.82526331447,0.3333333333333333,2160.0,44.0,196.36363636363637,95.16120294245205,1,0.09090909090909091,13,12,9,3,0.9230769230769231,0.9230769230769231,9,3,0.07692307692307693,0.20454545454545456,0.015734265734265736,2,0.0,0.75,0.25,2,0,0,1,0,1.2,0.764,2.602,0.25,10,0.182,1.0,0.492,1654.8,distribution,0.77,further_layering,MEDIUM,1162520.0,fake_payment_gateway,1
TRAIN-0609,2666983.9299999997,10,769181.11,21346.57,266698.393,235402.20491118156,0.48465266558966075,1238.0,6.0,137.55555555555554,105.29020741634892,3,0.3333333333333333,11,10,8,2,0.9090909090909091,0.9090909090909091,8,2,0.09090909090909091,0.17777777777777778,0.01616161616161616,2,0.0,0.0,1.0,1,0,0,1,0,1.111,0.883,2.884,0.2,9,0.111,0.0,0.0,0.0,distribution,0.79,further_layering,MEDIUM,1333492.0,fake_payment_gateway,1
TRAIN-0610,5532395.03,24,484795.92,38191.87,230516.45958333334,124065.64408952298,0.19336645629112395,7447.0,83.0,323.7826086956522,160.588394384735,0,0.0,25,24,9,5,0.96,0.96,9,10,0.04,0.24456521739130435,0.017028985507246377,3,0.2916666666666667,0.0,0.7083333333333334,2,0,0,1,0,1.6,0.538,2.103,0.167,18,0.261,1.0,0.588,1148.1,layering,0.8,further_layering,HIGH,1844132.0,fake_payment_gateway,1
TRAIN-0611,69824.51000000001,2,64775.91,5048.6,34912.255000000005,42233.585923031096,1.2903225806451613,93.0,93.0,93.0,0.0,0,0.0,3,2,2,1,0.6666666666666666,0.6666666666666666,2,1,0.0,0.0,0.0,1,0.0,0.0,1.0,1,0,0,1,0,1.0,1.21,1.855,0.5,2,0.0,0.0,0.0,0.0,emerging,0.34,other,LOW,687790.0,fake_payment_gateway,1
TRAIN-0612,3754355.56,23,450933.58,37689.9,163232.85043478262,103345.90767523144,0.2599359578074967,5309.0,9.0,241.3181818181818,146.96367752210924,2,0.09090909090909091,24,23,9,4,0.9583333333333334,0.9583333333333334,9,10,0.041666666666666664,0.24901185770750986,0.018610013175230564,3,0.0,0.0,1.0,1,0,0,1,0,1.643,0.633,2.763,0.174,17,0.273,1.0,0.487,0.0,layering,0.79,further_layering,MEDIUM,1251452.0,fake_payment_gateway,1
TRAIN-0613,3637292.9699999997,25,298162.61,29792.0,145491.7188,75724.84571840943,0.26278906797477225,5708.0,26.0,237.83333333333334,144.58927336083576,2,0.08333333333333333,26,25,7,5,0.9615384615384616,0.9615384615384616,7,13,0.038461538461538464,0.21000000000000002,0.014743589743589743,3,0.24,0.0,0.76,2,0,0,1,0,1.923,0.52,2.049,0.2,16,0.375,0.0,0.586,1148.1,layering,0.79,further_layering,MEDIUM,1212431.0,fake_payment_gateway,1
TRAIN-0614,468146.11000000004,4,197646.18,36723.58,117036.52750000001,67699.02459509313,0.5581395348837209,430.0,18.0,143.33333333333334,108.656952531043,1,0.3333333333333333,5,4,4,1,0.8,0.8,4,1,0.2,0.0,0.0,1,0.0,0.0,1.0,1,0,0,1,0,1.0,0.578,1.689,0.25,4,0.0,0.0,0.0,0.0,collection,0.69,cashout,MEDIUM,468146.0,fake_payment_gateway,1
TRAIN-0615,4225960.32,14,594335.55,73226.91,301854.3085714286,155832.84358320312,0.2431259044862518,3455.0,90.0,265.7692307692308,135.83025794851076,0,0.0,13,14,6,2,1.0769230769230769,1.0769230769230769,6,1,0.15384615384615385,0.2727272727272727,0.04254079254079254,4,0.0,0.0,1.0,1,0,0,1,0,1.167,0.516,1.969,0.214,12,0.154,1.0,0.514,0.0,consolidation,0.86,external_transfer,HIGH,1056490.0,fake_payment_gateway,1
TRAIN-0616,3317674.82,14,500940.22,115544.25,236976.77285714285,110988.9734440134,0.2331390507910075,3603.0,83.0,277.15384615384613,149.23295332792406,0,0.0,13,14,4,3,1.0769230769230769,1.0769230769230769,4,2,0.07692307692307693,0.24242424242424243,0.043706293706293704,4,0.0,0.2857142857142857,0.7142857142857143,2,0,0,1,0,1.273,0.468,2.114,0.214,12,0.154,0.0,0.497,1654.8,consolidation,0.86,external_transfer,HIGH,829419.0,fake_payment_gateway,1
TRAIN-0617,1194816.76,8,296612.66,11665.19,149352.095,105298.72503091926,0.40336134453781514,1190.0,5.0,170.0,94.79978902930111,1,0.14285714285714285,9,8,8,1,0.8888888888888888,0.8888888888888888,8,1,0.1111111111111111,0.0,0.0,1,0.5,0.0,0.5,2,0,0,1,0,1.0,0.705,1.986,0.25,8,0.0,1.0,0.535,1148.1,collection,0.71,external_transfer,MEDIUM,1194817.0,fake_payment_gateway,1
TRAIN-0618,1929637.3599999999,10,534122.46,13473.53,192963.73599999998,170086.73441608623,0.2532714225411566,2369.0,108.0,263.22222222222223,176.2149098244653,0,0.0,11,10,8,2,0.9090909090909091,0.9090909090909091,8,2,0.09090909090909091,0.17777777777777778,0.01616161616161616,2,0.0,0.7,0.3,2,0,0,1,0,1.111,0.881,2.768,0.2,9,0.111,1.0,0.483,1654.8,distribution,0.76,external_transfer,MEDIUM,964819.0,fake_payment_gateway,1
TRAIN-0619,6269803.949999999,32,383472.89,64017.48,195931.37343749998,96604.49356507951,0.17377138202552267,11049.0,47.0,356.4193548387097,178.0561286399223,1,0.03225806451612903,27,32,9,5,1.1851851851851851,1.1851851851851851,9,3,0.1111111111111111,0.2353846153846154,0.017720797720797724,4,0.0,0.3125,0.6875,2,0,0,1,0,1.333,0.493,1.957,0.156,24,0.258,0.781,1.076,1654.8,consolidation,0.89,further_layering,HIGH,1567451.0,fake_payment_gateway,1
TRAIN-0620,688221.1799999998,13,115501.95,12799.58,52940.09076923075,34581.14253688091,0.26104417670682734,2988.0,62.0,249.0,194.23556457419053,0,0.0,14,13,3,3,0.9285714285714286,0.9285714285714286,3,7,0.07142857142857142,0.1923076923076923,0.026556776556776553,3,0.0,0.23076923076923078,0.7692307692307693,2,0,0,1,0,1.857,0.653,2.182,0.154,9,0.333,1.0,0.519,1654.8,layering,0.75,further_layering,MEDIUM,229407.0,fake_payment_gateway,1
TRAIN-0621,933502.7899999999,5,264452.0,106743.74,186700.558,72005.58521685224,0.3631961259079903,826.0,52.0,206.5,107.0124603336764,1,0.25,6,5,5,1,0.8333333333333334,0.8333333333333334,5,1,0.16666666666666666,0.0,0.0,1,0.6,0.0,0.4,2,0,0,1,0,1.0,0.386,1.416,0.4,5,0.0,1.0,0.0,1148.1,collection,0.69,external_transfer,MEDIUM,933503.0,fake_payment_gateway,1
TRAIN-0622,1282556.7000000002,8,298747.86,23319.09,160319.58750000002,87643.46404799353,0.3902439024390244,1230.0,6.0,175.71428571428572,87.41798877750942,1,0.14285714285714285,9,8,8,1,0.8888888888888888,0.8888888888888888,8,1,0.1111111111111111,0.0,0.0,1,0.0,0.625,0.375,2,0,0,1,0,1.0,0.547,1.863,0.25,8,0.0,1.0,0.0,1654.8,collection,0.71,external_transfer,MEDIUM,1282557.0,fake_payment_gateway,1
TRAIN-0623,1419722.9200000002,9,248419.97,34937.25,157746.99111111113,65440.46199103912,0.21608643457382953,2499.0,159.0,312.375,93.34565182313375,0,0.0,10,9,4,5,0.9,0.9,4,5,0.1,0.2777777777777778,0.02777777777777778,2,0.0,0.4444444444444444,0.5555555555555556,2,0,0,1,0,1.8,0.415,1.575,0.222,7,0.25,1.0,0.0,1654.8,distribution,0.76,external_transfer,MEDIUM,709861.0,fake_payment_gateway,1
TRAIN-0624,1858845.3800000001,10,285491.21,88922.61,185884.538,60913.48141888767,0.19499512512187195,3077.0,108.0,341.8888888888889,154.86400844325033,0,0.0,11,10,5,5,0.9090909090909091,0.9090909090909091,5,5,0.09090909090909091,0.2777777777777778,0.025252525252525252,2,0.3,0.0,0.7,2,0,0,1,0,1.667,0.328,1.536,0.3,9,0.111,0.0,0.516,1148.1,distribution,0.77,further_layering,MEDIUM,929423.0,fake_payment_gateway,1
TRAIN-0625,6179759.99,18,1065989.56,59942.44,343319.99944444443,265668.3506400021,0.28962188254223653,3729.0,18.0,219.35294117647058,154.2542305645418,2,0.11764705882352941,19,18,10,3,0.9473684210526315,0.9473684210526315,10,6,0.05263157894736842,0.26143790849673204,0.025111799105607156,3,0.0,0.3333333333333333,0.6666666666666666,2,0,0,1,0,1.385,0.774,3.105,0.167,15,0.176,1.0,0.502,1654.8,layering,0.82,further_layering,HIGH,2059920.0,fake_payment_gateway,1
TRAIN-0626,1682574.56,12,290645.19,12579.2,140214.54666666666,94495.67806020078,0.35982008995502246,2001.0,108.0,181.9090909090909,50.581527350317415,0,0.0,13,12,8,4,0.9230769230769231,0.9230769230769231,8,4,0.07692307692307693,0.24242424242424243,0.018648018648018648,2,0.5,0.0,0.5,2,0,0,1,0,1.333,0.674,2.073,0.083,10,0.182,1.0,0.289,1148.1,distribution,0.8,further_layering,HIGH,841287.0,fake_payment_gateway,1
TRAIN-0627,3196273.1500000004,12,628992.41,105796.89,266356.0958333334,181700.53285938755,0.242098184263618,2974.0,61.0,270.3636363636364,191.97930759708075,0,0.0,13,12,9,3,0.9230769230769231,0.9230769230769231,9,3,0.07692307692307693,0.20454545454545456,0.015734265734265736,2,0.4166666666666667,0.0,0.5833333333333334,2,0,0,1,0,1.2,0.682,2.361,0.167,10,0.182,0.083,0.289,1148.1,distribution,0.76,further_layering,MEDIUM,1598137.0,fake_payment_gateway,1
TRAIN-0628,2381352.96,16,347983.37,30606.42,148834.56,93935.68497104161,0.22165781574694066,4331.0,39.0,288.73333333333335,198.46211105349437,2,0.13333333333333333,17,16,5,3,0.9411764705882353,0.9411764705882353,5,8,0.058823529411764705,0.22916666666666666,0.025245098039215683,3,0.0,0.25,0.75,2,0,0,1,0,1.778,0.631,2.338,0.188,10,0.4,1.0,0.479,1654.8,layering,0.78,further_layering,MEDIUM,793784.0,fake_payment_gateway,1
TRAIN-0629,86516.6,2,66191.86,20324.74,43258.3,32432.951585497118,0.38216560509554137,314.0,314.0,314.0,0.0,0,0.0,3,2,2,1,0.6666666666666666,0.6666666666666666,2,1,0.0,0.0,0.0,1,0.0,0.0,1.0,1,0,0,1,0,1.0,0.75,1.53,0.5,2,0.0,0.0,0.0,0.0,emerging,0.3,other,LOW,873795.0,fake_payment_gateway,1
TRAIN-0630,3528973.2,13,712827.25,80232.76,271459.47692307696,201942.36942707907,0.4399323181049069,1773.0,1.0,147.75,111.6554155344998,4,0.3333333333333333,14,13,10,3,0.9285714285714286,0.9285714285714286,10,3,0.07142857142857142,0.1923076923076923,0.013736263736263734,2,0.0,0.0,1.0,1,0,0,1,0,1.182,0.744,2.626,0.154,11,0.167,0.0,0.0,0.0,distribution,0.8,further_layering,HIGH,1764487.0,fake_payment_gateway,1
TRAIN-0631,3354819.0999999996,16,412325.12,23398.34,209676.19374999998,118016.08748880167,0.19327561908596738,4967.0,115.0,331.1333333333333,177.62595799145166,0,0.0,17,16,7,3,0.9411764705882353,0.9411764705882353,7,6,0.058823529411764705,0.2625,0.027205882352941177,3,0.4375,0.0,0.5625,2,0,0,1,0,1.455,0.563,1.966,0.188,11,0.333,0.812,0.68,1148.1,layering,0.78,external_transfer,MEDIUM,1118273.0,fake_payment_gateway,1
TRAIN-0632,4222245.85,21,403062.2,31562.96,201059.32619047616,85747.48112846853,0.2071686945083854,6082.0,18.0,304.1,189.8694565387382,3,0.15,18,21,6,3,1.1666666666666667,1.1666666666666667,6,2,0.1111111111111111,0.2426470588235294,0.02879901960784314,4,0.0,0.23809523809523808,0.7619047619047619,2,0,0,1,0,1.312,0.426,2.005,0.19,17,0.2,1.0,0.727,1654.8,consolidation,0.89,further_layering,HIGH,1055561.0,fake_payment_gateway,1
TRAIN-0633,1753833.7399999998,7,509455.14,104178.01,250547.6771428571,144749.07105524003,0.5555555555555556,756.0,53.0,126.0,56.95612346359257,1,0.16666666666666666,8,7,5,2,0.875,0.875,5,2,0.125,0.23809523809523808,0.02976190476190476,2,0.0,0.0,1.0,1,0,0,1,0,1.167,0.578,2.033,0.143,6,0.167,1.0,0.488,0.0,distribution,0.76,external_transfer,MEDIUM,876917.0,fake_payment_gateway,1
TRAIN-0634,2386098.39,11,408919.19,74639.99,216918.03545454546,116717.79233202567,0.23420865862313697,2818.0,59.0,281.8,136.2528694906806,1,0.1,12,11,7,4,0.9166666666666666,0.9166666666666666,7,4,0.08333333333333333,0.2545454545454545,0.02121212121212121,2,0.0,0.36363636363636365,0.6363636363636364,2,0,0,1,0,1.375,0.538,1.885,0.182,8,0.3,1.0,0.467,1654.8,distribution,0.78,further_layering,MEDIUM,1193049.0,fake_payment_gateway,1
TRAIN-0635,1561546.3199999998,7,279785.39,120556.53,223078.0457142857,54810.26945745869,0.5577689243027888,753.0,62.0,125.5,66.91711290843323,0,0.0,8,7,7,1,0.875,0.875,7,1,0.125,0.0,0.0,1,0.5714285714285714,0.0,0.42857142857142855,2,0,0,1,0,1.0,0.246,1.254,0.286,7,0.0,1.0,0.0,1148.1,collection,0.68,external_transfer,MEDIUM,1561546.0,fake_payment_gateway,1
TRAIN-0636,2876669.05,15,421492.27,51752.46,191777.93666666665,113896.57974423839,0.26439482961222094,3404.0,1.0,243.14285714285714,133.12565327704334,1,0.07142857142857142,16,15,10,5,0.9375,0.9375,10,5,0.0625,0.2380952380952381,0.014880952380952382,2,0.4,0.0,0.6,2,0,0,1,0,1.364,0.594,2.198,0.133,12,0.214,0.333,0.488,1148.1,distribution,0.79,further_layering,MEDIUM,1438335.0,fake_payment_gateway,1
TRAIN-0637,775712.51,7,209304.85,19680.21,110816.07285714286,69311.56142047148,0.3874538745387454,1084.0,53.0,180.66666666666666,93.81186847444552,1,0.16666666666666666,8,7,5,2,0.875,0.875,5,2,0.125,0.23809523809523808,0.02976190476190476,2,0.0,0.42857142857142855,0.5714285714285714,2,0,0,1,0,1.167,0.625,1.889,0.143,6,0.167,0.429,0.535,1654.8,distribution,0.75,external_transfer,MEDIUM,387856.0,fake_payment_gateway,1
TRAIN-0638,1299830.6700000002,7,267490.15,37758.21,185690.09571428574,79235.40388786355,0.3832116788321168,1096.0,51.0,182.66666666666666,102.20697953988595,1,0.16666666666666666,8,7,7,1,0.875,0.875,7,1,0.125,0.0,0.0,1,0.0,0.42857142857142855,0.5714285714285714,2,0,0,1,0,1.0,0.427,1.441,0.286,7,0.0,1.0,0.0,1654.8,collection,0.7,external_transfer,MEDIUM,1299831.0,fake_payment_gateway,1
TRAIN-0639,2777015.0799999996,11,555340.94,72745.81,252455.91636363632,162101.9668994073,0.27580442958629336,2393.0,31.0,239.3,182.2812539883231,2,0.2,12,11,8,3,0.9166666666666666,0.9166666666666666,8,3,0.08333333333333333,0.21818181818181817,0.01818181818181818,2,0.0,0.0,1.0,1,0,0,1,0,1.222,0.642,2.2,0.182,9,0.2,0.0,0.0,0.0,distribution,0.77,further_layering,MEDIUM,1388508.0,fake_payment_gateway,1
TRAIN-0640,2692109.3499999996,14,484667.16,16982.47,192293.52499999997,147043.5009065162,0.23622047244094488,3556.0,11.0,273.53846153846155,218.727614239193,2,0.15384615384615385,15,14,10,4,0.9333333333333333,0.9333333333333333,10,4,0.06666666666666667,0.2197802197802198,0.014652014652014654,2,0.0,0.0,1.0,1,0,0,1,0,1.273,0.765,2.52,0.214,12,0.154,0.0,0.267,0.0,distribution,0.78,further_layering,MEDIUM,1346055.0,fake_payment_gateway,1
TRAIN-0641,34441.26,2,18815.15,15626.11,17220.63,2254.9918094751483,1.518987341772152,79.0,79.0,79.0,0.0,0,0.0,3,2,2,1,0.6666666666666666,0.6666666666666666,2,1,0.0,0.0,0.0,1,0.0,0.0,1.0,1,0,0,1,0,1.0,0.131,1.093,0.5,2,0.0,1.0,0.0,0.0,emerging,0.35,other,LOW,1260989.0,fake_payment_gateway,1
TRAIN-0642,1379064.51,8,268810.88,59485.11,172383.06375,67192.18312910448,0.255047821466525,1882.0,11.0,268.85714285714283,233.55686571755822,3,0.42857142857142855,9,8,4,4,0.8888888888888888,0.8888888888888888,4,4,0.1111111111111111,0.2857142857142857,0.031746031746031744,2,0.0,0.0,1.0,1,0,0,1,0,1.6,0.39,1.559,0.25,6,0.286,0.0,0.0,0.0,distribution,0.79,further_layering,MEDIUM,689532.0,fake_payment_gateway,1
TRAIN-0643,1412652.1500000001,9,285022.65,34359.3,156961.35,91177.49621531305,0.32569360675512665,1658.0,80.0,207.25,83.41077354189412,0,0.0,10,9,9,1,0.9,0.9,9,1,0.1,0.0,0.0,1,0.7777777777777778,0.0,0.2222222222222222,2,0,0,1,0,1.0,0.581,1.816,0.222,9,0.0,0.0,0.0,1148.1,collection,0.69,external_transfer,MEDIUM,1412652.0,fake_payment_gateway,1
TRAIN-0644,981933.49,10,179474.35,38888.59,98193.349,47910.237059630694,0.22288261515601782,2692.0,29.0,299.1111111111111,153.3879431738724,1,0.1111111111111111,11,10,6,4,0.9090909090909091,0.9090909090909091,6,4,0.09090909090909091,0.26666666666666666,0.024242424242424242,2,0.7,0.0,0.3,2,0,0,1,0,1.429,0.488,1.828,0.2,9,0.111,1.0,0.0,1148.1,distribution,0.8,further_layering,HIGH,490967.0,fake_payment_gateway,1
TRAIN-0645,487832.81,3,289186.22,84253.76,162610.93666666668,110648.39650126625,0.5607476635514019,321.0,132.0,160.5,40.30508652763321,0,0.0,4,3,3,1,0.75,0.75,3,1,0.25,0.0,0.0,1,0.0,0.0,1.0,1,0,0,1,0,1.0,0.68,1.778,0.333,3,0.0,0.0,0.577,0.0,collection,0.63,other,MEDIUM,487833.0,fake_payment_gateway,1
TRAIN-0646,4767439.83,27,324942.18,10934.98,176571.84555555557,90417.87294417716,0.22440781271644272,7219.0,66.0,277.65384615384613,131.45643911431415,0,0.0,22,27,6,5,1.2272727272727273,1.2272727272727273,6,2,0.13636363636363635,0.2142857142857143,0.019480519480519484,4,0.2222222222222222,0.0,0.7777777777777778,2,0,0,1,0,1.35,0.512,1.84,0.148,24,0.115,0.0,0.572,1148.1,consolidation,0.92,further_layering,HIGH,1191860.0,fake_payment_gateway,1
TRAIN-0647,2841488.3599999994,19,313188.69,32077.88,149552.0189473684,93393.6812727137,0.18357487922705315,6210.0,40.0,345.0,178.63798423561744,1,0.05555555555555555,20,19,5,5,0.95,0.95,5,9,0.05,0.2046783625730994,0.018128654970760234,3,0.0,0.2631578947368421,0.7368421052631579,2,0,0,1,0,1.727,0.624,2.094,0.158,12,0.389,0.0,0.513,1654.8,layering,0.79,further_layering,MEDIUM,947163.0,fake_payment_gateway,1
TRAIN-0648,2862397.29,16,444300.11,18689.62,178899.830625,132258.8377920227,0.34334763948497854,2796.0,2.0,186.4,123.28990226291852,2,0.13333333333333333,17,16,8,3,0.9411764705882353,0.9411764705882353,8,5,0.058823529411764705,0.26666666666666666,0.026715686274509803,3,0.0,0.0,1.0,1,0,0,1,0,1.333,0.739,2.484,0.125,13,0.2,1.0,0.479,0.0,layering,0.81,further_layering,HIGH,954132.0,fake_payment_gateway,1
TRAIN-0649,5165933.03,15,990997.23,53819.64,344395.53533333336,254275.24197581247,0.2871729419272495,3134.0,4.0,223.85714285714286,158.56270642282777,3,0.21428571428571427,16,15,9,2,0.9375,0.9375,9,4,0.0625,0.2571428571428572,0.02797619047619048,3,0.0,0.5333333333333333,0.4666666666666667,2,0,0,1,0,1.25,0.738,2.877,0.2,12,0.214,1.0,0.0,1654.8,layering,0.8,external_transfer,HIGH,1721978.0,fake_payment_gateway,1
TRAIN-0650,1882072.76,10,284736.13,95061.12,188207.276,64702.45563290301,0.19053667831057478,3149.0,2.0,349.8888888888889,227.1257605625375,2,0.2222222222222222,11,10,5,5,0.9090909090909091,0.9090909090909091,5,5,0.09090909090909091,0.2777777777777778,0.025252525252525252,2,0.0,0.0,1.0,1,0,0,1,0,1.667,0.344,1.513,0.2,8,0.222,1.0,0.527,0.0,distribution,0.79,further_layering,MEDIUM,941036.0,fake_payment_gateway,1
TRAIN-0651,1281072.67,9,260599.08,36778.51,142341.40777777776,93297.4927210888,0.5405405405405406,999.0,31.0,124.875,87.7666345649481,2,0.25,10,9,9,1,0.9,0.9,9,1,0.1,0.0,0.0,1,0.0,0.0,1.0,1,0,0,1,0,1.0,0.655,1.831,0.111,9,0.0,0.0,0.0,0.0,collection,0.74,further_layering,MEDIUM,1281073.0,fake_payment_gateway,1
TRAIN-0652,1456154.0199999998,10,271443.29,28057.93,145615.40199999997,71150.66766806897,0.20477815699658702,2930.0,193.0,325.55555555555554,87.27701746609917,0,0.0,11,10,5,5,0.9090909090909091,0.9090909090909091,5,5,0.09090909090909091,0.2777777777777778,0.025252525252525252,2,0.0,0.6,0.4,2,0,0,1,0,1.667,0.489,1.864,0.2,6,0.444,0.0,0.316,1654.8,distribution,0.75,further_layering,MEDIUM,728077.0,fake_payment_gateway,1
TRAIN-0653,5246647.45,13,1013339.28,79845.65,403588.2653846154,313768.9442726871,0.5309734513274336,1469.0,0.0,122.41666666666667,123.79268471068387,5,0.4166666666666667,14,13,8,2,0.9285714285714286,0.9285714285714286,8,3,0.07142857142857142,0.2564102564102564,0.030677655677655676,3,0.0,0.5384615384615384,0.46153846153846156,2,0,0,1,0,1.182,0.777,2.511,0.308,11,0.167,1.0,0.0,1654.8,layering,0.83,further_layering,HIGH,1748882.0,fake_payment_gateway,1
TRAIN-0654,2213479.4799999995,21,205021.18,36642.6,105403.78476190474,55583.19553142439,0.23981728207080322,5254.0,1.0,262.7,142.821235336899,2,0.1,22,21,6,5,0.9545454545454546,0.9545454545454546,6,10,0.045454545454545456,0.2142857142857143,0.017316017316017316,3,0.0,0.3333333333333333,0.6666666666666666,2,0,0,1,0,1.75,0.527,1.945,0.19,17,0.2,0.714,0.655,1654.8,layering,0.82,further_layering,HIGH,737826.0,fake_payment_gateway,1
TRAIN-0655,2129816.86,9,449300.85,104074.8,236646.31777777776,106188.0126159158,0.2011173184357542,2685.0,78.0,335.625,224.5802036180902,0,0.0,10,9,6,3,0.9,0.9,6,3,0.1,0.25,0.025,2,0.0,0.0,1.0,1,0,0,1,0,1.286,0.449,1.899,0.222,7,0.25,0.111,0.333,0.0,distribution,0.73,further_layering,MEDIUM,1064908.0,fake_payment_gateway,1
TRAIN-0656,1413973.61,9,295706.79,29726.13,157108.1788888889,90485.66307074294,0.47244094488188976,1143.0,2.0,142.875,123.53072203186657,3,0.375,10,9,9,1,0.9,0.9,9,1,0.1,0.0,0.0,1,0.0,0.0,1.0,1,0,0,1,0,1.0,0.576,1.882,0.222,9,0.0,0.0,0.441,0.0,collection,0.73,further_layering,MEDIUM,1413974.0,fake_payment_gateway,1
TRAIN-0657,2469060.75,14,399780.3,18570.2,176361.48214285713,113292.085906332,0.23191606847045831,3622.0,41.0,278.61538461538464,187.84281481313857,1,0.07692307692307693,15,14,10,4,0.9333333333333333,0.9333333333333333,10,4,0.06666666666666667,0.2197802197802198,0.014652014652014654,2,0.0,0.5,0.5,2,0,0,1,0,1.273,0.642,2.267,0.143,11,0.231,0.0,0.469,1654.8,distribution,0.79,further_layering,MEDIUM,1234530.0,fake_payment_gateway,1
TRAIN-0658,3030348.5999999996,15,431230.93,46312.37,202023.23999999996,109461.88030000163,0.391644908616188,2298.0,30.0,164.14285714285714,64.26849586258855,1,0.07142857142857142,16,15,10,5,0.9375,0.9375,10,5,0.0625,0.2380952380952381,0.014880952380952382,2,0.5333333333333333,0.0,0.4666666666666667,2,0,0,1,0,1.364,0.542,2.135,0.133,12,0.214,1.0,0.0,1148.1,distribution,0.79,further_layering,MEDIUM,1515174.0,fake_payment_gateway,1
TRAIN-0659,3819592.5399999996,13,877140.59,21235.74,293814.8107692307,227981.75684024277,0.2867647058823529,2720.0,28.0,226.66666666666666,136.9122700745616,2,0.16666666666666666,14,13,8,2,0.9285714285714286,0.9285714285714286,8,3,0.07142857142857142,0.2564102564102564,0.030677655677655676,3,0.0,0.0,1.0,1,0,0,1,0,1.182,0.776,2.985,0.231,12,0.083,0.0,0.277,0.0,layering,0.8,further_layering,HIGH,1273198.0,fake_payment_gateway,1
TRAIN-0660,4806368.97,14,1010227.42,114153.57,343312.06928571424,244918.2877343761,0.24504084014002334,3428.0,50.0,263.6923076923077,204.50851026113992,1,0.07692307692307693,15,14,8,2,0.9333333333333333,0.9333333333333333,8,4,0.06666666666666667,0.26373626373626374,0.03076923076923077,3,0.5,0.0,0.5,2,0,0,1,0,1.273,0.713,2.943,0.143,12,0.154,0.286,0.469,1148.1,layering,0.8,external_transfer,HIGH,1602123.0,fake_payment_gateway,1
TRAIN-0661,3261082.9000000004,12,728855.93,30717.27,271756.9083333334,204972.48976804252,0.25862068965517243,2784.0,13.0,253.0909090909091,230.23268861977638,2,0.18181818181818182,13,12,9,3,0.9230769230769231,0.9230769230769231,9,3,0.07692307692307693,0.20454545454545456,0.015734265734265736,2,0.0,0.0,1.0,1,0,0,1,0,1.2,0.754,2.682,0.25,11,0.091,1.0,0.452,0.0,distribution,0.77,further_layering,MEDIUM,1630541.0,fake_payment_gateway,1
TRAIN-0662,2118986.87,18,423797.37,26889.49,117721.49277777778,101439.2740483477,0.177719269376337,6077.0,103.0,357.47058823529414,181.1750250610783,0,0.0,14,18,6,3,1.2857142857142858,1.2857142857142858,3,1,0.14285714285714285,0.1923076923076923,0.03937728937728938,5,0.1111111111111111,0.0,0.8888888888888888,2,0,0,1,0,1.385,0.862,3.6,0.222,15,0.176,0.0,0.676,1148.1,cashout_prep,0.88,external_transfer,HIGH,423797.0,fake_payment_gateway,1
TRAIN-0663,4708691.91,24,419134.13,40859.91,196195.49625,115294.89810745112,0.23778071334214002,6056.0,1.0,263.30434782608694,134.9125759966629,2,0.08695652173913043,25,24,9,5,0.96,0.96,9,10,0.04,0.24456521739130435,0.017028985507246377,3,0.0,0.0,1.0,1,0,0,1,0,1.6,0.588,2.136,0.167,17,0.304,0.208,0.69,0.0,layering,0.79,further_layering,MEDIUM,1569564.0,fake_payment_gateway,1
TRAIN-0664,914367.7999999999,6,298493.73,10292.57,152394.63333333333,109524.51688596935,0.7741935483870968,465.0,10.0,93.0,81.70679286326198,2,0.4,7,6,6,1,0.8571428571428571,0.8571428571428571,6,1,0.14285714285714285,0.0,0.0,1,0.0,0.0,1.0,1,0,0,1,0,1.0,0.719,1.959,0.167,6,0.0,1.0,0.0,0.0,collection,0.74,cashout,MEDIUM,914368.0,fake_payment_gateway,1
TRAIN-0665,1866257.36,10,285772.39,30387.54,186625.736,90659.1834813981,0.5591798695246971,1073.0,27.0,119.22222222222223,89.23393101530631,4,0.4444444444444444,11,10,10,1,0.9090909090909091,0.9090909090909091,10,1,0.09090909090909091,0.0,0.0,1,0.0,0.4,0.6,2,0,0,1,0,1.0,0.486,1.531,0.2,10,0.0,1.0,0.0,1654.8,collection,0.77,further_layering,MEDIUM,1866257.0,fake_payment_gateway,1
TRAIN-0666,1088691.87,5,296000.77,142028.1,217738.374,56957.900823571705,0.6880733944954128,436.0,18.0,109.0,100.63465274612584,2,0.5,6,5,5,1,0.8333333333333334,0.8333333333333334,5,1,0.16666666666666666,0.0,0.0,1,0.0,0.6,0.4,2,0,0,1,0,1.0,0.262,1.359,0.4,5,0.0,1.0,0.0,1654.8,collection,0.73,cashout,MEDIUM,1088692.0,fake_payment_gateway,1
TRAIN-0667,1085687.63,5,282078.37,127657.28,217137.52599999998,59064.38921424423,0.47318611987381703,634.0,110.0,158.5,87.76293826743344,0,0.0,6,5,5,1,0.8333333333333334,0.8333333333333334,5,1,0.16666666666666666,0.0,0.0,1,0.4,0.0,0.6,2,0,0,1,0,1.0,0.272,1.299,0.2,5,0.0,0.0,0.0,1148.1,collection,0.69,external_transfer,MEDIUM,1085688.0,fake_payment_gateway,1
TRAIN-0668,1473304.7899999998,10,233296.34,74594.28,147330.479,62360.12874785128,0.40349697377269667,1487.0,27.0,165.22222222222223,95.67494157011252,2,0.2222222222222222,11,10,10,1,0.9090909090909091,0.9090909090909091,10,1,0.09090909090909091,0.0,0.0,1,0.0,0.0,1.0,1,0,0,1,0,1.0,0.423,1.583,0.2,10,0.0,1.0,0.316,0.0,collection,0.72,further_layering,MEDIUM,1473305.0,fake_payment_gateway,1
TRAIN-0669,645302.6100000001,7,260805.53,19709.72,92186.08714285716,107754.48524281604,0.4069767441860465,1032.0,51.0,172.0,99.10802187512371,1,0.16666666666666666,8,7,7,1,0.875,0.875,7,1,0.125,0.0,0.0,1,0.0,0.0,1.0,1,0,0,1,0,1.0,1.169,2.829,0.286,7,0.0,1.0,0.0,0.0,collection,0.66,further_layering,MEDIUM,645303.0,fake_payment_gateway,1
TRAIN-0670,1749688.03,13,238473.55,11213.25,134591.38692307693,75777.43370612469,0.22083805209513024,3532.0,52.0,294.3333333333333,238.31313752110168,1,0.08333333333333333,14,13,8,5,0.9285714285714286,0.9285714285714286,8,5,0.07142857142857142,0.2564102564102564,0.018315018315018312,2,0.0,0.38461538461538464,0.6153846153846154,2,0,0,1,0,1.444,0.563,1.772,0.154,10,0.25,1.0,0.439,1654.8,distribution,0.78,further_layering,MEDIUM,874844.0,fake_payment_gateway,1
TRAIN-0671,843471.51,6,228276.22,16756.44,140578.585,73099.29177991419,1.2,300.0,10.0,60.0,37.03376837428241,2,0.4,7,6,6,1,0.8571428571428571,0.8571428571428571,6,1,0.14285714285714285,0.0,0.0,1,0.6666666666666666,0.0,0.3333333333333333,2,0,0,1,0,1.0,0.52,1.624,0.167,6,0.0,1.0,0.0,1148.1,collection,0.77,cashout,MEDIUM,843472.0,fake_payment_gateway,1
TRAIN-0672,7248230.39,19,1026041.31,36027.38,381485.81,271087.5245167764,0.22777222777222775,5005.0,81.0,278.05555555555554,154.01889579346394,0,0.0,17,19,9,3,1.1176470588235294,1.1176470588235294,9,1,0.11764705882352941,0.2625,0.030637254901960786,4,0.21052631578947367,0.0,0.7894736842105263,2,0,0,1,0,1.188,0.711,2.69,0.158,16,0.167,1.0,0.478,1148.1,consolidation,0.88,external_transfer,HIGH,1812058.0,fake_payment_gateway,1
TRAIN-0673,1400475.4599999997,9,275085.2,36611.02,155608.3844444444,85878.25686274904,0.33749999999999997,1600.0,88.0,200.0,81.08196910710615,0,0.0,10,9,9,1,0.9,0.9,9,1,0.1,0.0,0.0,1,0.0,0.0,1.0,1,0,0,1,0,1.0,0.552,1.768,0.222,9,0.0,1.0,0.0,0.0,collection,0.68,further_layering,MEDIUM,1400475.0,fake_payment_gateway,1
TRAIN-0674,1296262.8599999999,5,400094.24,147031.99,259252.572,90507.19678638777,0.8219178082191781,365.0,29.0,91.25,64.59295627233669,1,0.25,6,5,3,2,0.8333333333333334,0.8333333333333334,3,2,0.16666666666666666,0.30000000000000004,0.05000000000000001,2,0.4,0.0,0.6,2,0,0,1,0,1.25,0.349,1.543,0.6,4,0.25,0.0,0.0,1148.1,distribution,0.69,external_transfer,MEDIUM,648131.0,fake_payment_gateway,1
TRAIN-0675,1108496.55,6,316001.11,58564.71,184749.42500000002,101020.53383045722,0.7659574468085106,470.0,35.0,94.0,46.351914739307155,1,0.2,7,6,4,2,0.8571428571428571,0.8571428571428571,4,2,0.14285714285714285,0.26666666666666666,0.03809523809523809,2,0.16666666666666666,0.0,0.8333333333333334,2,0,0,1,0,1.2,0.547,1.71,0.167,5,0.2,0.0,0.0,1148.1,distribution,0.78,external_transfer,MEDIUM,554248.0,fake_payment_gateway,1
TRAIN-0676,7565629.899999999,20,1161364.55,20534.75,378281.495,297466.85831267666,0.2600780234070221,4614.0,13.0,242.8421052631579,195.61534339897628,3,0.15789473684210525,20,20,10,2,1.0,1.0,10,2,0.05,0.2631578947368421,0.035818713450292396,5,0.0,0.0,1.0,1,0,0,1,0,1.111,0.786,3.07,0.15,18,0.105,0.0,0.587,0.0,cashout_prep,0.85,further_layering,HIGH,1513126.0,fake_payment_gateway,1
TRAIN-0677,522795.52999999997,3,254491.55,42506.44,174265.17666666667,115004.8262833653,0.6844106463878327,263.0,82.0,131.5,70.0035713374682,0,0.0,4,3,3,1,0.75,0.75,3,1,0.25,0.0,0.0,1,0.0,0.3333333333333333,0.6666666666666666,2,0,0,1,0,1.0,0.66,1.46,0.333,3,0.0,0.0,0.0,1654.8,collection,0.65,external_transfer,MEDIUM,522796.0,fake_payment_gateway,1
TRAIN-0678,3570760.8400000003,13,569087.55,12945.82,274673.9107692308,146394.81274228945,0.2292768959435626,3402.0,9.0,283.5,161.69921571744362,1,0.08333333333333333,14,13,9,4,0.9285714285714286,0.9285714285714286,9,4,0.07142857142857142,0.23076923076923075,0.016483516483516484,2,0.0,0.0,1.0,1,0,0,1,0,1.3,0.533,2.072,0.231,10,0.25,1.0,0.48,0.0,distribution,0.76,further_layering,MEDIUM,1785380.0,fake_payment_gateway,1
TRAIN-0679,3827542.6,25,765508.52,53765.87,153101.704,139308.75725635645,0.31146179401993357,4816.0,14.0,200.66666666666666,123.0880443693321,1,0.041666666666666664,20,25,7,5,1.25,1.25,5,1,0.1,0.20467836257309938,0.023976608187134495,5,0.0,0.0,1.0,1,0,0,1,0,1.316,0.91,5.0,0.2,20,0.208,0.0,0.49,0.0,cashout_prep,0.87,further_layering,HIGH,765509.0,fake_payment_gateway,1
TRAIN-0680,2300886.27,24,291751.32,20151.1,95870.26125,60841.771675881086,0.1643460397169596,8762.0,59.0,380.95652173913044,172.08044584407963,1,0.043478260869565216,20,24,5,4,1.2,1.2,4,3,0.1,0.1754385964912281,0.019883040935672516,4,0.0,0.125,0.875,2,0,0,1,0,1.412,0.635,3.043,0.25,19,0.217,0.0,11.5,1654.8,consolidation,0.87,further_layering,HIGH,575222.0,fake_payment_gateway,1
TRAIN-0681,5499807.280000001,22,577590.2,61075.79,249991.24000000005,164072.4635451234,0.19343493552168817,6824.0,5.0,324.95238095238096,216.4833656867142,1,0.047619047619047616,19,22,9,3,1.1578947368421053,1.1578947368421053,9,1,0.10526315789473684,0.2647058823529412,0.026487788097695218,4,0.22727272727272727,0.0,0.7727272727272727,2,0,0,1,0,1.222,0.656,2.31,0.227,20,0.095,0.591,0.868,1148.1,consolidation,0.88,external_transfer,HIGH,1374952.0,fake_payment_gateway,1
TRAIN-0682,2034256.09,14,267867.04,18781.8,145304.00642857145,73277.38586747868,0.4233870967741935,1984.0,29.0,152.6153846153846,68.17690036654456,1,0.07692307692307693,15,14,9,5,0.9333333333333333,0.9333333333333333,9,5,0.06666666666666667,0.24725274725274726,0.016483516483516484,2,0.0,0.0,1.0,1,0,0,1,0,1.4,0.504,1.843,0.214,12,0.154,0.5,0.519,0.0,distribution,0.77,further_layering,MEDIUM,1017128.0,fake_payment_gateway,1
TRAIN-0683,1083741.28,6,292526.14,64588.18,180623.54666666666,83607.89651293129,0.7003891050583658,514.0,25.0,102.8,75.85973899243261,2,0.4,7,6,6,1,0.8571428571428571,0.8571428571428571,6,1,0.14285714285714285,0.0,0.0,1,0.0,0.8333333333333334,0.16666666666666666,2,0,0,1,0,1.0,0.463,1.62,0.167,6,0.0,0.0,0.0,1654.8,collection,0.76,cashout,MEDIUM,1083741.0,fake_payment_gateway,1
TRAIN-0684,4043930.5399999996,13,735463.4,65636.9,311071.57999999996,232725.06995585785,0.3339041095890411,2336.0,1.0,194.66666666666666,142.60519774623373,1,0.08333333333333333,14,13,8,2,0.9285714285714286,0.9285714285714286,8,3,0.07142857142857142,0.2564102564102564,0.030677655677655676,3,0.23076923076923078,0.0,0.7692307692307693,2,0,0,1,0,1.182,0.748,2.364,0.154,11,0.167,1.0,0.439,1148.1,layering,0.81,external_transfer,HIGH,1347977.0,fake_payment_gateway,1
TRAIN-0685,5204721.850000001,25,457328.37,97371.38,208188.874,118794.89154229595,0.2250562640660165,6665.0,14.0,277.7083333333333,182.13623166206654,2,0.08333333333333333,20,25,8,3,1.25,1.25,8,1,0.1,0.2573099415204678,0.025146198830409354,4,0.28,0.0,0.72,2,0,0,1,0,1.316,0.571,2.197,0.28,22,0.125,0.0,0.678,1148.1,consolidation,0.87,external_transfer,HIGH,1301180.0,fake_payment_gateway,1
TRAIN-0686,4179621.7299999995,22,314383.92,25255.77,189982.80590909088,97782.23828497794,0.2002730996813837,6591.0,60.0,313.85714285714283,144.22492354454056,1,0.047619047619047616,23,22,8,5,0.9565217391304348,0.9565217391304348,8,9,0.043478260869565216,0.24242424242424243,0.018162996423865988,3,0.45454545454545453,0.0,0.5454545454545454,2,0,0,1,0,1.571,0.515,1.655,0.182,14,0.381,0.0,0.512,1148.1,layering,0.79,further_layering,MEDIUM,1393207.0,fake_payment_gateway,1
TRAIN-0687,3725648.32,14,630053.46,104052.87,266117.7371428571,175242.9942718324,0.21336042672085345,3937.0,84.0,302.84615384615387,158.68199128752562,0,0.0,15,14,5,3,0.9333333333333333,0.9333333333333333,5,6,0.06666666666666667,0.24725274725274726,0.029670329670329672,3,0.0,0.2857142857142857,0.7142857142857143,2,0,0,1,0,1.556,0.659,2.368,0.214,13,0.077,0.0,0.497,1654.8,layering,0.81,external_transfer,HIGH,1241883.0,fake_payment_gateway,1
TRAIN-0688,1454929.56,6,347893.34,139810.63,242488.26,73272.13972752946,0.35294117647058826,1020.0,139.0,204.0,47.5972688292091,0,0.0,7,6,3,3,0.8571428571428571,0.8571428571428571,3,3,0.14285714285714285,0.3,0.04285714285714286,2,0.0,0.0,1.0,1,0,0,1,0,1.5,0.302,1.435,0.333,5,0.2,0.0,0.408,0.0,distribution,0.69,external_transfer,MEDIUM,727465.0,fake_payment_gateway,1
TRAIN-0689,1264676.25,20,165044.1,20621.33,63233.8125,42539.40459030376,0.17515691139979564,6851.0,31.0,360.57894736842104,184.6273471345497,1,0.05263157894736842,21,20,5,5,0.9523809523809523,0.9523809523809523,5,10,0.047619047619047616,0.19736842105263158,0.016917293233082706,3,0.0,0.0,1.0,1,0,0,1,0,1.818,0.673,2.61,0.15,14,0.316,0.0,0.513,0.0,layering,0.78,further_layering,MEDIUM,421559.0,fake_payment_gateway,1
TRAIN-0690,1154887.0299999998,7,268690.91,14890.84,164983.8614285714,87859.01808084214,0.5172413793103449,812.0,24.0,135.33333333333334,65.4879123706556,1,0.16666666666666666,8,7,7,1,0.875,0.875,7,1,0.125,0.0,0.0,1,0.0,0.0,1.0,1,0,0,1,0,1.0,0.533,1.629,0.143,7,0.0,0.0,0.378,0.0,collection,0.71,further_layering,MEDIUM,1154887.0,fake_payment_gateway,1
TRAIN-0691,3188214.83,14,524181.9,18550.46,227729.6307142857,148134.0300932339,0.527306967984934,1593.0,6.0,122.53846153846153,91.01887659950488,3,0.23076923076923078,15,14,10,4,0.9333333333333333,0.9333333333333333,10,4,0.06666666666666667,0.2197802197802198,0.014652014652014654,2,0.0,0.5,0.5,2,0,0,1,0,1.273,0.65,2.302,0.143,13,0.077,1.0,0.0,1654.8,distribution,0.84,further_layering,HIGH,1594107.0,fake_payment_gateway,1
TRAIN-0692,1849012.22,10,507369.95,13778.9,184901.222,132992.36018927436,0.5342831700801425,1123.0,33.0,124.77777777777777,52.203394951329024,1,0.1111111111111111,11,10,7,3,0.9090909090909091,0.9090909090909091,7,3,0.09090909090909091,0.23333333333333334,0.021212121212121213,2,0.2,0.0,0.8,2,0,0,1,0,1.25,0.719,2.744,0.3,10,0.0,1.0,0.0,1148.1,distribution,0.8,further_layering,HIGH,924506.0,fake_payment_gateway,1
TRAIN-0693,1733300.0899999999,11,297465.92,47904.0,157572.73545454544,79385.66853024837,0.1976639712488769,3339.0,13.0,333.9,191.68518751095795,2,0.2,12,11,6,5,0.9166666666666666,0.9166666666666666,6,5,0.08333333333333333,0.2727272727272727,0.022727272727272724,2,0.0,0.45454545454545453,0.5454545454545454,2,0,0,1,0,1.571,0.504,1.888,0.182,9,0.2,1.0,0.302,1654.8,distribution,0.8,further_layering,HIGH,866650.0,fake_payment_gateway,1
TRAIN-0694,963794.9299999998,10,257400.49,11293.09,96379.49299999999,71071.5271681957,0.6711409395973155,894.0,1.0,99.33333333333333,92.49324299644813,4,0.4444444444444444,11,10,10,1,0.9090909090909091,0.9090909090909091,10,1,0.09090909090909091,0.0,0.0,1,0.0,0.0,1.0,1,0,0,1,0,1.0,0.737,2.671,0.3,10,0.0,0.0,0.0,0.0,collection,0.74,further_layering,MEDIUM,963795.0,fake_payment_gateway,1
TRAIN-0695,289065.77,4,116527.21,16002.42,72266.4425,44724.23359675481,0.5228758169934641,459.0,0.0,153.0,132.52546925025393,1,0.3333333333333333,5,4,4,1,0.8,0.8,4,1,0.2,0.0,0.0,1,0.5,0.0,0.5,2,0,0,1,0,1.0,0.619,1.612,0.25,4,0.0,1.0,0.0,1148.1,collection,0.69,cashout,MEDIUM,289066.0,fake_payment_gateway,1
TRAIN-0696,5016149.9399999995,25,436853.37,49374.29,200645.99759999997,110288.22662848004,0.21352313167259787,7025.0,31.0,292.7083333333333,171.10598779110862,1,0.041666666666666664,26,25,10,5,0.9615384615384616,0.9615384615384616,10,10,0.038461538461538464,0.25,0.016666666666666666,3,0.0,0.32,0.68,2,0,0,1,0,1.562,0.55,2.177,0.12,17,0.333,1.0,0.8,1654.8,layering,0.8,further_layering,HIGH,1672050.0,fake_payment_gateway,1
TRAIN-0697,2379215.1399999997,9,730083.77,74741.04,264357.2377777777,212248.59626919002,0.3818953323903819,1414.0,66.0,176.75,70.47542631503349,0,0.0,10,9,7,2,0.9,0.9,7,2,0.1,0.19444444444444442,0.01944444444444444,2,0.0,0.0,1.0,1,0,0,1,0,1.125,0.803,2.762,0.222,8,0.125,1.0,0.0,0.0,distribution,0.73,further_layering,MEDIUM,1189608.0,fake_payment_gateway,1
TRAIN-0698,3615719.02,19,577923.07,43359.08,190301.0010526316,125561.55007850062,0.2823879118157047,4037.0,40.0,224.27777777777777,154.12897790508234,1,0.05555555555555555,20,19,9,3,0.95,0.95,9,7,0.05,0.2631578947368421,0.023391812865497075,3,0.0,0.0,1.0,1,0,0,1,0,1.462,0.66,3.037,0.158,14,0.278,0.684,0.478,0.0,layering,0.78,further_layering,MEDIUM,1205240.0,fake_payment_gateway,1
TRAIN-0699,1195748.1400000001,9,297300.59,12363.39,132860.90444444446,120477.84502384975,0.43373493975903615,1245.0,5.0,155.625,109.08311051670648,2,0.25,10,9,9,1,0.9,0.9,9,1,0.1,0.0,0.0,1,0.4444444444444444,0.0,0.5555555555555556,2,0,0,1,0,1.0,0.907,2.238,0.333,9,0.0,0.444,0.527,1148.1,collection,0.71,further_layering,MEDIUM,1195748.0,fake_payment_gateway,1
TRAIN-0700,1730263.48,9,255580.59,54858.35,192251.49777777778,72247.04190955672,0.26679841897233203,2024.0,72.0,253.0,97.43129447388628,0,0.0,10,9,5,4,0.9,0.9,5,4,0.1,0.2777777777777778,0.02777777777777778,2,0.5555555555555556,0.0,0.4444444444444444,2,0,0,1,0,1.5,0.376,1.329,0.333,8,0.125,1.0,0.441,1148.1,distribution,0.76,external_transfer,MEDIUM,865132.0,fake_payment_gateway,1
TRAIN-0701,1918303.2700000003,9,502168.03,22222.97,213144.8077777778,164970.65360856464,0.30945558739255014,1745.0,11.0,218.125,160.34198942082693,1,0.125,10,9,7,2,0.9,0.9,7,2,0.1,0.19444444444444442,0.01944444444444444,2,0.8888888888888888,0.0,0.1111111111111111,2,0,0,1,0,1.125,0.774,2.356,0.222,8,0.125,1.0,0.0,1148.1,distribution,0.76,external_transfer,MEDIUM,959152.0,fake_payment_gateway,1
TRAIN-0702,1119814.38,8,213638.74,13846.19,139976.7975,75061.418666024,0.3413940256045519,1406.0,124.0,200.85714285714286,53.76004889453559,0,0.0,9,8,8,1,0.8888888888888888,0.8888888888888888,8,1,0.1111111111111111,0.0,0.0,1,0.375,0.0,0.625,2,0,0,1,0,1.0,0.536,1.526,0.25,8,0.0,0.0,0.0,1148.1,collection,0.69,external_transfer,MEDIUM,1119814.0,fake_payment_gateway,1
TRAIN-0703,3112739.92,11,868117.58,49038.25,282976.3563636364,256247.64619339653,0.2687296416938111,2456.0,95.0,245.6,132.3540705834165,0,0.0,12,11,9,2,0.9166666666666666,0.9166666666666666,9,2,0.08333333333333333,0.16363636363636364,0.013636363636363636,2,0.0,0.0,1.0,1,0,0,1,0,1.1,0.906,3.068,0.182,11,0.0,0.091,0.302,0.0,distribution,0.75,further_layering,MEDIUM,1556370.0,fake_payment_gateway,1
TRAIN-0704,1134783.5,7,273758.75,20215.64,162111.92857142858,83392.5024078117,0.5084745762711864,826.0,2.0,137.66666666666666,95.44352605948015,1,0.16666666666666666,8,7,7,1,0.875,0.875,7,1,0.125,0.0,0.0,1,0.5714285714285714,0.0,0.42857142857142855,2,0,0,1,0,1.0,0.514,1.689,0.143,7,0.0,1.0,0.0,1148.1,collection,0.73,external_transfer,MEDIUM,1134783.0,fake_payment_gateway,1
TRAIN-0705,1131864.51,7,291093.2,83339.13,161694.93,76536.28107893233,0.3365384615384615,1248.0,161.0,208.0,40.78725291068277,0,0.0,8,7,7,1,0.875,0.875,7,1,0.125,0.0,0.0,1,0.2857142857142857,0.0,0.7142857142857143,2,0,0,1,0,1.0,0.473,1.8,0.286,7,0.0,0.0,0.0,1148.1,collection,0.68,external_transfer,MEDIUM,1131864.0,fake_payment_gateway,1
TRAIN-0706,6924593.26,23,1384918.65,37280.86,301069.272173913,297430.14617971686,0.24550791674079345,5621.0,49.0,255.5,179.0615084531676,3,0.13636363636363635,20,23,10,3,1.15,1.15,10,1,0.1,0.2631578947368421,0.03084795321637427,5,0.0,0.0,1.0,1,0,0,1,0,1.211,0.988,4.6,0.174,21,0.091,0.826,0.668,0.0,cashout_prep,0.88,further_layering,HIGH,1384919.0,fake_payment_gateway,1
TRAIN-0707,957814.54,6,292482.85,11237.69,159635.75666666668,92841.38762545434,0.36363636363636365,990.0,18.0,198.0,134.26280199668113,1,0.2,7,6,4,2,0.8571428571428571,0.8571428571428571,4,2,0.14285714285714285,0.26666666666666666,0.03809523809523809,2,0.0,0.3333333333333333,0.6666666666666666,2,0,0,1,0,1.2,0.582,1.832,0.333,5,0.2,1.0,0.548,1654.8,distribution,0.73,external_transfer,MEDIUM,478907.0,fake_payment_gateway,1
TRAIN-0708,1841335.12,20,222972.55,35923.99,92066.75600000001,63365.41360565186,0.2618943692710607,4582.0,7.0,241.1578947368421,134.87124030714742,1,0.05263157894736842,17,20,4,3,1.1764705882352942,1.1764705882352942,3,3,0.11764705882352941,0.1625,0.023774509803921567,4,0.15,0.0,0.85,2,0,0,1,0,1.429,0.688,2.422,0.25,16,0.211,0.35,0.571,1148.1,consolidation,0.87,further_layering,HIGH,460334.0,fake_payment_gateway,1
TRAIN-0709,3381970.2800000003,12,603773.82,89690.97,281830.8566666667,178035.50201721914,0.4011142061281337,1795.0,27.0,163.1818181818182,91.5574335396293,1,0.09090909090909091,13,12,9,3,0.9230769230769231,0.9230769230769231,9,3,0.07692307692307693,0.20454545454545456,0.015734265734265736,2,0.0,0.0,1.0,1,0,0,1,0,1.2,0.632,2.142,0.167,11,0.091,0.0,0.389,0.0,distribution,0.78,further_layering,MEDIUM,1690985.0,fake_payment_gateway,1
TRAIN-0710,6213702.66,23,637504.58,59813.31,270160.98521739134,153090.9973093888,0.2645198389879241,5217.0,11.0,237.13636363636363,130.09384724462987,3,0.13636363636363635,24,23,10,4,0.9583333333333334,0.9583333333333334,10,9,0.041666666666666664,0.2569169960474308,0.018857048748353093,3,0.0,0.0,1.0,1,0,0,1,0,1.533,0.567,2.36,0.13,19,0.182,1.0,0.47,0.0,layering,0.82,further_layering,HIGH,2071234.0,fake_payment_gateway,1
TRAIN-0711,1127386.9900000002,14,248233.42,24265.71,80527.64214285716,58290.66884231646,0.2831142568250758,2967.0,90.0,228.23076923076923,151.29670289762532,0,0.0,15,14,3,4,0.9333333333333333,0.9333333333333333,3,7,0.06666666666666667,0.18131868131868134,0.022344322344322345,3,0.0,0.0,1.0,1,0,0,1,0,1.75,0.724,3.083,0.143,11,0.231,0.0,0.469,0.0,layering,0.79,further_layering,MEDIUM,375796.0,fake_payment_gateway,1
TRAIN-0712,3740542.0999999996,19,419868.55,17400.38,196870.63684210525,108944.20898755977,0.3062869425040301,3722.0,15.0,206.77777777777777,141.73859765554153,2,0.1111111111111111,20,19,9,4,0.95,0.95,9,6,0.05,0.2631578947368421,0.021929824561403508,3,0.0,0.0,1.0,1,0,0,1,0,1.357,0.553,2.133,0.263,16,0.167,0.0,0.496,0.0,layering,0.81,further_layering,HIGH,1246847.0,fake_payment_gateway,1
TRAIN-0713,1902428.58,11,363736.04,15800.24,172948.05272727273,120373.51608956813,0.2615933412604043,2523.0,39.0,252.3,175.18945300572304,2,0.2,12,11,8,3,0.9166666666666666,0.9166666666666666,8,3,0.08333333333333333,0.21818181818181817,0.01818181818181818,2,0.45454545454545453,0.0,0.5454545454545454,2,0,0,1,0,1.222,0.696,2.103,0.182,10,0.1,0.0,0.302,1148.1,distribution,0.8,further_layering,HIGH,951214.0,fake_payment_gateway,1
TRAIN-0714,3035681.96,12,980641.07,13356.0,252973.49666666667,262238.5941380137,0.3145478374836173,2289.0,10.0,208.0909090909091,178.9153177039096,1,0.09090909090909091,13,12,10,2,0.9230769230769231,0.9230769230769231,10,2,0.07692307692307693,0.15151515151515152,0.011655011655011656,2,0.0,0.0,1.0,1,0,0,1,0,1.091,1.037,3.876,0.333,12,0.0,0.0,0.289,0.0,distribution,0.74,further_layering,MEDIUM,1517841.0,fake_payment_gateway,1
TRAIN-0715,2349090.75,15,365792.05,12490.33,156606.05,104965.32066764342,0.21459227467811157,4194.0,7.0,299.57142857142856,210.5530133447903,3,0.21428571428571427,16,15,10,5,0.9375,0.9375,10,5,0.0625,0.2380952380952381,0.014880952380952382,2,0.0,0.0,1.0,1,0,0,1,0,1.364,0.67,2.336,0.267,13,0.143,0.0,0.516,0.0,distribution,0.78,further_layering,MEDIUM,1174545.0,fake_payment_gateway,1
TRAIN-0716,5035723.430000001,17,704474.88,104247.32,296219.0252941177,154608.2791587185,0.2568622513220851,3971.0,1.0,248.1875,232.008970731737,5,0.3125,15,17,7,2,1.1333333333333333,1.1333333333333333,7,1,0.13333333333333333,0.2692307692307693,0.03626373626373625,4,0.0,0.0,1.0,1,0,0,1,0,1.214,0.522,2.378,0.235,14,0.188,1.0,0.437,0.0,consolidation,0.88,cashout,HIGH,1258931.0,fake_payment_gateway,1
TRAIN-0717,2853440.5699999994,26,250771.69,28383.35,109747.71423076921,55434.83264671722,0.23622047244094488,6604.0,18.0,264.16,167.89994044072796,1,0.04,22,26,6,4,1.1818181818181819,1.1818181818181819,6,3,0.09090909090909091,0.2142857142857143,0.020995670995670998,4,0.0,0.0,1.0,1,0,0,1,0,1.368,0.505,2.285,0.154,20,0.24,1.0,0.732,0.0,consolidation,0.87,further_layering,HIGH,713360.0,fake_payment_gateway,1
TRAIN-0718,5659714.590000001,30,693708.11,30427.41,188657.15300000002,131500.76779748092,0.19801980198019803,9090.0,28.0,313.44827586206895,176.94785071291818,1,0.034482758620689655,25,30,7,5,1.2,1.2,7,2,0.12,0.21557971014492755,0.021159420289855072,5,0.16666666666666666,0.0,0.8333333333333334,2,0,0,1,0,1.304,0.697,3.677,0.133,24,0.207,0.0,0.971,1148.1,cashout_prep,0.91,further_layering,HIGH,1131943.0,fake_payment_gateway,1
TRAIN-0719,1255222.37,9,261025.35,19751.66,139469.15222222224,90879.86608090249,0.34220532319391633,1578.0,84.0,197.25,79.93524164686598,0,0.0,10,9,9,1,0.9,0.9,9,1,0.1,0.0,0.0,1,0.0,0.0,1.0,1,0,0,1,0,1.0,0.652,1.872,0.333,9,0.0,0.0,0.527,0.0,collection,0.66,further_layering,MEDIUM,1255222.0,fake_payment_gateway,1
TRAIN-0720,1942796.77,10,307922.12,107595.05,194279.677,63772.80621558466,0.16317650258362795,3677.0,137.0,408.55555555555554,165.10762483234316,0,0.0,11,10,3,3,0.9090909090909091,0.9090909090909091,3,4,0.09090909090909091,0.23333333333333334,0.03737373737373737,3,0.3,0.0,0.7,2,0,0,1,0,1.429,0.328,1.585,0.2,7,0.333,1.0,0.483,1148.1,layering,0.77,external_transfer,MEDIUM,647599.0,fake_payment_gateway,1
TRAIN-0721,6273142.29,30,551884.72,50873.49,209104.743,143091.4413315374,0.2726033621081327,6603.0,0.0,227.68965517241378,144.74191402243113,4,0.13793103448275862,25,30,10,4,1.2,1.2,10,2,0.12,0.2536231884057971,0.020144927536231885,4,0.0,0.0,1.0,1,0,0,1,0,1.304,0.684,2.639,0.267,25,0.172,1.0,0.572,0.0,consolidation,0.89,further_layering,HIGH,1568286.0,fake_payment_gateway,1
TRAIN-0722,1656767.7200000002,10,280005.02,37375.83,165676.77200000003,86899.95682459326,0.5797101449275363,1035.0,3.0,115.0,99.76722908851383,4,0.4444444444444444,11,10,10,1,0.9090909090909091,0.9090909090909091,10,1,0.09090909090909091,0.0,0.0,1,0.6,0.0,0.4,2,0,0,1,0,1.0,0.525,1.69,0.3,10,0.0,1.0,0.0,1148.1,collection,0.76,further_layering,MEDIUM,1656768.0,fake_payment_gateway,1
TRAIN-0723,943295.46,4,297929.08,190250.75,235823.865,50006.847356922706,0.3519061583577712,682.0,188.0,227.33333333333334,55.644706247165445,0,0.0,5,4,4,1,0.8,0.8,4,1,0.2,0.0,0.0,1,0.25,0.0,0.75,2,0,0,1,0,1.0,0.212,1.263,0.25,4,0.0,1.0,0.0,1148.1,collection,0.68,external_transfer,MEDIUM,943295.0,fake_payment_gateway,1
TRAIN-0724,2378800.2699999996,22,308662.97,15232.91,108127.28499999997,80460.10444545993,0.2110649184521906,6254.0,14.0,297.8095238095238,179.86706731573153,2,0.09523809523809523,23,22,6,4,0.9565217391304348,0.9565217391304348,6,12,0.043478260869565216,0.2077922077922078,0.016939582156973464,3,0.0,0.2727272727272727,0.7272727272727273,2,0,0,1,0,2.0,0.744,2.855,0.136,13,0.429,1.0,0.503,1654.8,layering,0.79,further_layering,MEDIUM,792933.0,fake_payment_gateway,1
TRAIN-0725,1479509.8699999996,12,210494.81,16502.44,123292.48916666664,61198.73097198287,0.30012505210504375,2399.0,1.0,218.0909090909091,139.96674929814904,1,0.09090909090909091,13,12,4,3,0.9230769230769231,0.9230769230769231,4,5,0.07692307692307693,0.24242424242424243,0.033216783216783216,3,0.0,0.0,1.0,1,0,0,1,0,1.5,0.496,1.707,0.25,9,0.273,1.0,0.0,0.0,layering,0.78,further_layering,MEDIUM,493170.0,fake_payment_gateway,1
TRAIN-0726,3972288.2400000007,23,384917.6,41454.99,172708.1843478261,81870.42936797831,0.1884730947828462,7322.0,11.0,332.8181818181818,176.81646022376032,1,0.045454545454545456,19,23,5,4,1.2105263157894737,1.2105263157894737,5,2,0.15789473684210525,0.21241830065359477,0.023563811489508084,4,0.08695652173913043,0.0,0.9130434782608695,2,0,0,1,0,1.353,0.474,2.229,0.217,19,0.182,0.609,0.635,1148.1,consolidation,0.91,further_layering,HIGH,993072.0,fake_payment_gateway,1
TRAIN-0727,535893.7899999999,5,266276.12,28949.33,107178.75799999999,91925.90322907967,0.6211180124223602,483.0,12.0,120.75,101.5,1,0.25,6,5,5,1,0.8333333333333334,0.8333333333333334,5,1,0.16666666666666666,0.0,0.0,1,0.0,0.0,1.0,1,0,0,1,0,1.0,0.858,2.484,0.4,5,0.0,1.0,0.0,0.0,collection,0.66,cashout,MEDIUM,535894.0,fake_payment_gateway,1
TRAIN-0728,2915187.0700000003,15,414030.88,14471.09,194345.8046666667,130202.21917691758,0.2702702702702703,3330.0,20.0,237.85714285714286,142.1287916172983,1,0.07142857142857142,16,15,8,3,0.9375,0.9375,8,4,0.0625,0.2666666666666667,0.027380952380952388,3,0.0,0.0,1.0,1,0,0,1,0,1.25,0.67,2.13,0.2,13,0.143,0.733,0.458,0.0,layering,0.8,further_layering,HIGH,971729.0,fake_payment_gateway,1
TRAIN-0729,1290718.22,7,256696.02,110454.95,184388.31714285715,57672.98131870235,0.36971830985915494,1136.0,30.0,189.33333333333334,97.03951085339757,1,0.16666666666666666,8,7,7,1,0.875,0.875,7,1,0.125,0.0,0.0,1,0.0,0.0,1.0,1,0,0,1,0,1.0,0.313,1.392,0.286,7,0.0,0.0,0.0,0.0,collection,0.68,further_layering,MEDIUM,1290718.0,fake_payment_gateway,1
TRAIN-0730,1661175.1800000002,10,291991.31,46373.89,166117.518,83822.08270807464,0.4566210045662101,1314.0,10.0,146.0,86.21339803070055,2,0.2222222222222222,11,10,10,1,0.9090909090909091,0.9090909090909091,10,1,0.09090909090909091,0.0,0.0,1,0.0,0.0,1.0,1,0,0,1,0,1.0,0.505,1.758,0.1,10,0.0,1.0,0.422,0.0,collection,0.74,further_layering,MEDIUM,1661175.0,fake_payment_gateway,1
TRAIN-0731,896421.2100000001,7,264958.78,55152.58,128060.17285714287,78301.30541943596,0.39585296889726673,1061.0,54.0,176.83333333333334,78.76145419344837,1,0.16666666666666666,8,7,7,1,0.875,0.875,7,1,0.125,0.0,0.0,1,0.42857142857142855,0.0,0.5714285714285714,2,0,0,1,0,1.0,0.611,2.069,0.286,7,0.0,1.0,0.488,1148.1,collection,0.69,external_transfer,MEDIUM,896421.0,fake_payment_gateway,1
TRAIN-0732,2049718.9100000001,13,269139.95,22086.16,157670.68538461538,99400.44333772644,0.29082774049217003,2682.0,36.0,223.5,158.2986245848477,1,0.08333333333333333,13,13,3,3,1.0,1.0,3,3,0.07692307692307693,0.20454545454545456,0.041375291375291376,4,0.0,0.0,1.0,1,0,0,1,0,1.3,0.63,1.707,0.308,10,0.25,0.0,0.0,0.0,consolidation,0.81,further_layering,HIGH,512430.0,fake_payment_gateway,1
TRAIN-0733,4650590.4399999995,18,612589.53,33792.02,258366.13555555552,152962.59414507294,0.27293404094010615,3957.0,15.0,232.76470588235293,143.3027954244808,2,0.11764705882352941,19,18,9,3,0.9473684210526315,0.9473684210526315,9,6,0.05263157894736842,0.2647058823529412,0.024251805985552117,3,0.2777777777777778,0.0,0.7222222222222222,2,0,0,1,0,1.385,0.592,2.371,0.167,14,0.235,1.0,0.383,1148.1,layering,0.81,further_layering,HIGH,1550197.0,fake_payment_gateway,1
TRAIN-0734,1108833.56,7,230566.62,19097.63,158404.7942857143,78298.35752464093,0.3723404255319149,1128.0,39.0,188.0,83.74962686484042,1,0.16666666666666666,8,7,4,3,0.875,0.875,4,3,0.125,0.2857142857142857,0.03571428571428571,2,0.7142857142857143,0.0,0.2857142857142857,2,0,0,1,0,1.4,0.494,1.456,0.286,6,0.167,0.0,0.0,1148.1,distribution,0.76,external_transfer,MEDIUM,554417.0,fake_payment_gateway,1
TRAIN-0735,1533813.64,10,293106.24,23818.81,153381.364,73784.48297717981,0.2826189354686764,2123.0,25.0,235.88888888888889,127.60529421270542,2,0.2222222222222222,11,10,6,4,0.9090909090909091,0.9090909090909091,6,4,0.09090909090909091,0.26666666666666666,0.024242424242424242,2,0.0,0.0,1.0,1,0,0,1,0,1.429,0.481,1.911,0.2,8,0.222,0.0,0.483,0.0,distribution,0.79,further_layering,MEDIUM,766907.0,fake_payment_gateway,1
TRAIN-0736,5096193.340000001,36,292561.06,45913.07,141560.92611111113,71311.79376792481,0.1768896896241094,12211.0,15.0,348.8857142857143,175.84314056577134,2,0.05714285714285714,28,36,7,5,1.2857142857142858,1.2857142857142858,7,3,0.14285714285714285,0.19943019943019943,0.014906389906389908,4,0.1388888888888889,0.0,0.8611111111111112,2,0,0,1,0,1.44,0.504,2.067,0.167,27,0.257,1.0,1.15,1148.1,consolidation,0.91,further_layering,HIGH,1274048.0,fake_payment_gateway,1
TRAIN-0737,751757.51,5,207177.75,78559.02,150351.502,52118.492685980666,0.3865979381443299,776.0,44.0,194.0,119.29794633605391,1,0.25,6,5,3,2,0.8333333333333334,0.8333333333333334,3,2,0.16666666666666666,0.30000000000000004,0.05000000000000001,2,0.2,0.0,0.8,2,0,0,1,0,1.25,0.347,1.378,0.2,4,0.25,1.0,0.447,1148.1,distribution,0.72,external_transfer,MEDIUM,375879.0,fake_payment_gateway,1
TRAIN-0738,4218775.989999999,19,468421.61,41248.19,222040.84157894732,128313.60733943211,0.2106430155210643,5412.0,51.0,300.6666666666667,192.6978738549943,2,0.1111111111111111,17,19,6,3,1.1176470588235294,1.1176470588235294,6,2,0.11764705882352941,0.25,0.03112745098039215,4,0.0,0.0,1.0,1,0,0,1,0,1.267,0.578,2.11,0.263,16,0.167,1.0,0.507,0.0,consolidation,0.86,further_layering,HIGH,1054694.0,fake_payment_gateway,1
TRAIN-0739,1421412.88,9,264336.49,96229.72,157934.76444444444,51427.89160686084,0.21827000808407437,2474.0,64.0,309.25,160.36275841265106,0,0.0,10,9,4,5,0.9,0.9,4,5,0.1,0.2777777777777778,0.02777777777777778,2,0.0,0.0,1.0,1,0,0,1,0,1.8,0.326,1.674,0.222,7,0.25,0.0,0.0,0.0,distribution,0.74,further_layering,MEDIUM,710706.0,fake_payment_gateway,1
TRAIN-0740,1215283.6,8,265792.17,81697.84,151910.45,57478.4558444839,0.21534320323014805,2229.0,39.0,318.42857142857144,160.7657272170255,1,0.14285714285714285,9,8,4,4,0.8888888888888888,0.8888888888888888,4,4,0.1111111111111111,0.2857142857142857,0.031746031746031744,2,0.625,0.0,0.375,2,0,0,1,0,1.6,0.378,1.75,0.375,5,0.429,1.0,0.354,1148.1,distribution,0.73,external_transfer,MEDIUM,607642.0,fake_payment_gateway,1
TRAIN-0741,2185826.77,9,598269.86,34693.64,242869.64111111112,192771.91616956226,0.2833158447009444,1906.0,11.0,238.25,142.31027470184395,1,0.125,10,9,7,2,0.9,0.9,7,2,0.1,0.19444444444444442,0.01944444444444444,2,0.7777777777777778,0.0,0.2222222222222222,2,0,0,1,0,1.125,0.794,2.463,0.222,9,0.0,0.889,0.333,1148.1,distribution,0.78,external_transfer,MEDIUM,1092913.0,fake_payment_gateway,1
TRAIN-0742,1455839.58,10,248648.39,35531.83,145583.958,66843.1560282638,0.23364485981308414,2568.0,155.0,285.3333333333333,81.90390711071115,0,0.0,11,10,5,5,0.9090909090909091,0.9090909090909091,5,5,0.09090909090909091,0.2777777777777778,0.025252525252525252,2,0.4,0.0,0.6,2,0,0,1,0,1.667,0.459,1.708,0.2,6,0.444,1.0,0.516,1148.1,distribution,0.75,further_layering,MEDIUM,727920.0,fake_payment_gateway,1
TRAIN-0743,3795862.14,15,735237.1,21895.88,253057.476,179517.4716063594,0.26517383618149676,3394.0,8.0,242.42857142857142,159.37701517795145,2,0.14285714285714285,16,15,7,3,0.9375,0.9375,7,6,0.0625,0.2666666666666667,0.03095238095238096,3,0.0,0.0,1.0,1,0,0,1,0,1.5,0.709,2.905,0.2,12,0.214,1.0,0.507,0.0,layering,0.8,further_layering,HIGH,1265287.0,fake_payment_gateway,1
TRAIN-0744,980773.17,9,186089.36,16835.11,108974.79666666668,54351.04961511668,0.6367924528301887,848.0,45.0,106.0,24.88832198900865,1,0.125,10,9,4,5,0.9,0.9,4,5,0.1,0.2777777777777778,0.02777777777777778,2,0.0,0.0,1.0,1,0,0,1,0,1.8,0.499,1.708,0.222,5,0.5,0.0,0.0,0.0,distribution,0.74,further_layering,MEDIUM,490387.0,fake_payment_gateway,1
TRAIN-0745,1058188.0,7,248852.42,11134.94,151169.7142857143,85406.70415003221,0.49645390070921985,846.0,26.0,141.0,102.4577961894555,2,0.3333333333333333,8,7,7,1,0.875,0.875,7,1,0.125,0.0,0.0,1,0.2857142857142857,0.0,0.7142857142857143,2,0,0,1,0,1.0,0.565,1.646,0.143,7,0.0,1.0,0.0,1148.1,collection,0.75,external_transfer,MEDIUM,1058188.0,fake_payment_gateway,1
TRAIN-0746,6027354.58,34,376620.45,16697.86,177275.13470588234,79518.07889025428,0.21523528170500106,9478.0,65.0,287.2121212121212,141.15610985176963,0,0.0,28,34,9,5,1.2142857142857142,1.2142857142857142,9,3,0.10714285714285714,0.23076923076923078,0.01683964183964184,4,0.0,0.0,1.0,1,0,0,1,0,1.36,0.449,2.124,0.147,27,0.212,1.0,0.821,0.0,consolidation,0.88,further_layering,HIGH,1506839.0,fake_payment_gateway,1
TRAIN-0747,1195463.6800000002,6,349367.65,74623.82,199243.94666666668,99600.03496851207,0.28846153846153844,1248.0,66.0,249.6,103.10577093451171,0,0.0,7,6,4,2,0.8571428571428571,0.8571428571428571,4,2,0.14285714285714285,0.26666666666666666,0.03809523809523809,2,0.0,0.3333333333333333,0.6666666666666666,2,0,0,1,0,1.2,0.5,1.753,0.167,6,0.0,1.0,0.0,1654.8,distribution,0.76,external_transfer,MEDIUM,597732.0,fake_payment_gateway,1
TRAIN-0748,1979073.4700000002,12,214406.47,18119.6,164922.78916666668,61072.189016096876,0.23483365949119372,3066.0,45.0,278.72727272727275,172.61696956504068,1,0.09090909090909091,13,12,7,5,0.9230769230769231,0.9230769230769231,7,5,0.07692307692307693,0.26515151515151514,0.020396270396270396,2,0.0,0.0,1.0,1,0,0,1,0,1.5,0.37,1.3,0.333,9,0.273,0.417,0.515,0.0,distribution,0.74,further_layering,MEDIUM,989537.0,fake_payment_gateway,1
TRAIN-0749,2871507.73,18,268951.81,42021.58,159528.20722222223,87558.48624935832,0.18579046963702045,5813.0,13.0,341.94117647058823,164.28156872738163,1,0.058823529411764705,15,18,5,3,1.2,1.2,5,1,0.13333333333333333,0.24725274725274726,0.032967032967032975,4,0.0,0.3333333333333333,0.6666666666666666,2,0,0,1,0,1.286,0.549,1.686,0.167,15,0.176,0.611,0.502,1654.8,consolidation,0.89,external_transfer,HIGH,717877.0,fake_payment_gateway,1
TRAIN-0750,2508820.9200000004,15,300438.67,41472.91,167254.72800000003,91864.65003357004,0.19942388654996676,4513.0,49.0,322.35714285714283,171.3801923492628,1,0.07142857142857142,16,15,4,4,0.9375,0.9375,4,7,0.0625,0.20952380952380956,0.023511904761904765,3,0.0,0.0,1.0,1,0,0,1,0,1.667,0.549,1.796,0.2,12,0.214,1.0,0.488,0.0,layering,0.8,further_layering,HIGH,836274.0,fake_payment_gateway,1
TRAIN-0751,1289205.52,9,254136.53,17846.96,143245.05777777778,72669.06466006233,0.4675324675324675,1155.0,0.0,144.375,78.04382926096262,1,0.125,10,9,9,1,0.9,0.9,9,1,0.1,0.0,0.0,1,0.0,0.6666666666666666,0.3333333333333333,2,0,0,1,0,1.0,0.507,1.774,0.333,9,0.0,0.0,0.333,1654.8,collection,0.7,further_layering,MEDIUM,1289206.0,fake_payment_gateway,1
TRAIN-0752,3079506.8499999996,16,405206.27,38396.14,192469.17812499998,103564.39985347503,0.1765354909893343,5438.0,62.0,362.53333333333336,166.13714931029838,0,0.0,14,16,4,3,1.1428571428571428,1.1428571428571428,4,2,0.14285714285714285,0.23076923076923075,0.038919413919413906,4,0.0,0.1875,0.8125,2,0,0,1,0,1.333,0.538,2.105,0.25,13,0.2,1.0,0.512,1654.8,consolidation,0.87,external_transfer,HIGH,769877.0,fake_payment_gateway,1
TRAIN-0753,1771898.96,12,247191.88,49121.89,147658.24666666667,66253.35603399428,0.375,1920.0,25.0,174.54545454545453,184.01106686086231,2,0.18181818181818182,13,12,4,3,0.9230769230769231,0.9230769230769231,4,5,0.07692307692307693,0.24242424242424243,0.033216783216783216,3,0.0,0.25,0.75,2,0,0,1,0,1.5,0.449,1.674,0.25,10,0.182,1.0,0.0,1654.8,layering,0.82,further_layering,HIGH,590633.0,fake_payment_gateway,1
TRAIN-0754,1178881.6099999999,8,213809.29,32356.93,147360.20124999998,69060.50180163032,0.243531202435312,1971.0,28.0,281.57142857142856,248.81174754075764,2,0.2857142857142857,9,8,5,3,0.8888888888888888,0.8888888888888888,5,3,0.1111111111111111,0.26785714285714285,0.02976190476190476,2,0.75,0.0,0.25,2,0,0,1,0,1.333,0.469,1.451,0.25,8,0.0,1.0,0.0,1148.1,distribution,0.8,external_transfer,HIGH,589441.0,fake_payment_gateway,1
TRAIN-0755,512981.13,4,242559.41,31614.2,128245.2825,86761.2621439397,0.6722689075630252,357.0,44.0,119.0,107.37318100903968,1,0.3333333333333333,5,4,4,1,0.8,0.8,4,1,0.2,0.0,0.0,1,0.0,0.0,1.0,1,0,0,1,0,1.0,0.677,1.891,0.5,4,0.0,1.0,0.0,0.0,collection,0.66,cashout,MEDIUM,512981.0,fake_payment_gateway,1
TRAIN-0756,2873015.18,22,256169.31,32068.65,130591.5990909091,78708.42773033901,0.18513323983169705,7130.0,27.0,339.5238095238095,195.6805097723376,1,0.047619047619047616,23,22,5,5,0.9565217391304348,0.9565217391304348,5,12,0.043478260869565216,0.18398268398268397,0.014775079992471296,3,0.0,0.2727272727272727,0.7272727272727273,2,0,0,1,0,2.0,0.603,1.962,0.136,16,0.286,1.0,0.785,1654.8,layering,0.8,further_layering,HIGH,957672.0,fake_payment_gateway,1
TRAIN-0757,4432957.56,18,604957.89,26769.63,246275.41999999998,179025.34968815668,0.20958664855424022,5153.0,31.0,303.11764705882354,201.30166490647227,2,0.11764705882352941,19,18,10,3,0.9473684210526315,0.9473684210526315,10,5,0.05263157894736842,0.26143790849673204,0.02321981424148607,3,0.0,0.3888888888888889,0.6111111111111112,2,0,0,1,0,1.286,0.727,2.456,0.111,14,0.235,1.0,0.502,1654.8,layering,0.82,further_layering,HIGH,1477653.0,fake_payment_gateway,1
TRAIN-0758,1248066.43,8,396663.5,18107.62,156008.30375,119443.37068884687,0.2551834130781499,1881.0,189.0,268.7142857142857,95.0573761572702,0,0.0,9,8,6,2,0.8888888888888888,0.8888888888888888,6,2,0.1111111111111111,0.21428571428571427,0.023809523809523808,2,0.625,0.0,0.375,2,0,0,1,0,1.143,0.766,2.543,0.25,7,0.143,1.0,0.0,1148.1,distribution,0.73,external_transfer,MEDIUM,624033.0,fake_payment_gateway,1
TRAIN-0759,1236954.83,9,226638.36,37781.54,137439.42555555556,85998.28832525143,0.24691358024691357,2187.0,80.0,273.375,126.90034053764958,0,0.0,9,9,3,2,1.0,1.0,3,1,0.1111111111111111,0.26785714285714285,0.06547619047619047,4,0.3333333333333333,0.0,0.6666666666666666,2,0,0,1,0,1.125,0.626,1.649,0.444,8,0.125,0.0,0.0,1148.1,consolidation,0.79,external_transfer,MEDIUM,309239.0,fake_payment_gateway,1
TRAIN-0760,3673844.6,23,362676.14,30682.97,159732.37391304347,89243.3094054915,0.23970818134445024,5757.0,59.0,261.6818181818182,181.35899320294104,1,0.045454545454545456,24,23,5,5,0.9583333333333334,0.9583333333333334,5,13,0.041666666666666664,0.17786561264822134,0.013833992094861658,3,0.0,0.0,1.0,1,0,0,1,0,2.091,0.559,2.271,0.217,15,0.364,1.0,0.47,0.0,layering,0.76,further_layering,MEDIUM,1224615.0,fake_payment_gateway,1
TRAIN-0761,954264.94,5,259760.69,93996.2,190852.98799999998,72308.34065469848,0.42613636363636365,704.0,14.0,176.0,133.52403029667232,1,0.25,6,5,5,1,0.8333333333333334,0.8333333333333334,5,1,0.16666666666666666,0.0,0.0,1,0.0,0.0,1.0,1,0,0,1,0,1.0,0.379,1.361,0.4,5,0.0,0.0,0.0,0.0,collection,0.67,cashout,MEDIUM,954265.0,fake_payment_gateway,1
TRAIN-0762,2108002.95,8,390777.5,97947.15,263500.36875,93724.77292804341,0.38125496425734706,1259.0,135.0,179.85714285714286,54.81614291255381,0,0.0,9,8,5,3,0.8888888888888888,0.8888888888888888,5,3,0.1111111111111111,0.26785714285714285,0.02976190476190476,2,0.0,0.0,1.0,1,0,0,1,0,1.333,0.356,1.483,0.25,6,0.286,0.625,0.518,0.0,distribution,0.72,further_layering,MEDIUM,1054001.0,fake_payment_gateway,1
TRAIN-0763,868972.56,8,282178.06,18824.0,108621.57,93638.21512960462,0.421792618629174,1138.0,31.0,162.57142857142858,89.8217812167649,1,0.14285714285714285,9,8,8,1,0.8888888888888888,0.8888888888888888,8,1,0.1111111111111111,0.0,0.0,1,0.0,0.0,1.0,1,0,0,1,0,1.0,0.862,2.598,0.125,8,0.0,1.0,0.0,0.0,collection,0.7,further_layering,MEDIUM,868973.0,fake_payment_gateway,1
TRAIN-0764,4156298.2299999995,19,538770.18,67638.18,218752.5384210526,110419.80846193079,0.1961796592669076,5811.0,156.0,322.8333333333333,130.1073086521502,0,0.0,20,19,7,4,0.95,0.95,7,8,0.05,0.24561403508771928,0.021637426900584796,3,0.0,0.0,1.0,1,0,0,1,0,1.583,0.505,2.463,0.158,12,0.389,1.0,0.513,0.0,layering,0.77,further_layering,MEDIUM,1385433.0,fake_payment_gateway,1
TRAIN-0765,121947.69,2,76480.74,45466.95,60973.845,21930.06121929554,0.20512820512820512,585.0,585.0,585.0,0.0,0,0.0,3,2,2,1,0.6666666666666666,0.6666666666666666,2,1,0.0,0.0,0.0,1,0.0,0.0,1.0,1,0,0,1,0,1.0,0.36,1.254,0.5,2,0.0,1.0,0.0,0.0,emerging,0.3,other,LOW,1255884.0,fake_payment_gateway,1
TRAIN-0766,4029655.7699999996,19,505242.37,10057.2,212087.14578947367,115076.13866745807,0.35425730267246736,3218.0,24.0,178.77777777777777,138.36930786658263,3,0.16666666666666666,20,19,9,4,0.95,0.95,9,6,0.05,0.2631578947368421,0.021929824561403508,3,0.0,0.42105263157894735,0.5789473684210527,2,0,0,1,0,1.357,0.543,2.382,0.158,15,0.222,1.0,0.375,1654.8,layering,0.84,further_layering,HIGH,1343219.0,fake_payment_gateway,1
TRAIN-0767,4052562.62,17,643017.34,38156.53,238386.03647058824,179100.64937791822,0.25,4080.0,11.0,255.0,170.70598505422512,2,0.125,18,17,8,3,0.9444444444444444,0.9444444444444444,8,6,0.05555555555555555,0.2647058823529412,0.02573529411764706,3,0.35294117647058826,0.0,0.6470588235294118,2,0,0,1,0,1.417,0.751,2.697,0.176,14,0.188,0.353,0.493,1148.1,layering,0.81,further_layering,HIGH,1350854.0,fake_payment_gateway,1
TRAIN-0768,4087270.39,29,280374.76,19275.75,140940.35827586206,75045.01324267747,0.20258470136220746,8589.0,65.0,306.75,161.1193771825838,0,0.0,25,29,9,4,1.16,1.16,9,3,0.08,0.24456521739130435,0.020217391304347826,4,0.0,0.3448275862068966,0.6551724137931034,2,0,0,1,0,1.318,0.532,1.989,0.207,23,0.214,1.0,0.806,1654.8,consolidation,0.87,further_layering,HIGH,1021818.0,fake_payment_gateway,1
TRAIN-0769,2469556.6,8,489460.83,193214.23,308694.575,97342.38547560123,0.2502606882168926,1918.0,17.0,274.0,267.62286897797054,2,0.2857142857142857,9,8,5,3,0.8888888888888888,0.8888888888888888,5,3,0.1111111111111111,0.26785714285714285,0.02976190476190476,2,0.0,0.0,1.0,1,0,0,1,0,1.333,0.315,1.586,0.375,8,0.0,1.0,0.354,0.0,distribution,0.77,further_layering,MEDIUM,1234778.0,fake_payment_gateway,1
TRAIN-0770,6530320.459999999,20,894978.08,38696.54,326516.0229999999,279736.7143745791,0.255863539445629,4690.0,27.0,246.8421052631579,161.36028120599318,1,0.05263157894736842,20,20,10,3,1.0,1.0,10,3,0.05,0.2631578947368421,0.02982456140350877,4,0.0,0.0,1.0,1,0,0,1,0,1.176,0.857,2.741,0.25,17,0.158,0.0,0.51,0.0,consolidation,0.83,further_layering,HIGH,1632580.0,fake_payment_gateway,1
TRAIN-0771,1311343.8399999999,8,294159.53,19246.95,163917.97999999998,121203.53358718997,0.6611570247933884,726.0,16.0,103.71428571428571,86.37459944087398,3,0.42857142857142855,9,8,8,1,0.8888888888888888,0.8888888888888888,8,1,0.1111111111111111,0.0,0.0,1,0.0,0.0,1.0,1,0,0,1,0,1.0,0.739,1.795,0.375,8,0.0,0.0,0.0,0.0,collection,0.72,further_layering,MEDIUM,1311344.0,fake_payment_gateway,1
TRAIN-0772,3609338.67,16,582802.41,90580.35,225583.666875,129961.37139655766,0.18257892734880182,5258.0,87.0,350.53333333333336,171.99371527831505,0,0.0,14,16,4,3,1.1428571428571428,1.1428571428571428,4,2,0.14285714285714285,0.23076923076923075,0.038919413919413906,4,0.3125,0.0,0.6875,2,0,0,1,0,1.333,0.576,2.584,0.25,12,0.267,1.0,0.516,1148.1,consolidation,0.86,external_transfer,HIGH,902335.0,fake_payment_gateway,1
TRAIN-0773,758202.98,5,280128.68,58390.87,151640.596,90583.81085357958,0.3188097768331562,941.0,147.0,235.25,62.88812818542675,0,0.0,6,5,5,1,0.8333333333333334,0.8333333333333334,5,1,0.16666666666666666,0.0,0.0,1,0.6,0.0,0.4,2,0,0,1,0,1.0,0.597,1.847,0.4,5,0.0,0.0,0.447,1148.1,collection,0.64,external_transfer,MEDIUM,758203.0,fake_payment_gateway,1
TRAIN-0774,1877478.2999999998,9,353959.27,10876.78,208608.69999999998,112279.14104490135,0.3341584158415842,1616.0,25.0,202.0,119.28237805428644,1,0.125,10,9,6,3,0.9,0.9,6,3,0.1,0.25,0.025,2,0.2222222222222222,0.0,0.7777777777777778,2,0,0,1,0,1.286,0.538,1.697,0.222,7,0.25,1.0,0.0,1148.1,distribution,0.77,external_transfer,MEDIUM,938739.0,fake_payment_gateway,1
TRAIN-0775,5111614.17,16,947621.76,20772.07,319475.885625,296575.84246549394,0.25757982291387177,3727.0,58.0,248.46666666666667,124.81922165771623,1,0.06666666666666667,17,16,10,3,0.9411764705882353,0.9411764705882353,10,4,0.058823529411764705,0.25,0.025490196078431372,3,0.3125,0.0,0.6875,2,0,0,1,0,1.231,0.928,2.966,0.125,15,0.067,1.0,0.516,1148.1,layering,0.83,further_layering,HIGH,1703871.0,fake_payment_gateway,1
TRAIN-0776,1107932.35,10,212892.56,13261.12,110793.23500000002,58680.26079588799,0.34582132564841495,1735.0,114.0,192.77777777777777,68.85088557487437,0,0.0,11,10,10,1,0.9090909090909091,0.9090909090909091,10,1,0.09090909090909091,0.0,0.0,1,0.0,0.0,1.0,1,0,0,1,0,1.0,0.53,1.922,0.2,10,0.0,0.0,0.516,0.0,collection,0.69,further_layering,MEDIUM,1107932.0,fake_payment_gateway,1
TRAIN-0777,1375309.21,9,285442.95,13038.56,152812.13444444444,95728.98448548814,0.4440789473684211,1216.0,5.0,152.0,100.20265180408865,2,0.25,10,9,9,1,0.9,0.9,9,1,0.1,0.0,0.0,1,0.0,0.2222222222222222,0.7777777777777778,2,0,0,1,0,1.0,0.626,1.868,0.333,9,0.0,0.0,0.0,1654.8,collection,0.71,further_layering,MEDIUM,1375309.0,fake_payment_gateway,1
TRAIN-0778,2848958.7,17,408739.49,34764.3,167585.80588235296,97518.40313573825,0.23314285714285712,4375.0,12.0,273.4375,215.14087439009197,3,0.1875,18,17,7,3,0.9444444444444444,0.9444444444444444,7,7,0.05555555555555555,0.25735294117647056,0.02573529411764706,3,0.0,0.0,1.0,1,0,0,1,0,1.545,0.582,2.439,0.118,14,0.188,0.471,0.514,0.0,layering,0.81,further_layering,HIGH,949653.0,fake_payment_gateway,1
TRAIN-0779,1001761.48,11,198130.38,11966.05,91069.22545454545,60368.302425531954,0.17708612825328682,3727.0,102.0,372.7,200.48000731577534,0,0.0,12,11,3,3,0.9166666666666666,0.9166666666666666,3,5,0.08333333333333333,0.21818181818181817,0.03333333333333333,3,0.0,0.0,1.0,1,0,0,1,0,1.571,0.663,2.176,0.273,8,0.3,0.0,0.522,0.0,layering,0.74,further_layering,MEDIUM,333920.0,fake_payment_gateway,1
TRAIN-0780,1418599.7699999998,10,274089.84,75019.4,141859.97699999998,63885.35173495565,0.2881844380403458,2082.0,73.0,231.33333333333334,166.97604618627187,0,0.0,11,10,3,3,0.9090909090909091,0.9090909090909091,3,5,0.09090909090909091,0.23333333333333334,0.04141414141414141,3,0.0,0.0,1.0,1,0,0,1,0,1.667,0.45,1.932,0.2,6,0.444,1.0,0.0,0.0,layering,0.74,further_layering,MEDIUM,472867.0,fake_payment_gateway,1
TRAIN-0781,4226111.61,24,384442.3,24303.8,176087.98375,109874.29069607842,0.2155688622754491,6680.0,1.0,290.4347826086956,162.07625200025635,2,0.08695652173913043,25,24,8,5,0.96,0.96,8,11,0.04,0.2318840579710145,0.01644927536231884,3,0.3333333333333333,0.0,0.6666666666666666,2,0,0,1,0,1.714,0.624,2.183,0.125,17,0.304,0.0,0.654,1148.1,layering,0.81,further_layering,HIGH,1408704.0,fake_payment_gateway,1
TRAIN-0782,2377502.3100000005,15,334260.07,18006.96,158500.15400000004,86117.22606714357,0.29450261780104714,3056.0,3.0,218.28571428571428,130.69484632969605,2,0.14285714285714285,16,15,10,5,0.9375,0.9375,10,5,0.0625,0.2380952380952381,0.014880952380952382,2,0.4666666666666667,0.0,0.5333333333333333,2,0,0,1,0,1.364,0.543,2.109,0.267,11,0.286,1.0,0.258,1148.1,distribution,0.77,further_layering,MEDIUM,1188751.0,fake_payment_gateway,1
TRAIN-0783,2340407.12,11,406165.64,20521.93,212764.28363636366,112999.48738150136,0.39806996381182147,1658.0,11.0,165.8,79.31624465811947,1,0.1,12,11,7,4,0.9166666666666666,0.9166666666666666,7,4,0.08333333333333333,0.2545454545454545,0.02121212121212121,2,0.0,0.0,1.0,1,0,0,1,0,1.375,0.531,1.909,0.091,9,0.2,1.0,0.0,0.0,distribution,0.8,further_layering,HIGH,1170204.0,fake_payment_gateway,1
TRAIN-0784,686010.09,5,179689.97,77808.94,137202.01799999998,51005.52034190878,0.4418262150220913,679.0,158.0,169.75,14.291605927956452,0,0.0,6,5,3,2,0.8333333333333334,0.8333333333333334,3,2,0.16666666666666666,0.30000000000000004,0.05000000000000001,2,0.0,0.0,1.0,1,0,0,1,0,1.25,0.372,1.31,0.4,4,0.25,0.0,0.0,0.0,distribution,0.64,external_transfer,MEDIUM,343005.0,fake_payment_gateway,1
TRAIN-0785,1376072.09,8,257840.31,43191.71,172009.01125,85558.93379566348,0.4074702886247878,1178.0,80.0,168.28571428571428,96.16776016544263,0,0.0,9,8,8,1,0.8888888888888888,0.8888888888888888,8,1,0.1111111111111111,0.0,0.0,1,0.0,0.625,0.375,2,0,0,1,0,1.0,0.497,1.499,0.25,8,0.0,1.0,0.0,1654.8,collection,0.69,external_transfer,MEDIUM,1376072.0,fake_payment_gateway,1
TRAIN-0786,2892997.8699999996,20,234018.13,10943.36,144649.89349999998,71227.59423025115,0.2026000337666723,5923.0,107.0,311.7368421052632,149.0558590690316,0,0.0,18,20,8,4,1.1111111111111112,1.1111111111111112,8,1,0.1111111111111111,0.2647058823529412,0.02655228758169935,4,0.0,0.0,1.0,1,0,0,1,0,1.176,0.492,1.618,0.3,18,0.105,0.0,0.503,0.0,consolidation,0.87,further_layering,HIGH,723249.0,fake_payment_gateway,1
TRAIN-0787,5503661.489999999,23,498365.08,39121.47,239289.62999999998,118456.54752029704,0.2033898305084746,6785.0,90.0,308.40909090909093,147.29066148618847,0,0.0,24,23,10,5,0.9583333333333334,0.9583333333333334,10,8,0.041666666666666664,0.2569169960474308,0.01795125164690382,3,0.0,0.0,1.0,1,0,0,1,0,1.438,0.495,2.083,0.217,18,0.227,0.0,6.494,0.0,layering,0.78,further_layering,MEDIUM,1834554.0,fake_payment_gateway,1
TRAIN-0788,2684594.99,11,903351.99,15279.67,244054.09000000003,246882.421183761,0.5140186915887851,1284.0,2.0,128.4,77.4642569906348,2,0.2,12,11,9,2,0.9166666666666666,0.9166666666666666,9,2,0.08333333333333333,0.16363636363636364,0.013636363636363636,2,0.5454545454545454,0.0,0.45454545454545453,2,0,0,1,0,1.1,1.012,3.701,0.273,10,0.1,1.0,0.0,1148.1,distribution,0.78,further_layering,MEDIUM,1342297.0,fake_payment_gateway,1
TRAIN-0789,2470759.92,11,569363.33,13802.34,224614.53818181818,158217.88171128082,0.4308093994778068,1532.0,75.0,153.2,87.63662349598927,0,0.0,12,11,8,3,0.9166666666666666,0.9166666666666666,8,3,0.08333333333333333,0.21818181818181817,0.01818181818181818,2,0.0,0.0,1.0,1,0,0,1,0,1.222,0.704,2.535,0.273,9,0.2,1.0,0.0,0.0,distribution,0.74,further_layering,MEDIUM,1235380.0,fake_payment_gateway,1
TRAIN-0790,4723430.71,29,420908.16,35060.82,162876.92103448274,88664.74458354972,0.23224773091297385,7492.0,9.0,267.57142857142856,164.3572055167981,3,0.10714285714285714,24,29,9,4,1.2083333333333333,1.2083333333333333,9,2,0.08333333333333333,0.2490118577075099,0.02075098814229249,4,0.0,0.0,1.0,1,0,0,1,0,1.318,0.544,2.584,0.207,22,0.25,0.0,0.728,0.0,consolidation,0.87,further_layering,HIGH,1180858.0,fake_payment_gateway,1
TRAIN-0791,1542246.85,9,278829.12,11382.27,171360.76111111112,78953.10224509856,0.5046728971962617,1070.0,0.0,133.75,80.7124525708394,1,0.125,10,9,9,1,0.9,0.9,9,1,0.1,0.0,0.0,1,0.3333333333333333,0.0,0.6666666666666666,2,0,0,1,0,1.0,0.461,1.627,0.222,9,0.0,1.0,0.0,1148.1,collection,0.72,further_layering,MEDIUM,1542247.0,fake_payment_gateway,1
TRAIN-0792,4557124.38,18,607279.25,65097.07,253173.57666666666,144130.64889843695,0.27081243731193577,3988.0,18.0,234.58823529411765,188.54543843047801,3,0.17647058823529413,19,18,8,3,0.9473684210526315,0.9473684210526315,8,7,0.05263157894736842,0.26143790849673204,0.02459580323357413,3,0.2222222222222222,0.0,0.7777777777777778,2,0,0,1,0,1.5,0.569,2.399,0.167,13,0.294,1.0,0.502,1148.1,layering,0.81,further_layering,HIGH,1519041.0,fake_payment_gateway,1
TRAIN-0793,837488.27,8,277406.41,11365.17,104686.03375,90792.16846014024,0.3761755485893417,1276.0,122.0,182.28571428571428,37.79644730092272,0,0.0,9,8,5,3,0.8888888888888888,0.8888888888888888,5,3,0.1111111111111111,0.26785714285714285,0.02976190476190476,2,0.0,0.0,1.0,1,0,0,1,0,1.333,0.867,2.65,0.25,7,0.143,1.0,0.0,0.0,distribution,0.73,further_layering,MEDIUM,418744.0,fake_payment_gateway,1
TRAIN-0794,2977954.62,14,512444.28,14044.77,212711.0442857143,174024.70039248525,0.3892493049119555,2158.0,30.0,166.0,115.72092867469279,3,0.23076923076923078,15,14,9,2,0.9333333333333333,0.9333333333333333,9,3,0.06666666666666667,0.24725274725274726,0.027472527472527476,3,0.2857142857142857,0.0,0.7142857142857143,2,0,0,1,0,1.167,0.818,2.409,0.143,13,0.077,1.0,0.426,1148.1,layering,0.84,external_transfer,HIGH,992652.0,fake_payment_gateway,1
TRAIN-0795,141473.66999999998,2,103033.51,38440.16,70736.83499999999,45674.39580455607,0.3738317757009346,321.0,321.0,321.0,0.0,0,0.0,3,2,2,1,0.6666666666666666,0.6666666666666666,2,1,0.0,0.0,0.0,1,0.0,0.0,1.0,1,0,0,1,0,1.0,0.646,1.457,0.5,2,0.0,0.0,0.0,0.0,emerging,0.31,other,LOW,1548387.0,fake_payment_gateway,1
TRAIN-0796,2280774.5700000003,12,320524.56,16063.72,190064.54750000002,102295.60768535222,0.27777777777777773,2592.0,8.0,235.63636363636363,214.63423432773845,2,0.18181818181818182,12,12,4,2,1.0,1.0,4,2,0.08333333333333333,0.2545454545454545,0.04924242424242423,4,0.0,0.25,0.75,2,0,0,1,0,1.2,0.538,1.686,0.25,11,0.091,1.0,0.522,1654.8,consolidation,0.87,external_transfer,HIGH,570194.0,fake_payment_gateway,1
TRAIN-0797,3949257.0399999996,34,291875.56,12206.6,116154.6188235294,81227.51975251506,0.24451636102121538,8343.0,26.0,252.8181818181818,166.85462507551568,1,0.030303030303030304,27,34,9,5,1.2592592592592593,1.2592592592592593,9,2,0.07407407407407407,0.2353846153846154,0.017037037037037035,4,0.23529411764705882,0.0,0.7647058823529411,2,0,0,1,0,1.36,0.699,2.513,0.176,26,0.242,0.0,0.819,1148.1,consolidation,0.87,further_layering,HIGH,987314.0,fake_payment_gateway,1
TRAIN-0798,3814402.45,14,818014.53,35499.57,272457.3178571429,215903.06234046264,0.2607885749767153,3221.0,57.0,247.76923076923077,94.7568413063615,1,0.07692307692307693,15,14,9,2,0.9333333333333333,0.9333333333333333,9,3,0.06666666666666667,0.24725274725274726,0.027472527472527476,3,0.0,0.0,1.0,1,0,0,1,0,1.167,0.792,3.002,0.143,13,0.077,1.0,0.363,0.0,layering,0.8,further_layering,HIGH,1271467.0,fake_payment_gateway,1
TRAIN-0799,4035569.5800000005,15,607711.41,28223.77,269037.972,144700.95116022427,0.3070624360286591,2931.0,1.0,209.35714285714286,157.1973806509399,2,0.14285714285714285,16,15,7,3,0.9375,0.9375,7,5,0.0625,0.2666666666666667,0.028571428571428577,3,0.0,0.0,1.0,1,0,0,1,0,1.364,0.538,2.259,0.2,13,0.143,0.733,0.458,0.0,layering,0.81,further_layering,HIGH,1345190.0,fake_payment_gateway,1
TRAIN-0800,4123045.53,22,316135.3,57440.55,187411.16045454543,83084.72005522529,0.1741424802110818,7580.0,69.0,360.95238095238096,163.8454992334169,0,0.0,18,22,6,4,1.2222222222222223,1.2222222222222223,6,1,0.1111111111111111,0.2426470588235294,0.02573529411764706,4,0.0,0.36363636363636365,0.6363636363636364,2,0,0,1,0,1.294,0.443,1.687,0.182,17,0.238,0.0,10.266,1654.8,consolidation,0.88,further_layering,HIGH,1030761.0,fake_payment_gateway,1
TRAIN-0801,2141475.73,9,379886.6,77698.15,237941.74777777778,97931.4849562449,0.2554399243140965,2114.0,27.0,264.25,174.0268862643274,2,0.25,10,9,4,2,0.9,0.9,4,3,0.1,0.2777777777777778,0.04861111111111112,3,0.0,0.4444444444444444,0.5555555555555556,2,0,0,1,0,1.286,0.412,1.597,0.222,8,0.125,1.0,0.0,1654.8,layering,0.82,external_transfer,HIGH,713825.0,fake_payment_gateway,1
TRAIN-0802,284946.51,3,160463.7,33856.47,94982.17,63415.90978066861,0.5660377358490566,318.0,148.0,159.0,15.556349186104045,0,0.0,4,3,3,1,0.75,0.75,3,1,0.25,0.0,0.0,1,0.0,0.0,1.0,1,0,0,1,0,1.0,0.668,1.689,0.333,3,0.0,0.0,0.0,0.0,collection,0.62,other,MEDIUM,284947.0,fake_payment_gateway,1
TRAIN-0803,4178008.7599999993,22,544322.19,69831.2,189909.48909090905,109421.6260861139,0.2688938684049705,4909.0,14.0,233.76190476190476,145.65057664214885,4,0.19047619047619047,23,22,9,4,0.9565217391304348,0.9565217391304348,9,9,0.043478260869565216,0.2532467532467532,0.01948051948051948,3,0.0,0.2727272727272727,0.7272727272727273,2,0,0,1,0,1.571,0.576,2.866,0.182,18,0.19,0.0,0.51,1654.8,layering,0.83,further_layering,HIGH,1392670.0,fake_payment_gateway,1
TRAIN-0804,3132874.15,21,325815.89,25986.3,149184.48333333334,83327.30699078793,0.21803080117667417,5779.0,29.0,288.95,197.46511350775756,2,0.1,22,21,8,4,0.9545454545454546,0.9545454545454546,8,9,0.045454545454545456,0.24761904761904763,0.020021645021645024,3,0.0,0.19047619047619047,0.8095238095238095,2,0,0,1,0,1.615,0.559,2.184,0.095,16,0.25,0.0,0.598,1654.8,layering,0.83,further_layering,HIGH,1044291.0,fake_payment_gateway,1
TRAIN-0805,2532830.9000000004,11,381173.63,22138.36,230257.35454545458,92897.39890565003,0.3407330924109448,1937.0,2.0,193.7,147.73027223062078,1,0.1,12,11,7,4,0.9166666666666666,0.9166666666666666,7,4,0.08333333333333333,0.2545454545454545,0.02121212121212121,2,0.0,0.0,1.0,1,0,0,1,0,1.375,0.403,1.655,0.273,8,0.3,0.0,0.0,0.0,distribution,0.76,further_layering,MEDIUM,1266415.0,fake_payment_gateway,1
TRAIN-0806,3527376.04,19,440234.74,21231.79,185651.3705263158,90091.06104291086,0.33207107486163706,3433.0,31.0,190.72222222222223,153.10119896389776,2,0.1111111111111111,20,19,8,4,0.95,0.95,8,7,0.05,0.2573099415204678,0.02207602339181286,3,0.47368421052631576,0.0,0.5263157894736842,2,0,0,1,0,1.462,0.485,2.371,0.211,15,0.222,1.0,0.229,1148.1,layering,0.82,further_layering,HIGH,1175792.0,fake_payment_gateway,1
TRAIN-0807,4215613.99,30,385682.84,47234.44,140520.46633333334,79495.73542480661,0.20939972080037225,8596.0,9.0,296.41379310344826,174.0378688761606,2,0.06896551724137931,23,30,6,4,1.3043478260869565,1.3043478260869565,6,2,0.13043478260869565,0.2077922077922078,0.01882175795219274,4,0.0,0.23333333333333334,0.7666666666666667,2,0,0,1,0,1.429,0.566,2.745,0.2,23,0.241,0.0,11.533,1654.8,consolidation,0.9,further_layering,HIGH,1053904.0,fake_payment_gateway,1
TRAIN-0808,3109819.9299999997,17,423709.16,13144.68,182930.58411764703,88738.38381482939,0.3111653447223917,3278.0,20.0,204.875,135.41239480441465,2,0.125,15,17,6,3,1.1333333333333333,1.1333333333333333,6,1,0.13333333333333333,0.26373626373626374,0.03406593406593406,4,0.0,0.4117647058823529,0.5882352941176471,2,0,0,1,0,1.214,0.485,2.316,0.294,14,0.188,0.0,0.393,1654.8,consolidation,0.89,external_transfer,HIGH,777455.0,fake_payment_gateway,1
TRAIN-0809,3531262.72,15,371682.95,31894.99,235417.51466666668,116166.9389044217,0.2613240418118467,3444.0,7.0,246.0,175.05998971781074,4,0.2857142857142857,16,15,10,5,0.9375,0.9375,10,5,0.0625,0.2380952380952381,0.014880952380952382,2,0.7333333333333333,0.0,0.26666666666666666,2,0,0,1,0,1.364,0.493,1.579,0.2,12,0.214,1.0,0.0,1148.1,distribution,0.8,further_layering,HIGH,1765631.0,fake_payment_gateway,1
TRAIN-0810,1084723.96,6,271255.52,78150.66,180787.32666666666,80931.22328084326,0.4104903078677309,877.0,107.0,175.4,43.8953300477397,0,0.0,7,6,6,1,0.8571428571428571,0.8571428571428571,6,1,0.14285714285714285,0.0,0.0,1,0.5,0.0,0.5,2,0,0,1,0,1.0,0.448,1.5,0.333,6,0.0,1.0,0.0,1148.1,collection,0.67,external_transfer,MEDIUM,1084724.0,fake_payment_gateway,1
TRAIN-0811,6971377.850000001,32,1394275.57,43495.04,217855.55781250002,234511.88058302493,0.2681938818270708,7159.0,5.0,230.93548387096774,167.35350518864172,2,0.06451612903225806,25,32,9,5,1.28,1.28,8,1,0.08,0.2318840579710145,0.020144927536231885,5,0.0,0.28125,0.71875,2,0,0,1,0,1.333,1.076,6.4,0.219,26,0.194,0.156,0.677,1654.8,cashout_prep,0.88,further_layering,HIGH,1394276.0,fake_payment_gateway,1
TRAIN-0812,4940739.720000001,21,513502.55,28800.11,235273.32000000004,128656.41825450641,0.2754700480979449,4574.0,74.0,228.7,112.47647707292775,0,0.0,20,21,8,3,1.05,1.05,8,3,0.05,0.2573099415204678,0.02792397660818713,4,0.2857142857142857,0.0,0.7142857142857143,2,0,0,1,0,1.235,0.547,2.183,0.143,18,0.15,0.0,0.498,1148.1,consolidation,0.86,further_layering,HIGH,1235185.0,fake_payment_gateway,1
TRAIN-0813,2097896.37,10,299225.16,40023.75,209789.63700000002,71576.51819156243,0.47846889952153115,1254.0,49.0,139.33333333333334,79.45910898065746,1,0.1111111111111111,11,10,10,1,0.9090909090909091,0.9090909090909091,10,1,0.09090909090909091,0.0,0.0,1,0.0,0.4,0.6,2,0,0,1,0,1.0,0.341,1.426,0.4,10,0.0,1.0,0.516,1654.8,collection,0.69,further_layering,MEDIUM,2097896.0,fake_payment_gateway,1
TRAIN-0814,5185896.21,28,382073.5,19752.67,185210.57892857143,95503.88946793386,0.26760114686205794,6278.0,0.0,232.5185185185185,157.98597074286994,1,0.037037037037037035,23,28,10,4,1.2173913043478262,1.2173913043478262,10,1,0.08695652173913043,0.2597402597402597,0.020986260116694896,4,0.0,0.0,1.0,1,0,0,1,0,1.273,0.516,2.063,0.179,23,0.185,1.0,0.509,0.0,consolidation,0.87,further_layering,HIGH,1296474.0,fake_payment_gateway,1
TRAIN-0815,1576888.32,24,236411.09,20481.9,65703.68000000001,51634.48523053569,0.21911138161898966,6572.0,108.0,285.7391304347826,126.79411277962838,0,0.0,18,24,5,3,1.3333333333333333,1.3333333333333333,3,2,0.16666666666666666,0.1544117647058824,0.02042483660130719,4,0.0,0.0,1.0,1,0,0,1,0,1.5,0.786,3.598,0.167,17,0.304,0.0,0.69,0.0,consolidation,0.87,further_layering,HIGH,394222.0,fake_payment_gateway,1
TRAIN-0816,2586255.96,14,365920.08,10177.77,184732.56857142856,126714.22539909679,0.33694344163658246,2493.0,35.0,191.76923076923077,89.435408578998,2,0.15384615384615385,15,14,10,4,0.9333333333333333,0.9333333333333333,10,4,0.06666666666666667,0.2197802197802198,0.014652014652014654,2,0.0,0.0,1.0,1,0,0,1,0,1.273,0.686,1.981,0.214,14,0.0,0.0,0.267,0.0,distribution,0.8,further_layering,HIGH,1293128.0,fake_payment_gateway,1
TRAIN-0817,3645023.3400000003,17,598635.66,15120.98,214413.13764705884,176935.1231792795,0.26842105263157895,3800.0,20.0,237.5,141.1755408466117,1,0.0625,18,17,10,3,0.9444444444444444,0.9444444444444444,10,4,0.05555555555555555,0.25735294117647056,0.023284313725490197,3,0.0,0.0,1.0,1,0,0,1,0,1.214,0.825,2.792,0.118,15,0.125,0.0,0.514,0.0,layering,0.81,further_layering,HIGH,1215008.0,fake_payment_gateway,1
TRAIN-0818,2852935.01,13,352568.32,15172.98,219456.5392307692,101627.61336451324,0.46567164179104475,1675.0,111.0,139.58333333333334,28.990463426736895,0,0.0,14,13,8,5,0.9285714285714286,0.9285714285714286,8,5,0.07142857142857142,0.2564102564102564,0.018315018315018312,2,0.0,0.0,1.0,1,0,0,1,0,1.444,0.463,1.607,0.154,9,0.333,0.0,0.0,0.0,distribution,0.76,further_layering,MEDIUM,1426468.0,fake_payment_gateway,1
TRAIN-0819,1266849.2400000002,9,299242.3,29527.35,140761.0266666667,113832.59980460024,0.42687747035573126,1265.0,2.0,158.125,91.65219582748686,1,0.125,10,9,9,1,0.9,0.9,9,1,0.1,0.0,0.0,1,0.2222222222222222,0.0,0.7777777777777778,2,0,0,1,0,1.0,0.809,2.126,0.222,9,0.0,1.0,0.0,1148.1,collection,0.71,further_layering,MEDIUM,1266849.0,fake_payment_gateway,1
TRAIN-0820,2053209.7999999998,9,622431.96,53694.4,228134.4222222222,185447.8520708581,0.44189852700490995,1222.0,44.0,152.75,95.0950652167158,2,0.25,10,9,7,2,0.9,0.9,7,2,0.1,0.19444444444444442,0.01944444444444444,2,0.0,0.0,1.0,1,0,0,1,0,1.125,0.813,2.728,0.111,9,0.0,1.0,0.0,0.0,distribution,0.8,further_layering,HIGH,1026605.0,fake_payment_gateway,1
TRAIN-0821,4817849.359999999,24,473336.7,39701.23,200743.7233333333,120610.81189884845,0.22239382239382238,6475.0,66.0,281.5217391304348,142.18549650024002,0,0.0,22,24,9,3,1.0909090909090908,1.0909090909090908,9,3,0.09090909090909091,0.2571428571428572,0.025216450216450217,4,0.0,0.125,0.875,2,0,0,1,0,1.263,0.601,2.358,0.167,19,0.217,1.0,0.741,1654.8,consolidation,0.86,external_transfer,HIGH,1204462.0,fake_payment_gateway,1
TRAIN-0822,59575.880000000005,2,40532.75,19043.13,29787.940000000002,15195.456027122054,0.33707865168539325,356.0,356.0,356.0,0.0,0,0.0,3,2,2,1,0.6666666666666666,0.6666666666666666,2,1,0.0,0.0,0.0,1,1.0,0.0,0.0,1,0,0,1,0,1.0,0.51,1.361,0.5,2,0.0,1.0,0.0,0.0,emerging,0.3,other,LOW,679461.0,fake_payment_gateway,1
TRAIN-0823,1197809.56,8,209234.77,84450.01,149726.195,44969.55158575094,0.23727137913989124,2023.0,67.0,289.0,147.73737960764475,0,0.0,9,8,4,4,0.8888888888888888,0.8888888888888888,4,4,0.1111111111111111,0.2857142857142857,0.031746031746031744,2,0.0,0.0,1.0,1,0,0,1,0,1.6,0.3,1.397,0.25,6,0.286,0.125,0.354,0.0,distribution,0.73,further_layering,MEDIUM,598905.0,fake_payment_gateway,1
TRAIN-0824,3878559.41,15,530030.04,35291.48,258570.62733333334,135344.07910167228,0.30191211003019125,2981.0,60.0,212.92857142857142,92.81450838652849,1,0.07142857142857142,16,15,10,5,0.9375,0.9375,10,5,0.0625,0.2380952380952381,0.014880952380952382,2,0.5333333333333333,0.0,0.4666666666666667,2,0,0,1,0,1.364,0.523,2.05,0.2,13,0.143,1.0,0.352,1148.1,distribution,0.79,further_layering,MEDIUM,1939280.0,fake_payment_gateway,1
TRAIN-0825,1381523.58,9,286805.49,30036.39,153502.62,82265.85905574939,0.2412868632707775,2238.0,30.0,279.75,162.00683407101778,1,0.125,10,9,5,4,0.9,0.9,5,4,0.1,0.2777777777777778,0.02777777777777778,2,0.0,0.3333333333333333,0.6666666666666666,2,0,0,1,0,1.5,0.536,1.868,0.222,7,0.25,0.0,0.527,1654.8,distribution,0.78,further_layering,MEDIUM,690762.0,fake_payment_gateway,1
TRAIN-0826,1364906.84,16,192652.1,32832.18,85306.6775,47646.93180132735,0.17624380392876812,5447.0,92.0,363.1333333333333,146.19207847733682,0,0.0,14,16,4,3,1.1428571428571428,1.1428571428571428,3,2,0.14285714285714285,0.1923076923076923,0.032051282051282055,4,0.0,0.0,1.0,1,0,0,1,0,1.333,0.559,2.258,0.25,13,0.2,0.188,0.632,0.0,consolidation,0.86,further_layering,HIGH,341227.0,fake_payment_gateway,1
TRAIN-0827,1063456.2,5,278427.61,95202.69,212691.24,71800.06645381394,0.3708281829419036,809.0,42.0,202.25,111.14067662201809,1,0.25,6,5,3,2,0.8333333333333334,0.8333333333333334,3,2,0.16666666666666666,0.30000000000000004,0.05000000000000001,2,0.0,0.6,0.4,2,0,0,1,0,1.25,0.338,1.309,0.2,4,0.25,1.0,0.0,1654.8,distribution,0.74,external_transfer,MEDIUM,531728.0,fake_payment_gateway,1
TRAIN-0828,2511768.4600000004,12,366583.32,43244.57,209314.03833333336,108098.1931169288,0.24564994882292732,2931.0,51.0,266.45454545454544,140.04739457509635,2,0.18181818181818182,13,12,8,4,0.9230769230769231,0.9230769230769231,8,4,0.07692307692307693,0.24242424242424243,0.018648018648018648,2,0.75,0.0,0.25,2,0,0,1,0,1.333,0.516,1.751,0.167,10,0.182,0.0,0.0,1148.1,distribution,0.81,further_layering,HIGH,1255884.0,fake_payment_gateway,1
TRAIN-0829,2050451.52,19,257091.74,12919.79,107918.50105263157,80693.98177738802,0.20783956244302643,5485.0,45.0,304.72222222222223,190.5996128492937,3,0.16666666666666666,20,19,6,4,0.95,0.95,6,9,0.05,0.22807017543859648,0.0206140350877193,3,0.3157894736842105,0.0,0.6842105263157895,2,0,0,1,0,1.727,0.748,2.382,0.105,16,0.167,0.0,0.513,1148.1,layering,0.84,further_layering,HIGH,683484.0,fake_payment_gateway,1
TRAIN-0830,1502085.55,8,335476.51,48244.74,187760.69375,95897.35603664204,0.44362292051756,1082.0,76.0,154.57142857142858,79.86625725310438,0,0.0,9,8,5,3,0.8888888888888888,0.8888888888888888,5,3,0.1111111111111111,0.26785714285714285,0.02976190476190476,2,0.0,0.5,0.5,2,0,0,1,0,1.333,0.511,1.787,0.25,6,0.286,0.125,0.354,1654.8,distribution,0.74,external_transfer,MEDIUM,751043.0,fake_payment_gateway,1
TRAIN-0831,793760.0199999999,4,285891.19,69391.48,198440.00499999998,94488.99825449822,0.6045340050377834,397.0,41.0,132.33333333333334,82.09953308840028,1,0.3333333333333333,5,4,4,1,0.8,0.8,4,1,0.2,0.0,0.0,1,0.5,0.0,0.5,2,0,0,1,0,1.0,0.476,1.441,0.25,4,0.0,0.0,0.5,1148.1,collection,0.73,cashout,MEDIUM,793760.0,fake_payment_gateway,1
TRAIN-0832,2251948.48,11,328872.9,23165.2,204722.58909090908,100309.40301417925,0.26326286398085363,2507.0,84.0,250.7,87.82058731046813,0,0.0,12,11,7,4,0.9166666666666666,0.9166666666666666,7,4,0.08333333333333333,0.2545454545454545,0.02121212121212121,2,0.0,0.2727272727272727,0.7272727272727273,2,0,0,1,0,1.375,0.49,1.606,0.182,9,0.2,1.0,0.0,1654.8,distribution,0.78,further_layering,MEDIUM,1125974.0,fake_payment_gateway,1
TRAIN-0833,1015651.3600000001,8,253740.6,20809.49,126956.42000000001,84696.96030774355,0.427426536064114,1123.0,61.0,160.42857142857142,93.55543302031714,0,0.0,9,8,8,1,0.8888888888888888,0.8888888888888888,8,1,0.1111111111111111,0.0,0.0,1,0.0,0.0,1.0,1,0,0,1,0,1.0,0.667,1.999,0.375,8,0.0,0.0,0.0,0.0,collection,0.65,further_layering,MEDIUM,1015651.0,fake_payment_gateway,1
TRAIN-0834,1177272.3,9,268076.17,42445.55,130808.03333333334,70008.59156803953,0.49723756906077343,1086.0,0.0,135.75,89.2888570875448,1,0.125,10,9,9,1,0.9,0.9,9,1,0.1,0.0,0.0,1,0.2222222222222222,0.0,0.7777777777777778,2,0,0,1,0,1.0,0.535,2.049,0.333,9,0.0,0.0,0.5,1148.1,collection,0.7,further_layering,MEDIUM,1177272.0,fake_payment_gateway,1
TRAIN-0835,1656648.63,9,296802.4,135745.63,184072.06999999998,47849.66190306496,0.5642633228840126,957.0,19.0,119.625,85.19043792753806,2,0.25,10,9,4,5,0.9,0.9,4,5,0.1,0.2777777777777778,0.02777777777777778,2,0.0,0.0,1.0,1,0,0,1,0,1.8,0.26,1.612,0.444,7,0.25,1.0,0.333,0.0,distribution,0.75,further_layering,MEDIUM,828324.0,fake_payment_gateway,1
TRAIN-0836,1843216.6500000001,15,257739.98,14272.56,122881.11000000002,80479.06102066123,0.20116227089852481,4474.0,75.0,319.57142857142856,205.27869022219687,0,0.0,16,15,10,5,0.9375,0.9375,10,5,0.0625,0.2380952380952381,0.014880952380952382,2,0.5333333333333333,0.0,0.4666666666666667,2,0,0,1,0,1.364,0.655,2.097,0.133,12,0.214,1.0,0.617,1148.1,distribution,0.78,further_layering,MEDIUM,921608.0,fake_payment_gateway,1
TRAIN-0837,4956556.05,32,359905.57,46453.7,154892.3765625,92310.37787125225,0.22564343636149958,8509.0,28.0,274.48387096774195,166.0353116995984,1,0.03225806451612903,23,32,11,4,1.391304347826087,1.391304347826087,6,1,0.08695652173913043,0.2077922077922078,0.017974778844344067,4,0.0,0.0,1.0,1,0,0,1,0,1.455,0.596,2.324,0.188,25,0.226,0.688,0.822,0.0,consolidation,0.86,further_layering,HIGH,1239139.0,fake_payment_gateway,1
TRAIN-0838,2522866.21,12,524667.71,21370.24,210238.85083333333,151910.28037574203,0.26755852842809363,2691.0,89.0,244.63636363636363,175.34267747885724,0,0.0,13,12,9,3,0.9230769230769231,0.9230769230769231,9,3,0.07692307692307693,0.20454545454545456,0.015734265734265736,2,0.5,0.0,0.5,2,0,0,1,0,1.2,0.723,2.496,0.167,11,0.091,0.0,0.289,1148.1,distribution,0.78,further_layering,MEDIUM,1261433.0,fake_payment_gateway,1
TRAIN-0839,1045874.25,12,218873.38,23887.93,87156.1875,55016.78095252561,0.1750121536217793,4114.0,66.0,374.0,217.058517455547,0,0.0,13,12,3,3,0.9230769230769231,0.9230769230769231,3,6,0.07692307692307693,0.20454545454545456,0.02972027972027972,3,0.25,0.0,0.75,2,0,0,1,0,1.714,0.631,2.511,0.333,8,0.364,1.0,0.515,1148.1,layering,0.74,further_layering,MEDIUM,348625.0,fake_payment_gateway,1
TRAIN-0840,3444491.56,21,300407.82,32156.97,164023.40761904762,84955.73349997844,0.19438444924406048,6482.0,22.0,324.1,119.19462192035698,1,0.05,22,21,7,5,0.9545454545454546,0.9545454545454546,7,9,0.045454545454545456,0.23333333333333336,0.0183982683982684,3,0.0,0.3333333333333333,0.6666666666666666,2,0,0,1,0,1.615,0.518,1.831,0.143,18,0.15,1.0,0.512,1654.8,layering,0.82,further_layering,HIGH,1148164.0,fake_payment_gateway,1
TRAIN-0841,118091.47,2,59318.55,58772.92,59045.735,385.8186730188192,0.23121387283236994,519.0,519.0,519.0,0.0,0,0.0,3,2,2,1,0.6666666666666666,0.6666666666666666,2,1,0.0,0.0,0.0,1,0.5,0.0,0.5,2,0,0,1,0,1.0,0.007,1.005,0.5,2,0.0,0.0,0.0,1148.1,emerging,0.31,other,LOW,1059400.0,fake_payment_gateway,1
TRAIN-0842,1848109.05,12,339596.22,54979.29,154009.0875,79546.62330550258,0.2851485148514851,2525.0,31.0,229.54545454545453,122.69503953816849,1,0.09090909090909091,13,12,4,3,0.9230769230769231,0.9230769230769231,4,6,0.07692307692307693,0.24242424242424243,0.036130536130536135,3,0.0,0.0,1.0,1,0,0,1,0,1.714,0.517,2.205,0.25,8,0.364,0.0,0.522,0.0,layering,0.77,further_layering,MEDIUM,616036.0,fake_payment_gateway,1
TRAIN-0843,1388776.02,8,290344.53,60189.37,173597.0025,87488.73684953408,0.411663807890223,1166.0,81.0,166.57142857142858,77.88208425317757,0,0.0,9,8,8,1,0.8888888888888888,0.8888888888888888,8,1,0.1111111111111111,0.0,0.0,1,0.0,0.0,1.0,1,0,0,1,0,1.0,0.504,1.673,0.25,8,0.0,1.0,0.0,0.0,collection,0.67,further_layering,MEDIUM,1388776.0,fake_payment_gateway,1
TRAIN-0844,6665770.750000001,21,1055826.12,26844.59,317417.6547619048,240988.80573436632,0.3264248704663213,3860.0,3.0,193.0,136.37448441699055,4,0.2,20,21,9,2,1.05,1.05,9,2,0.1,0.2631578947368421,0.035526315789473684,5,0.0,0.0,1.0,1,0,0,1,0,1.167,0.759,3.326,0.238,19,0.1,1.0,0.463,0.0,cashout_prep,0.86,further_layering,HIGH,1333154.0,fake_payment_gateway,1
TRAIN-0845,1438697.71,9,261172.64,71163.88,159855.3011111111,76360.35581020388,0.8083832335329342,668.0,10.0,83.5,83.92854103342914,5,0.625,10,9,9,1,0.9,0.9,9,1,0.1,0.0,0.0,1,0.5555555555555556,0.0,0.4444444444444444,2,0,0,1,0,1.0,0.478,1.634,0.222,9,0.0,0.0,0.0,1148.1,collection,0.79,further_layering,MEDIUM,1438698.0,fake_payment_gateway,1
TRAIN-0846,2587444.96,14,405115.83,55092.78,184817.49714285714,87249.98249447288,0.2168861347792409,3873.0,11.0,297.9230769230769,226.15203644836714,2,0.15384615384615385,15,14,9,5,0.9333333333333333,0.9333333333333333,9,5,0.06666666666666667,0.24725274725274726,0.016483516483516484,2,0.0,0.5,0.5,2,0,0,1,0,1.4,0.472,2.192,0.143,11,0.231,1.0,0.363,1654.8,distribution,0.79,further_layering,MEDIUM,1293722.0,fake_payment_gateway,1
TRAIN-0847,720153.74,4,265322.04,73536.9,180038.435,80233.71852139743,0.49484536082474223,485.0,58.0,161.66666666666666,117.95055461223288,1,0.3333333333333333,5,4,4,1,0.8,0.8,4,1,0.2,0.0,0.0,1,0.0,0.0,1.0,1,0,0,1,0,1.0,0.446,1.474,0.25,4,0.0,1.0,0.0,0.0,collection,0.7,cashout,MEDIUM,720154.0,fake_payment_gateway,1
TRAIN-0848,2935490.9499999997,29,587098.19,17953.86,101223.82586206896,109953.75820106827,0.26585179526355995,6545.0,40.0,233.75,156.44822241334765,2,0.07142857142857142,21,29,10,4,1.380952380952381,1.380952380952381,4,1,0.09523809523809523,0.16842105263157892,0.02017543859649123,5,0.0,0.0,1.0,1,0,0,1,0,1.45,1.086,5.8,0.172,24,0.179,0.759,0.772,0.0,cashout_prep,0.88,further_layering,HIGH,587098.0,fake_payment_gateway,1
TRAIN-0849,1796769.8399999999,7,473285.55,82558.04,256681.4057142857,146320.49034595143,0.23001095290251916,1826.0,98.0,304.3333333333333,146.79464113742935,0,0.0,8,7,5,2,0.875,0.875,5,2,0.125,0.23809523809523808,0.02976190476190476,2,0.0,0.42857142857142855,0.5714285714285714,2,0,0,1,0,1.167,0.57,1.844,0.143,6,0.167,1.0,0.378,1654.8,distribution,0.74,external_transfer,MEDIUM,898385.0,fake_payment_gateway,1
TRAIN-0850,4211774.95,15,873321.98,63736.55,280784.9966666667,204222.8488558542,0.23394853132310894,3847.0,93.0,274.7857142857143,169.06265500896797,0,0.0,16,15,7,3,0.9375,0.9375,7,6,0.0625,0.2666666666666667,0.03095238095238096,3,0.0,0.0,1.0,1,0,0,1,0,1.5,0.727,3.11,0.267,12,0.214,0.0,0.507,0.0,layering,0.77,further_layering,MEDIUM,1403925.0,fake_payment_gateway,1
TRAIN-0851,936591.86,10,803479.39,3879.43,93659.186,249499.8470307353,0.00034899141481119564,1719240.0,6000.0,191026.66666666666,141959.76472226207,0,0.0,5,4,1,4,0.8,0.8,1,4,0.0,0.0,0.0,1,0.0,1.0,0.0,1,0,0,0,1,10.0,2.664,8.579,0.2,1,1.0,1.0,2.983,0.0,emerging,0.4,further_layering,LOW,936592.0,legitimate_business,0
TRAIN-0852,442723.79,9,364696.6,2835.95,49191.53222222222,118485.59566559218,0.00028437815975733064,1898880.0,19080.0,237360.0,271511.1331576873,0,0.0,4,3,1,3,0.75,0.75,1,3,0.0,0.0,0.0,1,0.0,1.0,0.0,1,0,0,0,1,9.0,2.409,7.414,0.222,1,1.0,1.0,2.539,0.0,emerging,0.34,further_layering,LOW,442724.0,legitimate_business,0
TRAIN-0853,554982.2,9,442857.19,7167.88,61664.688888888886,143016.01938811474,0.0002837416059774898,1903140.0,27480.0,237892.5,208186.64947932799,0,0.0,4,3,1,3,0.75,0.75,1,3,0.0,0.0,0.0,1,0.0,0.0,1.0,1,0,0,0,1,9.0,2.319,7.182,0.333,1,1.0,1.0,2.744,0.0,emerging,0.33,further_layering,LOW,554982.0,legitimate_business,0
TRAIN-0854,1027001.8500000001,12,874526.04,4008.44,85583.4875,248504.75174240768,0.0003983005841741901,1807680.0,4860.0,164334.54545454544,171525.8093911022,0,0.0,5,4,1,4,0.8,0.8,1,4,0.0,0.0,0.0,1,1.0,0.0,0.0,1,0,0,0,1,12.0,2.904,10.218,0.333,1,1.0,1.0,2.301,0.0,emerging,0.39,further_layering,LOW,1027002.0,legitimate_business,0
TRAIN-0855,955998.77,11,849113.11,4360.66,86908.9790909091,252847.24881771256,0.0003196745132229003,2064600.0,2760.0,206460.0,226927.58845058925,0,0.0,5,4,1,4,0.8,0.8,1,4,0.0,0.0,0.0,1,0.0,0.0,1.0,1,0,0,0,1,11.0,2.909,9.77,0.182,1,1.0,1.0,2.252,0.0,emerging,0.41,further_layering,LOW,955999.0,legitimate_business,0
TRAIN-0856,573108.62,15,350345.97,6620.33,38207.24133333333,86569.22397447407,0.0005160136227596409,1744140.0,3540.0,124581.42857142857,77535.45073628656,0,0.0,6,5,1,5,0.8333333333333334,0.8333333333333334,1,5,0.0,0.0,0.0,1,0.0,0.0,1.0,1,0,0,0,1,15.0,2.266,9.17,0.2,1,1.0,1.0,2.667,0.0,emerging,0.39,further_layering,LOW,573109.0,legitimate_business,0
TRAIN-0857,507061.13,14,337778.78,3725.99,36218.65214285714,87074.81611376218,0.0004641448131817127,1809780.0,1980.0,139213.84615384616,174483.00574069584,0,0.0,6,5,1,5,0.8333333333333334,0.8333333333333334,1,5,0.0,0.0,0.0,1,0.0,0.0,1.0,1,0,0,0,1,14.0,2.404,9.326,0.143,2,0.923,1.0,2.148,0.0,emerging,0.41,further_layering,LOW,507061.0,legitimate_business,0
TRAIN-0858,681438.1,11,519306.68,3575.88,61948.91818181818,151759.33389683277,0.000386073283728766,1709520.0,27480.0,170952.0,142819.74037226086,0,0.0,4,3,1,3,0.75,0.75,1,3,0.0,0.0,0.0,1,1.0,0.0,0.0,1,0,0,0,1,11.0,2.45,8.383,0.273,1,1.0,1.0,3.036,0.0,emerging,0.35,further_layering,LOW,681438.0,legitimate_business,0
TRAIN-0859,779641.3800000001,11,662496.31,2553.35,70876.4890909091,196366.28340279765,0.00038238259116348596,1726020.0,5580.0,172602.0,208520.91703232075,0,0.0,5,4,1,4,0.8,0.8,1,4,0.0,0.0,0.0,1,1.0,0.0,0.0,1,0,0,0,1,11.0,2.771,9.347,0.091,1,1.0,1.0,2.49,0.0,emerging,0.41,further_layering,LOW,779641.0,legitimate_business,0
TRAIN-0860,484324.61,9,412358.07,3225.78,53813.845555555556,134580.4076508495,0.00028631418209581984,1886040.0,3780.0,235755.0,287951.3472297509,0,0.0,4,3,1,3,0.75,0.75,1,3,0.0,0.0,0.0,1,1.0,0.0,0.0,1,0,0,0,1,9.0,2.501,7.663,0.222,1,1.0,1.0,2.603,0.0,emerging,0.34,further_layering,LOW,484325.0,legitimate_business,0
TRAIN-0861,863285.03,12,731573.47,3449.24,71940.41916666667,207804.6840018152,0.0003501809268121863,2056080.0,540.0,186916.36363636365,204272.69613302348,0,0.0,4,3,1,3,0.75,0.75,1,3,0.0,0.0,0.0,1,0.0,0.0,1.0,1,0,0,0,1,12.0,2.889,10.169,0.25,1,1.0,1.0,3.029,0.0,emerging,0.36,further_layering,LOW,863285.0,legitimate_business,0
TRAIN-0862,382467.6,10,254614.35,5098.66,38246.759999999995,76334.60080717075,0.0002867876910722992,2092140.0,17940.0,232460.0,190992.31817012955,0,0.0,5,4,1,4,0.8,0.8,1,4,0.0,0.0,0.0,1,1.0,0.0,0.0,1,0,0,0,1,10.0,1.996,6.657,0.2,1,1.0,1.0,2.961,0.0,emerging,0.37,further_layering,LOW,382468.0,legitimate_business,0
TRAIN-0863,509208.34,11,365950.27,6944.07,46291.667272727274,106140.87121063922,0.0004027386226339106,1638780.0,4260.0,163878.0,121281.90648237683,0,0.0,5,4,1,4,0.8,0.8,1,4,0.0,0.0,0.0,1,0.0,1.0,0.0,1,0,0,0,1,11.0,2.293,7.905,0.273,1,1.0,1.0,2.562,0.0,emerging,0.37,further_layering,LOW,509208.0,legitimate_business,0
TRAIN-0864,785916.1699999999,14,631013.24,3209.18,56136.86928571428,165574.40235194837,0.0004655338675888671,1804380.0,3300.0,138798.46153846153,118564.44420975975,0,0.0,6,5,1,5,0.8333333333333334,0.8333333333333334,1,5,0.0,0.0,0.0,1,0.0,1.0,0.0,1,0,0,0,1,14.0,2.949,11.241,0.214,1,1.0,1.0,2.32,0.0,emerging,0.4,further_layering,LOW,785916.0,legitimate_business,0
TRAIN-0865,873363.1000000001,13,728611.28,2409.38,67181.77692307693,198893.8532931743,0.0003628041973654834,2149920.0,8100.0,179160.0,154791.9363650328,0,0.0,6,5,1,5,0.8333333333333334,0.8333333333333334,1,5,0.0,0.0,0.0,1,1.0,0.0,0.0,1,0,0,0,1,13.0,2.961,10.845,0.154,1,1.0,1.0,2.483,0.0,emerging,0.42,further_layering,LOW,873363.0,legitimate_business,0
TRAIN-0866,806113.1299999999,13,598653.72,10910.83,62008.7023076923,161309.5062495765,0.0004099136028252507,1902840.0,4080.0,158570.0,140471.64566688766,0,0.0,6,5,1,5,0.8333333333333334,0.8333333333333334,1,5,0.0,0.0,0.0,1,0.0,1.0,0.0,1,0,0,0,1,13.0,2.601,9.654,0.308,1,1.0,1.0,2.181,0.0,emerging,0.39,further_layering,LOW,806113.0,legitimate_business,0
TRAIN-0867,874696.05,10,786451.65,3101.01,87469.60500000001,245632.11824668708,0.0003272144236117928,1833660.0,4020.0,203740.0,178752.24530058357,0,0.0,5,4,1,4,0.8,0.8,1,4,0.0,0.0,0.0,1,0.0,0.0,1.0,1,0,0,0,1,10.0,2.808,8.991,0.2,1,1.0,1.0,2.171,0.0,emerging,0.4,further_layering,LOW,874696.0,legitimate_business,0
TRAIN-0868,578541.01,7,512525.59,5014.29,82648.71571428572,189630.3137567045,0.00023179575482631874,1811940.0,9000.0,301990.0,312953.924979381,0,0.0,4,3,1,3,0.75,0.75,1,3,0.0,0.0,0.0,1,0.0,0.0,1.0,1,0,0,0,1,7.0,2.294,6.201,0.286,1,1.0,1.0,2.708,0.0,emerging,0.34,further_layering,LOW,578541.0,legitimate_business,0
TRAIN-0869,666802.94,15,437324.31,3578.34,44453.52933333333,108845.04947181512,0.0005285598505937489,1702740.0,900.0,121624.28571428571,115339.26309366214,0,0.0,6,5,1,5,0.8333333333333334,0.8333333333333334,1,5,0.0,0.0,0.0,1,1.0,0.0,0.0,1,0,0,0,1,15.0,2.449,9.838,0.267,2,0.929,1.0,2.478,0.0,emerging,0.4,further_layering,LOW,666803.0,legitimate_business,0
TRAIN-0870,313901.83,10,224496.81,2680.91,31390.183,68153.19936756651,0.00031708786504740466,1892220.0,3900.0,210246.66666666666,176599.612683607,0,0.0,5,4,1,4,0.8,0.8,1,4,0.0,0.0,0.0,1,0.0,0.0,1.0,1,0,0,0,1,10.0,2.171,7.152,0.2,1,1.0,1.0,1.829,0.0,emerging,0.37,further_layering,LOW,313902.0,legitimate_business,0
TRAIN-0871,596793.1100000001,15,386133.96,2322.82,39786.20733333334,96083.59286979049,0.0004367829479937103,2060520.0,1020.0,147180.0,119176.2294316214,0,0.0,6,5,1,5,0.8333333333333334,0.8333333333333334,1,5,0.0,0.0,0.0,1,0.0,0.0,1.0,1,0,0,0,1,15.0,2.415,9.705,0.2,1,1.0,1.0,2.469,0.0,emerging,0.39,further_layering,LOW,596793.0,legitimate_business,0
TRAIN-0872,773103.02,11,614563.29,4689.5,70282.09272727273,180626.3234827773,0.00034844309290759924,1894140.0,3060.0,189414.0,140429.63063399406,0,0.0,4,3,1,3,0.75,0.75,1,3,0.0,0.0,0.0,1,1.0,0.0,0.0,1,0,0,0,1,11.0,2.57,8.744,0.182,1,1.0,1.0,2.149,0.0,emerging,0.37,further_layering,LOW,773103.0,legitimate_business,0
TRAIN-0873,920333.75,11,788340.98,2819.05,83666.70454545454,233820.4132144478,0.00031919215367651324,2067720.0,21960.0,206772.0,215417.6832110122,0,0.0,5,4,1,4,0.8,0.8,1,4,0.0,0.0,0.0,1,0.0,1.0,0.0,1,0,0,0,1,11.0,2.795,9.422,0.273,1,1.0,1.0,2.646,0.0,emerging,0.39,further_layering,LOW,920334.0,legitimate_business,0
TRAIN-0874,762754.44,12,672120.99,2459.75,63562.869999999995,191713.65248555888,0.000365118967930384,1971960.0,2880.0,179269.0909090909,184569.59237396313,0,0.0,5,4,1,4,0.8,0.8,1,4,0.0,0.0,0.0,1,0.0,0.0,1.0,1,0,0,0,1,12.0,3.016,10.574,0.167,1,1.0,1.0,2.678,0.0,emerging,0.4,further_layering,LOW,762754.0,legitimate_business,0
TRAIN-0875,401569.64,10,283515.1,3816.51,40156.964,85654.27971814356,0.000303425675880693,1977420.0,7500.0,219713.33333333334,185877.47604268786,0,0.0,5,4,1,4,0.8,0.8,1,4,0.0,0.0,0.0,1,1.0,0.0,0.0,1,0,0,0,1,10.0,2.133,7.06,0.2,2,0.889,1.0,2.47,0.0,emerging,0.39,further_layering,LOW,401570.0,legitimate_business,0
TRAIN-0876,329741.81,8,234770.27,7492.93,41217.72625,78457.58904342375,0.00025230225810521004,1902480.0,69420.0,271782.85714285716,221230.6010866102,0,0.0,4,3,1,3,0.75,0.75,1,3,0.0,0.0,0.0,1,0.0,1.0,0.0,1,0,0,0,1,8.0,1.903,5.696,0.375,1,1.0,1.0,2.8,0.0,emerging,0.31,further_layering,LOW,329742.0,legitimate_business,0
TRAIN-0877,526060.6799999999,9,418891.86,2462.12,58451.18666666666,135343.4002619035,0.000313250495979952,1723860.0,3060.0,215482.5,272812.3209277763,0,0.0,4,3,1,3,0.75,0.75,1,3,0.0,0.0,0.0,1,0.0,1.0,0.0,1,0,0,0,1,9.0,2.315,7.167,0.111,1,1.0,1.0,1.323,0.0,emerging,0.36,further_layering,LOW,526061.0,legitimate_business,0
TRAIN-0878,614133.79,8,510496.6,7896.81,76766.72375,175339.5597026127,0.000223270352488069,2149860.0,4860.0,307122.85714285716,329089.9391612312,0,0.0,4,3,1,3,0.75,0.75,1,3,0.0,0.0,0.0,1,1.0,0.0,0.0,1,0,0,0,1,8.0,2.284,6.65,0.25,1,1.0,1.0,1.773,0.0,emerging,0.35,further_layering,LOW,614134.0,legitimate_business,0
TRAIN-0879,621031.63,10,495109.02,5667.65,62103.163,152225.61331193498,0.00030383131285510284,1974780.0,4140.0,219420.0,182246.06168584275,0,0.0,5,4,1,4,0.8,0.8,1,4,0.0,0.0,0.0,1,0.0,1.0,0.0,1,0,0,0,1,10.0,2.451,7.972,0.2,1,1.0,1.0,2.406,0.0,emerging,0.39,further_layering,LOW,621032.0,legitimate_business,0
TRAIN-0880,508206.26,15,342981.01,2899.32,33880.41733333333,85756.05678671761,0.0004171417447648711,2157540.0,180.0,154110.0,169162.83020532885,0,0.0,6,5,1,5,0.8333333333333334,0.8333333333333334,1,5,0.0,0.0,0.0,1,0.0,0.0,1.0,1,0,0,0,1,15.0,2.531,10.123,0.133,1,1.0,1.0,2.731,0.0,emerging,0.4,further_layering,LOW,508206.0,legitimate_business,0
TRAIN-0881,654670.18,8,533543.67,3206.27,81833.7725,182665.72783224974,0.00025054022736525634,1915860.0,16380.0,273694.28571428574,239132.80040297992,0,0.0,4,3,1,3,0.75,0.75,1,3,0.0,0.0,0.0,1,0.0,0.0,1.0,1,0,0,0,1,8.0,2.232,6.52,0.375,1,1.0,1.0,3.024,0.0,emerging,0.33,further_layering,LOW,654670.0,legitimate_business,0
TRAIN-0882,521064.73,14,371617.8,2288.16,37218.90928571428,96436.99477769063,0.00040957228950909836,2050920.0,900.0,157763.07692307694,164561.23760800087,0,0.0,6,5,1,5,0.8333333333333334,0.8333333333333334,1,5,0.0,0.0,0.0,1,0.0,0.0,1.0,1,0,0,0,1,14.0,2.591,9.985,0.214,2,0.923,1.0,1.939,0.0,emerging,0.4,further_layering,LOW,521065.0,legitimate_business,0
TRAIN-0883,541107.98,14,398722.19,2026.6,38650.57,103850.89668927253,0.00044289781714647265,1896600.0,1200.0,145892.3076923077,97012.28978449467,0,0.0,6,5,1,5,0.8333333333333334,0.8333333333333334,1,5,0.0,0.0,0.0,1,0.0,1.0,0.0,1,0,0,0,1,14.0,2.687,10.316,0.143,1,1.0,1.0,2.409,0.0,emerging,0.4,further_layering,LOW,541108.0,legitimate_business,0
TRAIN-0884,575689.1,15,349575.44,6193.93,38379.27333333333,86299.80954361137,0.0004948208748433067,1818840.0,1860.0,129917.14285714286,104955.19596684845,0,0.0,6,5,1,5,0.8333333333333334,0.8333333333333334,1,5,0.0,0.0,0.0,1,0.0,1.0,0.0,1,0,0,0,1,15.0,2.249,9.108,0.2,1,1.0,1.0,3.397,0.0,emerging,0.39,further_layering,LOW,575689.0,legitimate_business,0
TRAIN-0885,809165.96,14,657544.35,4354.05,57797.56857142857,172766.99222884243,0.0004277290641899117,1963860.0,1440.0,151066.15384615384,228581.83412578455,0,0.0,6,5,1,5,0.8333333333333334,0.8333333333333334,1,5,0.0,0.0,0.0,1,0.0,0.0,1.0,1,0,0,0,1,14.0,2.989,11.377,0.143,1,1.0,1.0,2.678,0.0,emerging,0.42,further_layering,LOW,809166.0,legitimate_business,0
TRAIN-0886,697451.86,11,585334.21,3394.16,63404.714545454546,173223.4376015378,0.00044419318365369084,1485840.0,960.0,148584.0,160942.84749562497,0,0.0,5,4,1,4,0.8,0.8,1,4,0.0,0.0,0.0,1,0.0,1.0,0.0,1,0,0,0,1,11.0,2.732,9.232,0.182,1,1.0,1.0,2.608,0.0,emerging,0.39,further_layering,LOW,697452.0,legitimate_business,0
TRAIN-0887,804625.55,14,612466.02,2042.23,57473.25357142858,159944.66038413034,0.00042117930204572804,1994400.0,1740.0,153415.38461538462,144287.54096221572,0,0.0,6,5,1,5,0.8333333333333334,0.8333333333333334,1,5,0.0,0.0,0.0,1,0.0,0.0,1.0,1,0,0,0,1,14.0,2.783,10.657,0.214,1,1.0,1.0,2.887,0.0,emerging,0.4,further_layering,LOW,804626.0,legitimate_business,0
TRAIN-0888,639578.77,14,466054.64,4208.1,45684.197857142855,121210.18996390085,0.0005115837170211211,1641960.0,8280.0,126304.61538461539,87683.37628606164,0,0.0,6,5,1,5,0.8333333333333334,0.8333333333333334,1,5,0.0,0.0,0.0,1,0.0,0.0,1.0,1,0,0,0,1,14.0,2.653,10.202,0.214,1,1.0,1.0,2.623,0.0,emerging,0.4,further_layering,LOW,639579.0,legitimate_business,0
TRAIN-0889,880335.1299999999,12,744038.58,5712.46,73361.26083333332,211278.45763719073,0.0003782863627766219,1903320.0,4020.0,173029.0909090909,165985.33823531194,0,0.0,5,4,1,4,0.8,0.8,1,4,0.0,0.0,0.0,1,0.0,0.0,1.0,1,0,0,0,1,12.0,2.88,10.142,0.167,1,1.0,1.0,2.296,0.0,emerging,0.41,further_layering,LOW,880335.0,legitimate_business,0
TRAIN-0890,495292.67000000004,10,406082.95,2671.03,49529.26700000001,125373.49375991004,0.00031868447050575227,1882740.0,3420.0,209193.33333333334,179092.9926044009,0,0.0,5,4,1,4,0.8,0.8,1,4,0.0,0.0,0.0,1,0.0,0.0,1.0,1,0,0,0,1,10.0,2.531,8.199,0.2,1,1.0,1.0,2.44,0.0,emerging,0.38,further_layering,LOW,495293.0,legitimate_business,0
TRAIN-0891,532727.81,7,455721.39,2823.85,76103.97285714287,167502.5816016968,0.0004851677294150263,865680.0,88920.0,144280.0,61883.043234798984,0,0.0,4,3,1,3,0.75,0.75,1,3,0.0,0.0,0.0,1,1.0,0.0,0.0,1,0,0,0,1,7.0,2.201,5.988,0.143,1,1.0,1.0,2.16,0.0,emerging,0.36,further_layering,LOW,532728.0,legitimate_business,0
TRAIN-0892,879452.51,8,799098.97,3179.46,109931.56375,278551.47674554295,0.0003069485477496835,1563780.0,13560.0,223397.14285714287,262564.2817619009,0,0.0,4,3,1,3,0.75,0.75,1,3,0.0,0.0,0.0,1,0.0,1.0,0.0,1,0,0,0,1,8.0,2.534,7.269,0.25,1,1.0,1.0,2.997,0.0,emerging,0.36,further_layering,LOW,879453.0,legitimate_business,0
TRAIN-0893,804299.77,7,725390.82,5129.32,114899.96714285715,269251.15338963276,0.00021851100358982362,1922100.0,67380.0,320350.0,232138.64434858752,0,0.0,4,3,1,3,0.75,0.75,1,3,0.0,0.0,0.0,1,0.0,1.0,0.0,1,0,0,0,1,7.0,2.343,6.313,0.143,1,1.0,1.0,3.078,0.0,emerging,0.37,further_layering,LOW,804300.0,legitimate_business,0
TRAIN-0894,541300.81,8,433375.57,3327.05,67662.60125,147909.4545693412,0.00027499914062768555,1745460.0,72000.0,249351.42857142858,198800.61296255028,0,0.0,4,3,1,3,0.75,0.75,1,3,0.0,0.0,0.0,1,0.0,1.0,0.0,1,0,0,0,1,8.0,2.186,6.405,0.25,1,1.0,1.0,2.615,0.0,emerging,0.34,further_layering,LOW,541301.0,legitimate_business,0
TRAIN-0895,263488.36,8,201520.83,2534.64,32936.045,68485.42700945633,0.0002416480396302785,1986360.0,1140.0,283765.71428571426,325028.65754971735,0,0.0,4,3,1,3,0.75,0.75,1,3,0.0,0.0,0.0,1,1.0,0.0,0.0,1,0,0,0,1,8.0,2.079,6.119,0.375,1,1.0,1.0,2.669,0.0,emerging,0.3,further_layering,LOW,263488.0,legitimate_business,0
TRAIN-0896,362644.47,12,190653.47,6418.42,30220.372499999998,50861.79175256343,0.00041095890410958907,1752000.0,6300.0,159272.72727272726,178222.45992528042,0,0.0,5,4,1,4,0.8,0.8,1,4,0.0,0.0,0.0,1,1.0,0.0,0.0,1,0,0,0,1,12.0,1.683,6.309,0.25,1,1.0,1.0,2.57,0.0,emerging,0.36,further_layering,LOW,362644.0,legitimate_business,0
TRAIN-0897,1036564.91,14,848205.92,2773.09,74040.35071428571,222925.84648128186,0.000446927374301676,1879500.0,8580.0,144576.92307692306,108030.88596821245,0,0.0,6,5,1,5,0.8333333333333334,0.8333333333333334,1,5,0.0,0.0,0.0,1,0.0,1.0,0.0,1,0,0,0,1,14.0,3.011,11.456,0.143,1,1.0,1.0,2.645,0.0,emerging,0.43,further_layering,LOW,1036565.0,legitimate_business,0
TRAIN-0898,721604.35,10,619460.64,4078.35,72160.435,192389.8175160925,0.00036193854283542653,1657740.0,1080.0,184193.33333333334,106150.89731132751,0,0.0,5,4,1,4,0.8,0.8,1,4,0.0,0.0,0.0,1,0.0,0.0,1.0,1,0,0,0,1,10.0,2.666,8.584,0.2,1,1.0,1.0,3.011,0.0,emerging,0.39,further_layering,LOW,721604.0,legitimate_business,0
TRAIN-0899,383834.88999999996,8,293618.67,7151.83,47979.361249999994,99418.76301769853,0.00025000781274414825,1919940.0,69300.0,274277.14285714284,147578.59078180295,0,0.0,4,3,1,3,0.75,0.75,1,3,0.0,0.0,0.0,1,0.0,1.0,0.0,1,0,0,0,1,8.0,2.072,6.12,0.25,1,1.0,1.0,2.997,0.0,emerging,0.33,further_layering,LOW,383835.0,legitimate_business,0
TRAIN-0900,775943.73,7,692734.02,2510.23,110849.10428571429,256725.55013492532,0.0003047585876616309,1378140.0,13260.0,229690.0,164283.59126827001,0,0.0,4,3,1,3,0.75,0.75,1,3,0.0,0.0,0.0,1,1.0,0.0,0.0,1,0,0,0,1,7.0,2.316,6.249,0.143,1,1.0,1.0,3.288,0.0,emerging,0.37,further_layering,LOW,775944.0,legitimate_business,0
TRAIN-0901,757995.99,13,589247.27,3057.17,58307.38384615385,159676.4781320095,0.000449578088255637,1734960.0,2940.0,144580.0,178060.12202215704,0,0.0,6,5,1,5,0.8333333333333334,0.8333333333333334,1,5,0.0,0.0,0.0,1,0.0,0.0,1.0,1,0,0,0,1,13.0,2.739,10.106,0.154,1,1.0,1.0,2.787,0.0,emerging,0.41,further_layering,LOW,757996.0,legitimate_business,0
TRAIN-0902,780313.87,11,656449.76,3839.25,70937.62454545454,194323.23475293827,0.0003205688640205164,2058840.0,960.0,205884.0,278957.7949439664,0,0.0,5,4,1,4,0.8,0.8,1,4,0.0,0.0,0.0,1,0.0,1.0,0.0,1,0,0,0,1,11.0,2.739,9.254,0.182,1,1.0,1.0,2.767,0.0,emerging,0.4,further_layering,LOW,780314.0,legitimate_business,0
TRAIN-0903,920450.53,12,795976.93,2241.08,76704.21083333333,226595.00222262286,0.00036484144598826425,1973460.0,1980.0,179405.45454545456,195948.49284256494,0,0.0,5,4,1,4,0.8,0.8,1,4,0.0,0.0,0.0,1,1.0,0.0,0.0,1,0,0,0,1,12.0,2.954,10.377,0.167,1,1.0,1.0,2.954,0.0,emerging,0.41,further_layering,LOW,920451.0,legitimate_business,0
TRAIN-0904,800437.97,15,635624.75,2503.83,53362.53133333333,161226.40329055584,0.0004907413465942551,1833960.0,660.0,130997.14285714286,104263.64418579038,0,0.0,5,4,1,4,0.8,0.8,1,4,0.0,0.0,0.0,1,0.0,1.0,0.0,1,0,0,0,1,15.0,3.021,11.911,0.133,1,1.0,1.0,2.52,0.0,emerging,0.41,further_layering,LOW,800438.0,legitimate_business,0
TRAIN-0905,498263.12,10,336536.82,12169.09,49826.312,100787.43860929616,0.00032956530336486175,1820580.0,3960.0,202286.66666666666,176001.63465149977,0,0.0,5,4,1,4,0.8,0.8,1,4,0.0,0.0,0.0,1,0.0,1.0,0.0,1,0,0,0,1,10.0,2.023,6.754,0.4,1,1.0,1.0,2.846,0.0,emerging,0.35,further_layering,LOW,498263.0,legitimate_business,0
TRAIN-0906,965411.5,7,869959.04,7455.07,137915.92857142858,322835.8880149209,0.00024147923278598042,1739280.0,11460.0,289880.0,237929.68541146774,0,0.0,4,3,1,3,0.75,0.75,1,3,0.0,0.0,0.0,1,1.0,0.0,0.0,1,0,0,0,1,7.0,2.341,6.308,0.143,1,1.0,1.0,1.89,0.0,emerging,0.38,further_layering,LOW,965412.0,legitimate_business,0
TRAIN-0907,934731.8699999999,14,796087.94,2869.33,66766.56214285713,210012.98756075348,0.00038570680772515633,2177820.0,6840.0,167524.61538461538,182949.68564313816,0,0.0,6,5,1,5,0.8333333333333334,0.8333333333333334,1,5,0.0,0.0,0.0,1,0.0,1.0,0.0,1,0,0,0,1,14.0,3.145,11.923,0.143,2,0.923,1.0,2.894,0.0,emerging,0.43,further_layering,LOW,934732.0,legitimate_business,0
TRAIN-0908,828186.01,13,684324.59,3785.17,63706.61615384615,186545.64720200098,0.0003607904085257549,2161920.0,21360.0,180160.0,121752.46990214502,0,0.0,6,5,1,5,0.8333333333333334,0.8333333333333334,1,5,0.0,0.0,0.0,1,1.0,0.0,0.0,1,0,0,0,1,13.0,2.928,10.742,0.231,1,1.0,1.0,2.304,0.0,emerging,0.4,further_layering,LOW,828186.0,legitimate_business,0
TRAIN-0909,1010504.33,12,868435.61,3318.2,84208.69416666667,247056.7263992703,0.0003798550219999367,1895460.0,3660.0,172314.54545454544,212759.3899391346,0,0.0,5,4,1,4,0.8,0.8,1,4,0.0,0.0,0.0,1,0.0,1.0,0.0,1,0,0,0,1,12.0,2.934,10.313,0.167,2,0.909,1.0,2.498,0.0,emerging,0.42,further_layering,LOW,1010504.0,legitimate_business,0
TRAIN-0910,645545.21,13,447954.29,4808.64,49657.32384615384,119799.0978185691,0.0003923462304581397,1988040.0,12720.0,165670.0,167156.4481121041,0,0.0,6,5,1,5,0.8333333333333334,0.8333333333333334,1,5,0.0,0.0,0.0,1,0.0,1.0,0.0,1,0,0,0,1,13.0,2.413,9.021,0.154,1,1.0,1.0,2.9,0.0,emerging,0.4,further_layering,LOW,645545.0,legitimate_business,0
TRAIN-0911,516743.49,10,395938.39,4595.57,51674.349,121167.44188434794,0.00027997088302816507,2143080.0,2220.0,238120.0,226647.70680507668,0,0.0,5,4,1,4,0.8,0.8,1,4,0.0,0.0,0.0,1,1.0,0.0,0.0,1,0,0,0,1,10.0,2.345,7.662,0.3,1,1.0,1.0,1.663,0.0,emerging,0.36,further_layering,LOW,516743.0,legitimate_business,0
TRAIN-0912,426579.07999999996,13,266444.92,4928.07,32813.77538461538,70453.265092469,0.00039465695203400123,1976400.0,12900.0,164700.0,139324.57591733575,0,0.0,6,5,1,5,0.8333333333333334,0.8333333333333334,1,5,0.0,0.0,0.0,1,1.0,0.0,0.0,1,0,0,0,1,13.0,2.147,8.12,0.231,1,1.0,1.0,1.958,0.0,emerging,0.38,further_layering,LOW,426579.0,legitimate_business,0
TRAIN-0913,1034787.46,15,851364.59,4024.64,68985.83066666666,216503.30339688263,0.00046965996618448245,1916280.0,10920.0,136877.14285714287,98511.20572172108,0,0.0,6,5,1,5,0.8333333333333334,0.8333333333333334,1,5,0.0,0.0,0.0,1,0.0,0.0,1.0,1,0,0,0,1,15.0,3.138,12.341,0.267,1,1.0,1.0,2.631,0.0,emerging,0.41,further_layering,LOW,1034787.0,legitimate_business,0
TRAIN-0914,673210.6699999999,9,576227.2,2520.3,74801.18555555555,188156.51805089752,0.00024830326104949513,2174760.0,2460.0,271845.0,260303.39106511849,0,0.0,4,3,1,3,0.75,0.75,1,3,0.0,0.0,0.0,1,1.0,0.0,0.0,1,0,0,0,1,9.0,2.515,7.703,0.111,1,1.0,1.0,2.522,0.0,emerging,0.37,further_layering,LOW,673211.0,legitimate_business,0
TRAIN-0915,956260.78,12,793956.53,2874.91,79688.39833333333,225040.7096616331,0.00036275695284159615,1984800.0,16260.0,180436.36363636365,139256.23111895047,0,0.0,5,4,1,4,0.8,0.8,1,4,0.0,0.0,0.0,1,1.0,0.0,0.0,1,0,0,0,1,12.0,2.824,9.963,0.25,1,1.0,1.0,2.697,0.0,emerging,0.4,further_layering,LOW,956261.0,legitimate_business,0
TRAIN-0916,437594.69,8,350512.17,2347.18,54699.33625,119649.32260652554,0.0002683213147744424,1788900.0,5700.0,255557.14285714287,336096.9765665006,0,0.0,4,3,1,3,0.75,0.75,1,3,0.0,0.0,0.0,1,0.0,0.0,1.0,1,0,0,0,1,8.0,2.187,6.408,0.25,1,1.0,1.0,3.423,0.0,emerging,0.33,further_layering,LOW,437595.0,legitimate_business,0
TRAIN-0917,933638.01,8,794316.85,16271.71,116704.75125,273804.94745221897,0.00025026590752674717,1917960.0,19560.0,273994.28571428574,279657.3500349516,0,0.0,4,3,1,3,0.75,0.75,1,3,0.0,0.0,0.0,1,0.0,0.0,1.0,1,0,0,0,1,8.0,2.346,6.806,0.5,1,1.0,1.0,2.669,0.0,emerging,0.33,further_layering,LOW,933638.0,legitimate_business,0
TRAIN-0918,593363.77,15,396660.02,2466.44,39557.58466666667,99068.97451758929,0.0004367956669869835,2060460.0,1140.0,147175.7142857143,141278.99689916815,0,0.0,6,5,1,5,0.8333333333333334,0.8333333333333334,1,5,0.0,0.0,0.0,1,1.0,0.0,0.0,1,0,0,0,1,15.0,2.504,10.027,0.2,1,1.0,1.0,2.138,0.0,emerging,0.39,further_layering,LOW,593364.0,legitimate_business,0
TRAIN-0919,276235.55,9,155679.35,2301.15,30692.838888888888,47289.59812608145,0.00028564174177986545,1890480.0,63840.0,236310.0,151720.19697927026,0,0.0,4,3,1,3,0.75,0.75,1,3,0.0,0.0,0.0,1,1.0,0.0,0.0,1,0,0,0,1,9.0,1.541,5.072,0.222,1,1.0,1.0,2.848,0.0,emerging,0.33,further_layering,LOW,276236.0,legitimate_business,0
TRAIN-0920,494393.28,12,348603.19,2003.63,41199.44,97032.594140147,0.000344748333716387,2088480.0,900.0,189861.81818181818,150320.0376409068,0,0.0,4,3,1,3,0.75,0.75,1,3,0.0,0.0,0.0,1,0.0,0.0,1.0,1,0,0,0,1,12.0,2.355,8.461,0.167,1,1.0,1.0,2.98,0.0,emerging,0.35,further_layering,LOW,494393.0,legitimate_business,0
TRAIN-0921,792490.31,15,603747.55,2725.93,52832.687333333335,152587.13313131034,0.00047481877749992084,1895460.0,2460.0,135390.0,133413.60160158967,0,0.0,6,5,1,5,0.8333333333333334,0.8333333333333334,1,5,0.0,0.0,0.0,1,0.0,0.0,1.0,1,0,0,0,1,15.0,2.888,11.428,0.133,1,1.0,1.0,2.44,0.0,emerging,0.42,further_layering,LOW,792490.0,legitimate_business,0
TRAIN-0922,570264.63,11,443644.2,2409.98,51842.23909090909,130150.87388230626,0.00031901626982976133,2068860.0,6780.0,206886.0,212914.85894601158,0,0.0,5,4,1,4,0.8,0.8,1,4,0.0,0.0,0.0,1,0.0,1.0,0.0,1,0,0,0,1,11.0,2.511,8.558,0.182,1,1.0,1.0,2.876,0.0,emerging,0.39,further_layering,LOW,570265.0,legitimate_business,0
TRAIN-0923,965839.0700000001,13,833544.91,2637.53,74295.31307692308,228246.62922903727,0.00047592897675269996,1638900.0,1860.0,136575.0,108367.49634293655,0,0.0,6,5,1,5,0.8333333333333334,0.8333333333333334,1,5,0.0,0.0,0.0,1,1.0,0.0,0.0,1,0,0,0,1,13.0,3.072,11.219,0.154,2,0.917,1.0,2.025,0.0,emerging,0.43,further_layering,LOW,965839.0,legitimate_business,0
TRAIN-0924,313420.70999999996,8,269789.78,3037.65,39177.588749999995,93264.80205904102,0.00027443312407807624,1749060.0,2340.0,249865.7142857143,198106.61025965645,0,0.0,4,3,1,3,0.75,0.75,1,3,0.0,0.0,0.0,1,0.0,0.0,1.0,1,0,0,0,1,8.0,2.381,6.886,0.25,1,1.0,1.0,2.387,0.0,emerging,0.33,further_layering,LOW,313421.0,legitimate_business,0
TRAIN-0925,749800.9099999999,14,600810.69,2143.11,53557.20785714285,157647.25856939697,0.0004917456972251493,1708200.0,2160.0,131400.0,103919.87009229755,0,0.0,6,5,1,5,0.8333333333333334,0.8333333333333334,1,5,0.0,0.0,0.0,1,1.0,0.0,0.0,1,0,0,0,1,14.0,2.944,11.218,0.143,1,1.0,1.0,2.269,0.0,emerging,0.41,further_layering,LOW,749801.0,legitimate_business,0
TRAIN-0926,664218.13,15,462444.94,2832.62,44281.208666666666,115959.91921767857,0.00047171294694801723,1907940.0,1320.0,136281.42857142858,114999.0160397466,0,0.0,6,5,1,5,0.8333333333333334,0.8333333333333334,1,5,0.0,0.0,0.0,1,0.0,1.0,0.0,1,0,0,0,1,15.0,2.619,10.443,0.2,1,1.0,1.0,2.825,0.0,emerging,0.4,further_layering,LOW,664218.0,legitimate_business,0
TRAIN-0927,806289.99,8,701232.5,4206.0,100786.24875,242693.13992167558,0.00023072707870677473,2080380.0,86460.0,297197.14285714284,191730.53188562026,0,0.0,4,3,1,3,0.75,0.75,1,3,0.0,0.0,0.0,1,1.0,0.0,0.0,1,0,0,0,1,8.0,2.408,6.958,0.25,1,1.0,1.0,2.8,0.0,emerging,0.36,further_layering,LOW,806290.0,legitimate_business,0
TRAIN-0928,697256.75,13,561011.64,4857.02,53635.13461538462,152523.99485884522,0.0003754837964300156,2077320.0,1200.0,173110.0,148612.34831845996,0,0.0,6,5,1,5,0.8333333333333334,0.8333333333333334,1,5,0.0,0.0,0.0,1,0.0,0.0,1.0,1,0,0,0,1,13.0,2.844,10.46,0.231,1,1.0,1.0,2.926,0.0,emerging,0.4,further_layering,LOW,697257.0,legitimate_business,0
TRAIN-0929,313047.9,7,228318.43,5899.27,44721.12857142858,81080.25484176616,0.0002096624434660197,2003220.0,72900.0,333870.0,188224.44974019713,0,0.0,4,3,1,3,0.75,0.75,1,3,0.0,0.0,0.0,1,0.0,0.0,1.0,1,0,0,0,1,7.0,1.813,5.105,0.143,1,1.0,1.0,2.507,0.0,emerging,0.34,further_layering,LOW,313048.0,legitimate_business,0
TRAIN-0930,1023694.68,11,882396.01,8074.89,93063.15272727273,261843.96298948996,0.0003461514255145069,1906680.0,660.0,190668.0,176954.065904121,0,0.0,5,4,1,4,0.8,0.8,1,4,0.0,0.0,0.0,1,0.0,1.0,0.0,1,0,0,0,1,11.0,2.814,9.482,0.182,2,0.9,1.0,2.427,0.0,emerging,0.42,further_layering,LOW,1023695.0,legitimate_business,0
TRAIN-0931,414661.17000000004,13,220556.89,8986.92,31897.013076923082,56891.482661610746,0.00039231071008238524,1988220.0,1680.0,165685.0,143071.75240544038,0,0.0,6,5,1,5,0.8333333333333334,0.8333333333333334,1,5,0.0,0.0,0.0,1,0.0,0.0,1.0,1,0,0,0,1,13.0,1.784,6.915,0.231,2,0.917,1.0,2.048,0.0,emerging,0.39,further_layering,LOW,414661.0,legitimate_business,0
TRAIN-0932,991806.6200000001,15,780027.26,2908.85,66120.44133333334,197618.35780903127,0.000488663017982799,1841760.0,3540.0,131554.2857142857,111874.59942097848,0,0.0,6,5,1,5,0.8333333333333334,0.8333333333333334,1,5,0.0,0.0,0.0,1,1.0,0.0,0.0,1,0,0,0,1,15.0,2.989,11.797,0.2,1,1.0,1.0,2.588,0.0,emerging,0.42,further_layering,LOW,991807.0,legitimate_business,0
TRAIN-0933,762833.73,9,648425.74,3791.99,84759.30333333333,211500.44278007516,0.000273839225947788,1971960.0,9300.0,246495.0,275153.06529794855,0,0.0,4,3,1,3,0.75,0.75,1,3,0.0,0.0,0.0,1,0.0,0.0,1.0,1,0,0,0,1,9.0,2.495,7.65,0.222,1,1.0,1.0,2.345,0.0,emerging,0.36,further_layering,LOW,762834.0,legitimate_business,0
TRAIN-0934,993162.15,8,885319.72,5155.05,124145.26875,307616.3514244534,0.00027592867243817474,1739580.0,6660.0,248511.42857142858,173080.76644816928,0,0.0,4,3,1,3,0.75,0.75,1,3,0.0,0.0,0.0,1,0.0,1.0,0.0,1,0,0,0,1,8.0,2.478,7.131,0.25,1,1.0,1.0,3.044,0.0,emerging,0.37,further_layering,LOW,993162.0,legitimate_business,0
TRAIN-0935,309558.72,7,247499.77,3000.7,44222.67428571428,89999.85146192258,0.00021883206202325873,1919280.0,81480.0,319880.0,229504.89145114098,0,0.0,4,3,1,3,0.75,0.75,1,3,0.0,0.0,0.0,1,0.0,1.0,0.0,1,0,0,0,1,7.0,2.035,5.597,0.286,1,1.0,1.0,2.116,0.0,emerging,0.32,further_layering,LOW,309559.0,legitimate_business,0
TRAIN-0936,353890.94999999995,13,204268.37,4711.27,27222.380769230767,53445.82278362601,0.0005017174173131102,1554660.0,3480.0,129555.0,105439.27890669415,0,0.0,6,5,1,5,0.8333333333333334,0.8333333333333334,1,5,0.0,0.0,0.0,1,1.0,0.0,0.0,1,0,0,0,1,13.0,1.963,7.504,0.231,1,1.0,1.0,2.326,0.0,emerging,0.38,further_layering,LOW,353891.0,legitimate_business,0
TRAIN-0937,426127.6,11,295017.73,3112.34,38738.87272727273,85325.95001493287,0.00040460514216353403,1631220.0,6540.0,163122.0,119181.30742696188,0,0.0,5,4,1,4,0.8,0.8,1,4,0.0,0.0,0.0,1,0.0,1.0,0.0,1,0,0,0,1,11.0,2.203,7.616,0.182,1,1.0,1.0,2.236,0.0,emerging,0.38,further_layering,LOW,426128.0,legitimate_business,0
TRAIN-0938,1107253.73,14,898584.13,3280.6,79089.55214285714,235945.02126634525,0.0004659366991712983,1802820.0,14460.0,138678.46153846153,76384.10587791959,0,0.0,6,5,1,5,0.8333333333333334,0.8333333333333334,1,5,0.0,0.0,0.0,1,0.0,0.0,1.0,1,0,0,0,1,14.0,2.983,11.362,0.286,1,1.0,1.0,2.056,0.0,emerging,0.41,further_layering,LOW,1107254.0,legitimate_business,0
TRAIN-0939,724873.98,8,649704.48,5651.5,90609.2475,225947.3545528248,0.0002428436997237653,1976580.0,5580.0,282368.5714285714,358254.62469350727,0,0.0,4,3,1,3,0.75,0.75,1,3,0.0,0.0,0.0,1,0.0,1.0,0.0,1,0,0,0,1,8.0,2.494,7.17,0.25,1,1.0,1.0,1.768,0.0,emerging,0.35,further_layering,LOW,724874.0,legitimate_business,0
TRAIN-0940,1077557.19,14,889618.52,4665.0,76968.37071428572,233972.33688392607,0.00046219874546054804,1817400.0,10920.0,139800.0,106755.36145786777,0,0.0,6,5,1,5,0.8333333333333334,0.8333333333333334,1,5,0.0,0.0,0.0,1,0.0,0.0,1.0,1,0,0,0,1,14.0,3.04,11.558,0.214,2,0.923,1.0,2.674,0.0,emerging,0.43,further_layering,LOW,1077557.0,legitimate_business,0
TRAIN-0941,404621.14,15,175412.01,6494.24,26974.74266666667,41420.706244379326,0.0004776309504855915,1884300.0,2520.0,134592.85714285713,103106.1554850199,0,0.0,6,5,1,5,0.8333333333333334,0.8333333333333334,1,5,0.0,0.0,0.0,1,0.0,1.0,0.0,1,0,0,0,1,15.0,1.536,6.503,0.267,1,1.0,1.0,2.947,0.0,emerging,0.37,further_layering,LOW,404621.0,legitimate_business,0
TRAIN-0942,374920.79,9,319407.73,2345.31,41657.86555555555,104278.06959870961,0.0002715095933389646,1988880.0,8040.0,248610.0,281176.7929867003,0,0.0,4,3,1,3,0.75,0.75,1,3,0.0,0.0,0.0,1,1.0,0.0,0.0,1,0,0,0,1,9.0,2.503,7.667,0.333,1,1.0,1.0,1.581,0.0,emerging,0.32,further_layering,LOW,374921.0,legitimate_business,0
TRAIN-0943,284328.02,12,160965.2,3986.13,23694.001666666667,43606.159432988534,0.0003305238803503553,2178360.0,600.0,198032.72727272726,217353.01631635614,0,0.0,5,4,1,4,0.8,0.8,1,4,0.0,0.0,0.0,1,0.0,0.0,1.0,1,0,0,0,1,12.0,1.84,6.793,0.25,1,1.0,1.0,2.392,0.0,emerging,0.36,further_layering,LOW,284328.0,legitimate_business,0
TRAIN-0944,860542.6799999999,11,712668.82,2151.7,78231.15272727273,210517.0500983856,0.0003498839021597379,1886340.0,10560.0,188634.0,136084.52799638908,0,0.0,5,4,1,4,0.8,0.8,1,4,0.0,0.0,0.0,1,1.0,0.0,0.0,1,0,0,0,1,11.0,2.691,9.11,0.273,1,1.0,1.0,2.453,0.0,emerging,0.39,further_layering,LOW,860543.0,legitimate_business,0
TRAIN-0945,1005127.0800000001,11,873634.53,2153.09,91375.1890909091,259549.33596059427,0.0004056944751788744,1626840.0,4920.0,162684.0,164038.2155474754,0,0.0,5,4,1,4,0.8,0.8,1,4,0.0,0.0,0.0,1,0.0,0.0,1.0,1,0,0,0,1,11.0,2.84,9.561,0.091,2,0.9,1.0,2.867,0.0,emerging,0.44,further_layering,LOW,1005127.0,legitimate_business,0
TRAIN-0946,618264.57,13,481309.85,4218.52,47558.81307692307,130459.40944509645,0.0004142238083099669,1883040.0,18360.0,156920.0,145265.42928534147,0,0.0,6,5,1,5,0.8333333333333334,0.8333333333333334,1,5,0.0,0.0,0.0,1,1.0,0.0,0.0,1,0,0,0,1,13.0,2.743,10.12,0.231,2,0.917,1.0,2.853,0.0,emerging,0.4,further_layering,LOW,618265.0,legitimate_business,0
TRAIN-0947,738002.26,10,593765.95,7773.95,73800.226,182765.31070329092,0.00033210454651124176,1806660.0,8880.0,200740.0,151540.3401738296,0,0.0,5,4,1,4,0.8,0.8,1,4,0.0,0.0,0.0,1,0.0,0.0,1.0,1,0,0,0,1,10.0,2.476,8.046,0.3,1,1.0,1.0,1.897,0.0,emerging,0.38,further_layering,LOW,738002.0,legitimate_business,0
TRAIN-0948,387799.38,10,264974.87,2818.58,38779.938,79823.93152366996,0.0002893602245435342,2073540.0,540.0,230393.33333333334,212504.35242601504,0,0.0,5,4,1,4,0.8,0.8,1,4,0.0,0.0,0.0,1,0.0,0.0,1.0,1,0,0,0,1,10.0,2.058,6.833,0.2,2,0.889,1.0,2.449,0.0,emerging,0.38,further_layering,LOW,387799.0,legitimate_business,0
TRAIN-0949,914874.3,12,738403.11,4033.61,76239.52500000001,208617.6918467164,0.00036488582114513335,1973220.0,5160.0,179383.63636363635,136012.38555901643,0,0.0,5,4,1,4,0.8,0.8,1,4,0.0,0.0,0.0,1,0.0,1.0,0.0,1,0,0,0,1,12.0,2.736,9.685,0.25,1,1.0,1.0,2.429,0.0,emerging,0.4,further_layering,LOW,914874.0,legitimate_business,0
TRAIN-0950,723931.22,15,518683.74,2410.19,48262.08133333333,130376.35572656635,0.0004968532626697582,1811400.0,2700.0,129385.71428571429,111643.11999294108,0,0.0,6,5,1,5,0.8333333333333334,0.8333333333333334,1,5,0.0,0.0,0.0,1,0.0,1.0,0.0,1,0,0,0,1,15.0,2.701,10.747,0.133,2,0.929,1.0,2.613,0.0,emerging,0.42,further_layering,LOW,723931.0,legitimate_business,0
TRAIN-0951,434891.58999999997,9,322679.88,4131.53,48321.287777777776,103019.2159175663,0.00039050635657569317,1382820.0,5640.0,172852.5,143269.77148522492,0,0.0,4,3,1,3,0.75,0.75,1,3,0.0,0.0,0.0,1,0.0,0.0,1.0,1,0,0,0,1,9.0,2.132,6.678,0.222,1,1.0,1.0,1.936,0.0,emerging,0.34,further_layering,LOW,434892.0,legitimate_business,0
TRAIN-0952,349474.48,12,227555.3,3592.61,29122.873333333333,62727.08272236198,0.0003464003233069684,2078520.0,4800.0,188956.36363636365,175947.42574261935,0,0.0,5,4,1,4,0.8,0.8,1,4,0.0,0.0,0.0,1,1.0,0.0,0.0,1,0,0,0,1,12.0,2.154,7.814,0.167,1,1.0,1.0,2.379,0.0,emerging,0.37,further_layering,LOW,349474.0,legitimate_business,0
TRAIN-0953,849702.1000000001,12,670233.03,3473.93,70808.50833333335,188850.02770061337,0.0003744032947489938,1923060.0,9480.0,174823.63636363635,163782.03437939874,0,0.0,5,4,1,4,0.8,0.8,1,4,0.0,0.0,0.0,1,0.0,1.0,0.0,1,0,0,0,1,12.0,2.667,9.465,0.25,1,1.0,1.0,3.019,0.0,emerging,0.39,further_layering,LOW,849702.0,legitimate_business,0
TRAIN-0954,419622.39,13,256328.65,4460.62,32278.645384615385,67514.55631965619,0.0004339263660335792,1797540.0,1920.0,149795.0,159700.9416776472,0,0.0,6,5,1,5,0.8333333333333334,0.8333333333333334,1,5,0.0,0.0,0.0,1,0.0,1.0,0.0,1,0,0,0,1,13.0,2.092,7.941,0.154,2,0.917,1.0,2.386,0.0,emerging,0.4,further_layering,LOW,419622.0,legitimate_business,0
TRAIN-0955,413015.63,13,269394.74,3743.66,31770.433076923076,71722.56853044461,0.00041368337311058076,1885500.0,540.0,157125.0,139840.5149056986,0,0.0,6,5,1,5,0.8333333333333334,0.8333333333333334,1,5,0.0,0.0,0.0,1,0.0,1.0,0.0,1,0,0,0,1,13.0,2.258,8.479,0.308,1,1.0,1.0,2.602,0.0,emerging,0.37,further_layering,LOW,413016.0,legitimate_business,0
TRAIN-0956,894721.1499999999,14,728551.95,2310.66,63908.653571428564,191445.52501430744,0.00040547976945578824,2071620.0,1980.0,159355.38461538462,147058.8728262361,0,0.0,6,5,1,5,0.8333333333333334,0.8333333333333334,1,5,0.0,0.0,0.0,1,0.0,0.0,1.0,1,0,0,0,1,14.0,2.996,11.4,0.214,1,1.0,1.0,2.495,0.0,emerging,0.41,further_layering,LOW,894721.0,legitimate_business,0
TRAIN-0957,1067028.1,10,897837.61,6146.48,106702.81000000001,278037.4311775516,0.0003126367785906334,1919160.0,1260.0,213240.0,142787.94907134146,0,0.0,5,4,1,4,0.8,0.8,1,4,0.0,0.0,0.0,1,0.0,0.0,1.0,1,0,0,0,1,10.0,2.606,8.414,0.3,1,1.0,1.0,2.799,0.0,emerging,0.39,further_layering,LOW,1067028.0,legitimate_business,0
TRAIN-0958,497271.57,7,397282.91,4775.14,71038.79571428572,143968.46943550772,0.00024248302618816683,1732080.0,13260.0,288680.0,301372.4175832951,0,0.0,4,3,1,3,0.75,0.75,1,3,0.0,0.0,0.0,1,0.0,1.0,0.0,1,0,0,0,1,7.0,2.027,5.592,0.286,1,1.0,1.0,3.215,0.0,emerging,0.33,further_layering,LOW,497272.0,legitimate_business,0
TRAIN-0959,1044986.77,12,897492.88,2791.83,87082.23083333333,255270.06862958072,0.00033664366268305,2138760.0,3300.0,194432.72727272726,206269.99341110713,0,0.0,5,4,1,4,0.8,0.8,1,4,0.0,0.0,0.0,1,1.0,0.0,0.0,1,0,0,0,1,12.0,2.931,10.306,0.25,1,1.0,1.0,2.301,0.0,emerging,0.4,further_layering,LOW,1044987.0,legitimate_business,0
TRAIN-0960,810842.55,10,695823.53,4540.38,81084.255,216067.19856394982,0.00031629554655870446,1896960.0,69120.0,210773.33333333334,142893.6860046657,0,0.0,5,4,1,4,0.8,0.8,1,4,0.0,0.0,0.0,1,0.0,1.0,0.0,1,0,0,0,1,10.0,2.665,8.581,0.2,1,1.0,1.0,2.936,0.0,emerging,0.4,further_layering,LOW,810843.0,legitimate_business,0
TRAIN-0961,513086.86,15,335665.81,4342.78,34205.79066666667,83678.68208380329,0.00042890229605695824,2098380.0,4860.0,149884.2857142857,184698.80465709095,0,0.0,6,5,1,5,0.8333333333333334,0.8333333333333334,1,5,0.0,0.0,0.0,1,1.0,0.0,0.0,1,0,0,0,1,15.0,2.446,9.813,0.2,1,1.0,1.0,2.619,0.0,emerging,0.39,further_layering,LOW,513087.0,legitimate_business,0
TRAIN-0962,972472.39,7,893446.11,6728.2,138924.62714285715,332757.0261655655,0.0002053448326439614,2045340.0,153780.0,340890.0,112720.99414039959,0,0.0,4,3,1,3,0.75,0.75,1,3,0.0,0.0,0.0,1,1.0,0.0,0.0,1,0,0,0,1,7.0,2.395,6.431,0.143,1,1.0,1.0,2.69,0.0,emerging,0.38,further_layering,LOW,972472.0,legitimate_business,0
TRAIN-0963,366657.98,15,177464.21,2922.57,24443.86533333333,42739.31020605234,0.0005008347245409015,1797000.0,1440.0,128357.14285714286,88098.52381794543,0,0.0,6,5,1,5,0.8333333333333334,0.8333333333333334,1,5,0.0,0.0,0.0,1,1.0,0.0,0.0,1,0,0,0,1,15.0,1.748,7.26,0.133,2,0.929,1.0,2.56,0.0,emerging,0.4,further_layering,LOW,366658.0,legitimate_business,0
TRAIN-0964,409558.43,12,259139.9,5544.01,34129.869166666664,71169.92915524932,0.0003471519078890271,2074020.0,3180.0,188547.27272727274,180606.6045908017,0,0.0,5,4,1,4,0.8,0.8,1,4,0.0,0.0,0.0,1,0.0,1.0,0.0,1,0,0,0,1,12.0,2.085,7.593,0.167,1,1.0,1.0,2.64,0.0,emerging,0.38,further_layering,LOW,409558.0,legitimate_business,0
TRAIN-0965,457744.82,14,323896.0,3918.37,32696.058571428573,84011.59004785835,0.00042375446455596583,1982280.0,1020.0,152483.07692307694,149233.72783347912,0,0.0,6,5,1,5,0.8333333333333334,0.8333333333333334,1,5,0.0,0.0,0.0,1,1.0,0.0,0.0,1,0,0,0,1,14.0,2.569,9.906,0.214,1,1.0,1.0,2.53,0.0,emerging,0.38,further_layering,LOW,457745.0,legitimate_business,0
TRAIN-0966,380425.4,13,214808.94,4815.06,29263.492307692308,56010.390751332794,0.00045305638809507216,1721640.0,2640.0,143470.0,99638.32176244422,0,0.0,6,5,1,5,0.8333333333333334,0.8333333333333334,1,5,0.0,0.0,0.0,1,0.0,1.0,0.0,1,0,0,0,1,13.0,1.914,7.341,0.231,2,0.917,1.0,2.216,0.0,emerging,0.39,further_layering,LOW,380425.0,legitimate_business,0
TRAIN-0967,289736.6,10,152671.51,5480.79,28973.659999999996,43845.62036432804,0.00038818368852140835,1545660.0,8460.0,171740.0,139516.93445600072,0,0.0,5,4,1,4,0.8,0.8,1,4,0.0,0.0,0.0,1,0.0,0.0,1.0,1,0,0,0,1,10.0,1.513,5.269,0.2,1,1.0,1.0,2.635,0.0,emerging,0.37,further_layering,LOW,289737.0,legitimate_business,0
TRAIN-0968,341488.35000000003,7,244805.17,4707.02,48784.05,86657.78258244437,0.00023376189681081983,1796700.0,1320.0,299450.0,234903.34684716605,0,0.0,4,3,1,3,0.75,0.75,1,3,0.0,0.0,0.0,1,0.0,0.0,1.0,1,0,0,0,1,7.0,1.776,5.018,0.143,1,1.0,1.0,3.039,0.0,emerging,0.35,further_layering,LOW,341488.0,legitimate_business,0
TRAIN-0969,911018.96,13,766780.71,2208.93,70078.38153846153,209463.3087011111,0.0004258664744807705,1831560.0,2880.0,152630.0,161642.73096160952,0,0.0,6,5,1,5,0.8333333333333334,0.8333333333333334,1,5,0.0,0.0,0.0,1,1.0,0.0,0.0,1,0,0,0,1,13.0,2.989,10.942,0.231,1,1.0,1.0,2.025,0.0,emerging,0.41,further_layering,LOW,911019.0,legitimate_business,0
TRAIN-0970,691075.03,14,504850.24,4868.54,49362.50214285714,131278.4717688865,0.0004031793572169105,2083440.0,600.0,160264.61538461538,143818.9246132896,0,0.0,6,5,1,5,0.8333333333333334,0.8333333333333334,1,5,0.0,0.0,0.0,1,0.0,0.0,1.0,1,0,0,0,1,14.0,2.659,10.227,0.214,1,1.0,1.0,2.563,0.0,emerging,0.4,further_layering,LOW,691075.0,legitimate_business,0
TRAIN-0971,844428.06,15,684594.67,2225.48,56295.204000000005,173947.43970743724,0.0006116706765077682,1471380.0,120.0,105098.57142857143,77644.05746314819,0,0.0,6,5,1,5,0.8333333333333334,0.8333333333333334,1,5,0.0,0.0,0.0,1,1.0,0.0,0.0,1,0,0,0,1,15.0,3.09,12.161,0.133,1,1.0,1.0,3.016,0.0,emerging,0.42,further_layering,LOW,844428.0,legitimate_business,0
TRAIN-0972,531616.3300000001,12,401428.19,2856.12,44301.36083333334,112702.66721185645,0.0004218371005729954,1706820.0,9900.0,155165.45454545456,110171.23293887897,0,0.0,5,4,1,4,0.8,0.8,1,4,0.0,0.0,0.0,1,0.0,1.0,0.0,1,0,0,0,1,12.0,2.544,9.061,0.25,1,1.0,1.0,2.674,0.0,emerging,0.37,further_layering,LOW,531616.0,legitimate_business,0
TRAIN-0973,604705.8,11,457580.81,2575.82,54973.25454545455,133760.08820431985,0.00038306170775874074,1722960.0,12240.0,172296.0,149166.22459524812,0,0.0,5,4,1,4,0.8,0.8,1,4,0.0,0.0,0.0,1,0.0,1.0,0.0,1,0,0,0,1,11.0,2.433,8.324,0.273,1,1.0,1.0,1.973,0.0,emerging,0.37,further_layering,LOW,604706.0,legitimate_business,0
TRAIN-0974,762850.49,14,631023.4,2377.56,54489.32071428571,166018.0219143772,0.0004419331418289719,1900740.0,8160.0,146210.76923076922,161760.41514441135,0,0.0,6,5,1,5,0.8333333333333334,0.8333333333333334,1,5,0.0,0.0,0.0,1,0.0,1.0,0.0,1,0,0,0,1,14.0,3.047,11.581,0.143,1,1.0,1.0,2.685,0.0,emerging,0.41,further_layering,LOW,762850.0,legitimate_business,0
TRAIN-0975,342318.33,7,250447.38,2632.12,48902.618571428575,89278.25673465748,0.00028462226559323415,1475640.0,64320.0,245940.0,259357.3994317494,0,0.0,4,3,1,3,0.75,0.75,1,3,0.0,0.0,0.0,1,1.0,0.0,0.0,1,0,0,0,1,7.0,1.826,5.121,0.286,1,1.0,1.0,2.34,0.0,emerging,0.32,further_layering,LOW,342318.0,legitimate_business,0
TRAIN-0976,358515.91000000003,10,195624.92,6642.97,35851.591,56417.792876813735,0.00028639344731792534,2095020.0,4920.0,232780.0,198604.59284719476,0,0.0,5,4,1,4,0.8,0.8,1,4,0.0,0.0,0.0,1,1.0,0.0,0.0,1,0,0,0,1,10.0,1.574,5.457,0.2,1,1.0,1.0,3.162,0.0,emerging,0.37,further_layering,LOW,358516.0,legitimate_business,0
TRAIN-0977,459586.89,11,359256.77,2792.06,41780.626363636366,105480.41430145016,0.0003508324296740448,1881240.0,10440.0,188124.0,193009.77840513678,0,0.0,5,4,1,4,0.8,0.8,1,4,0.0,0.0,0.0,1,1.0,0.0,0.0,1,0,0,0,1,11.0,2.525,8.599,0.182,1,1.0,1.0,2.809,0.0,emerging,0.38,further_layering,LOW,459587.0,legitimate_business,0
TRAIN-0978,880831.64,10,748897.75,2467.76,88083.164,232308.43048000772,0.00032984794009961407,1819020.0,6600.0,202113.33333333334,180247.05323527486,0,0.0,4,3,1,3,0.75,0.75,1,3,0.0,0.0,0.0,1,1.0,0.0,0.0,1,0,0,0,1,10.0,2.637,8.502,0.2,1,1.0,1.0,2.0,0.0,emerging,0.37,further_layering,LOW,880832.0,legitimate_business,0
TRAIN-0979,562828.2,8,463009.66,7014.18,70353.525,158709.65101302188,0.000293728888236158,1634160.0,5520.0,233451.42857142858,193973.76243782486,0,0.0,4,3,1,3,0.75,0.75,1,3,0.0,0.0,0.0,1,1.0,0.0,0.0,1,0,0,0,1,8.0,2.256,6.581,0.25,1,1.0,1.0,2.85,0.0,emerging,0.34,further_layering,LOW,562828.0,legitimate_business,0
TRAIN-0980,942223.44,10,840059.74,3467.5,94222.344,262103.21416139317,0.0003016682252858306,1988940.0,65940.0,220993.33333333334,247724.73756167345,0,0.0,5,4,1,4,0.8,0.8,1,4,0.0,0.0,0.0,1,0.0,1.0,0.0,1,0,0,0,1,10.0,2.782,8.916,0.3,1,1.0,1.0,2.201,0.0,emerging,0.39,further_layering,LOW,942223.0,legitimate_business,0
TRAIN-0981,601000.44,11,460559.94,2140.07,54636.40363636363,134913.03101695093,0.00031885906429358224,2069880.0,3840.0,206988.0,133715.69481553015,0,0.0,5,4,1,4,0.8,0.8,1,4,0.0,0.0,0.0,1,0.0,0.0,1.0,1,0,0,0,1,11.0,2.469,8.43,0.182,1,1.0,1.0,1.963,0.0,emerging,0.39,further_layering,LOW,601000.0,legitimate_business,0
TRAIN-0982,712383.72,14,508286.8,2045.46,50884.55142857142,131876.33446715705,0.00040494027130998176,2074380.0,8400.0,159567.6923076923,148910.71207012198,0,0.0,6,5,1,5,0.8333333333333334,0.8333333333333334,1,5,0.0,0.0,0.0,1,0.0,1.0,0.0,1,0,0,0,1,14.0,2.592,9.989,0.214,2,0.923,1.0,2.547,0.0,emerging,0.41,further_layering,LOW,712384.0,legitimate_business,0
TRAIN-0983,515657.69999999995,7,440654.48,3887.37,73665.3857142857,161990.03482657234,0.00020976925382079712,2002200.0,14220.0,333700.0,173782.76646434193,0,0.0,4,3,1,3,0.75,0.75,1,3,0.0,0.0,0.0,1,0.0,0.0,1.0,1,0,0,0,1,7.0,2.199,5.982,0.143,1,1.0,1.0,2.61,0.0,emerging,0.36,further_layering,LOW,515658.0,legitimate_business,0
TRAIN-0984,831875.86,13,696936.5,2290.53,63990.45076923077,190362.41146390748,0.0004294964979516321,1816080.0,16020.0,151340.0,156445.48559685692,0,0.0,6,5,1,5,0.8333333333333334,0.8333333333333334,1,5,0.0,0.0,0.0,1,0.0,0.0,1.0,1,0,0,0,1,13.0,2.975,10.891,0.154,1,1.0,1.0,2.891,0.0,emerging,0.42,further_layering,LOW,831876.0,legitimate_business,0
TRAIN-0985,465672.97,8,350783.41,6649.23,58209.12125,118325.4796490155,0.00026589556951507295,1805220.0,720.0,257888.57142857142,188910.83429566902,0,0.0,4,3,1,3,0.75,0.75,1,3,0.0,0.0,0.0,1,0.0,0.0,1.0,1,0,0,0,1,8.0,2.033,6.026,0.25,1,1.0,1.0,1.996,0.0,emerging,0.34,further_layering,LOW,465673.0,legitimate_business,0
TRAIN-0986,897304.66,13,712263.68,3649.76,69023.43538461538,193388.9620459238,0.000377852056387153,2064300.0,13680.0,172025.0,173032.3238588675,0,0.0,6,5,1,5,0.8333333333333334,0.8333333333333334,1,5,0.0,0.0,0.0,1,1.0,0.0,0.0,1,0,0,0,1,13.0,2.802,10.319,0.154,1,1.0,1.0,2.145,0.0,emerging,0.42,further_layering,LOW,897305.0,legitimate_business,0
TRAIN-0987,647956.52,11,552893.71,2390.08,58905.13818181818,163958.18400835164,0.0003202422195697109,2060940.0,1740.0,206094.0,190711.90932922883,0,0.0,5,4,1,4,0.8,0.8,1,4,0.0,0.0,0.0,1,1.0,0.0,0.0,1,0,0,0,1,11.0,2.783,9.386,0.182,2,0.9,1.0,1.779,0.0,emerging,0.4,further_layering,LOW,647957.0,legitimate_business,0
TRAIN-0988,319466.9,8,212889.09,8478.91,39933.3625,70040.10593482152,0.0002936534155562897,1634580.0,180.0,233511.42857142858,221272.81015589266,0,0.0,4,3,1,3,0.75,0.75,1,3,0.0,0.0,0.0,1,0.0,1.0,0.0,1,0,0,0,1,8.0,1.754,5.331,0.375,1,1.0,1.0,2.0,0.0,emerging,0.31,further_layering,LOW,319467.0,legitimate_business,0
TRAIN-0989,725725.4500000001,12,569478.68,4066.93,60477.12083333334,160458.03446483857,0.0003958436417615042,1818900.0,6420.0,165354.54545454544,174228.6947872615,0,0.0,5,4,1,4,0.8,0.8,1,4,0.0,0.0,0.0,1,1.0,0.0,0.0,1,0,0,0,1,12.0,2.653,9.416,0.167,1,1.0,1.0,2.48,0.0,emerging,0.4,further_layering,LOW,725725.0,legitimate_business,0
TRAIN-0990,533908.8200000001,15,311400.93,6479.39,35593.92133333334,76539.76772189024,0.00047126834019290586,1909740.0,8640.0,136410.0,95695.31867016597,0,0.0,6,5,1,5,0.8333333333333334,0.8333333333333334,1,5,0.0,0.0,0.0,1,0.0,1.0,0.0,1,0,0,0,1,15.0,2.15,8.749,0.2,2,0.929,1.0,2.434,0.0,emerging,0.4,further_layering,LOW,533909.0,legitimate_business,0
TRAIN-0991,757121.83,9,639577.61,6047.23,84124.64777777778,208409.99559466727,0.00047177229124076113,1144620.0,720.0,143077.5,103316.49539850146,0,0.0,4,3,1,3,0.75,0.75,1,3,0.0,0.0,0.0,1,0.0,0.0,1.0,1,0,0,0,1,9.0,2.477,7.603,0.333,1,1.0,1.0,3.279,0.0,emerging,0.34,further_layering,LOW,757122.0,legitimate_business,0
TRAIN-0992,425942.37,10,358869.95,3436.34,42594.237,111204.98392379194,0.00046494327692021576,1290480.0,600.0,143386.66666666666,113261.15221027905,0,0.0,5,4,1,4,0.8,0.8,1,4,0.0,0.0,0.0,1,0.0,0.0,1.0,1,0,0,0,1,10.0,2.611,8.425,0.2,1,1.0,1.0,1.506,0.0,emerging,0.37,further_layering,LOW,425942.0,legitimate_business,0
TRAIN-0993,306682.70999999996,10,171413.24,4350.54,30668.270999999997,49782.43735342938,0.00036884036588964296,1626720.0,1140.0,180746.66666666666,127237.06692626956,0,0.0,4,3,1,3,0.75,0.75,1,3,0.0,0.0,0.0,1,0.0,1.0,0.0,1,0,0,0,1,10.0,1.623,5.589,0.3,1,1.0,1.0,2.658,0.0,emerging,0.32,further_layering,LOW,306683.0,legitimate_business,0
TRAIN-0994,863703.38,11,746584.93,2217.09,78518.48909090909,221668.27535320845,0.0003643228562911933,1811580.0,1560.0,181158.0,187873.55119867192,0,0.0,5,4,1,4,0.8,0.8,1,4,0.0,0.0,0.0,1,0.0,1.0,0.0,1,0,0,0,1,11.0,2.823,9.508,0.091,2,0.9,1.0,3.027,0.0,emerging,0.43,further_layering,LOW,863703.0,legitimate_business,0
TRAIN-0995,499652.43,8,407097.54,5800.85,62456.55375,139402.822116885,0.0002761477390403866,1738200.0,89220.0,248314.2857142857,273736.98951470084,0,0.0,4,3,1,3,0.75,0.75,1,3,0.0,0.0,0.0,1,0.0,0.0,1.0,1,0,0,0,1,8.0,2.232,6.518,0.375,2,0.857,1.0,2.446,0.0,emerging,0.34,further_layering,LOW,499652.0,legitimate_business,0
TRAIN-0996,565176.5900000001,8,477801.4,2692.65,70647.07375000001,164698.80342244872,0.00027440488440694244,1749240.0,4200.0,249891.42857142858,196638.0383198676,0,0.0,4,3,1,3,0.75,0.75,1,3,0.0,0.0,0.0,1,0.0,0.0,1.0,1,0,0,0,1,8.0,2.331,6.763,0.25,1,1.0,1.0,2.777,0.0,emerging,0.34,further_layering,LOW,565177.0,legitimate_business,0
TRAIN-0997,473417.44,11,307508.82,2853.34,43037.94909090909,87929.63761627355,0.0003641660597232338,1812360.0,9180.0,181236.0,125773.65447501317,0,0.0,5,4,1,4,0.8,0.8,1,4,0.0,0.0,0.0,1,0.0,0.0,1.0,1,0,0,0,1,11.0,2.043,7.145,0.182,1,1.0,1.0,2.966,0.0,emerging,0.38,further_layering,LOW,473417.0,legitimate_business,0
TRAIN-0998,381003.27,14,241062.13,2259.33,27214.519285714287,61708.535064916694,0.0004038189737229225,2080140.0,8160.0,160010.76923076922,184884.6540621809,0,0.0,5,4,1,4,0.8,0.8,1,4,0.0,0.0,0.0,1,1.0,0.0,0.0,1,0,0,0,1,14.0,2.267,8.858,0.214,1,1.0,1.0,2.785,0.0,emerging,0.37,further_layering,LOW,381003.0,legitimate_business,0
TRAIN-0999,656608.21,15,433119.97,2453.39,43773.880666666664,107966.93556134896,0.0004338771259979174,2074320.0,360.0,148165.7142857143,177427.96508894642,0,0.0,6,5,1,5,0.8333333333333334,0.8333333333333334,1,5,0.0,0.0,0.0,1,0.0,0.0,1.0,1,0,0,0,1,15.0,2.466,9.894,0.2,2,0.929,1.0,2.532,0.0,emerging,0.41,further_layering,LOW,656608.0,legitimate_business,0
TRAIN-1000,675719.47,8,599543.96,2790.72,84464.93375,208243.80706067474,0.00039496420636879785,1215300.0,58500.0,173614.2857142857,120932.47631869376,0,0.0,4,3,1,3,0.75,0.75,1,3,0.0,0.0,0.0,1,1.0,0.0,0.0,1,0,0,0,1,8.0,2.465,7.098,0.375,1,1.0,1.0,2.866,0.0,emerging,0.33,further_layering,LOW,675719.0,legitimate_business,0
